wastage_id,outlet_id,wastage_date,waste_type,quantity_kg,estimated_cost,reason
1,1,2018-02-01,prep_waste,1.4,146.69,pre-optimisation batch sizing
2,1,2018-02-01,unsold_cooked,0.56,80.74,pre-optimisation batch sizing
3,1,2018-02-01,spoilage,0.2,27.99,pre-optimisation batch sizing
4,1,2018-02-01,returned_order,0.02,2.33,pre-optimisation batch sizing
5,1,2018-02-02,prep_waste,0.65,86.15,pre-optimisation batch sizing
6,1,2018-02-02,unsold_cooked,0.78,90.28,pre-optimisation batch sizing
7,1,2018-02-02,spoilage,0.18,19.23,pre-optimisation batch sizing
8,1,2018-02-02,returned_order,0.02,2.16,pre-optimisation batch sizing
9,1,2018-02-03,prep_waste,1.33,169.03,pre-optimisation batch sizing
10,1,2018-02-03,unsold_cooked,0.79,88.03,pre-optimisation batch sizing
11,1,2018-02-03,spoilage,0.15,21.33,pre-optimisation batch sizing
12,1,2018-02-03,returned_order,0.02,2.93,pre-optimisation batch sizing
13,1,2018-02-04,prep_waste,0.89,116.02,pre-optimisation batch sizing
14,1,2018-02-04,unsold_cooked,0.48,57.48,pre-optimisation batch sizing
15,1,2018-02-04,spoilage,0.22,27.08,pre-optimisation batch sizing
16,1,2018-02-04,returned_order,0.02,2.11,pre-optimisation batch sizing
17,1,2018-02-05,prep_waste,1.25,134.55,pre-optimisation batch sizing
18,1,2018-02-05,unsold_cooked,0.78,116.56,pre-optimisation batch sizing
19,1,2018-02-05,spoilage,0.17,22.07,pre-optimisation batch sizing
20,1,2018-02-05,returned_order,0.79,109.98,pre-optimisation batch sizing
21,1,2018-02-06,prep_waste,0.65,94.94,pre-optimisation batch sizing
22,1,2018-02-06,unsold_cooked,0.56,67.67,pre-optimisation batch sizing
23,1,2018-02-06,spoilage,0.19,29.73,pre-optimisation batch sizing
24,1,2018-02-06,returned_order,0.02,2.77,pre-optimisation batch sizing
25,1,2018-02-07,prep_waste,0.92,101.97,pre-optimisation batch sizing
26,1,2018-02-07,unsold_cooked,0.75,96.82,pre-optimisation batch sizing
27,1,2018-02-07,spoilage,0.19,24.4,pre-optimisation batch sizing
28,1,2018-02-07,returned_order,0.02,2.83,pre-optimisation batch sizing
29,1,2018-02-08,prep_waste,1.48,193.18,pre-optimisation batch sizing
30,1,2018-02-08,unsold_cooked,0.73,102.03,pre-optimisation batch sizing
31,1,2018-02-08,spoilage,0.19,20.24,pre-optimisation batch sizing
32,1,2018-02-08,returned_order,0.02,2.92,pre-optimisation batch sizing
33,1,2018-02-09,prep_waste,0.92,104.29,pre-optimisation batch sizing
34,1,2018-02-09,unsold_cooked,0.38,48.86,pre-optimisation batch sizing
35,1,2018-02-09,spoilage,0.23,26.4,pre-optimisation batch sizing
36,1,2018-02-09,returned_order,0.02,2.4,pre-optimisation batch sizing
37,1,2018-02-10,prep_waste,1.09,115.91,pre-optimisation batch sizing
38,1,2018-02-10,unsold_cooked,0.78,103.99,pre-optimisation batch sizing
39,1,2018-02-10,spoilage,0.23,33.84,pre-optimisation batch sizing
40,1,2018-02-10,returned_order,0.02,2.75,pre-optimisation batch sizing
41,1,2018-02-11,prep_waste,0.79,106.45,pre-optimisation batch sizing
42,1,2018-02-11,unsold_cooked,0.47,51.5,pre-optimisation batch sizing
43,1,2018-02-11,spoilage,0.17,24.28,pre-optimisation batch sizing
44,1,2018-02-11,returned_order,0.02,2.47,pre-optimisation batch sizing
45,1,2018-02-12,prep_waste,1.09,158.2,pre-optimisation batch sizing
46,1,2018-02-12,unsold_cooked,0.5,69.65,pre-optimisation batch sizing
47,1,2018-02-12,spoilage,0.17,23.07,pre-optimisation batch sizing
48,1,2018-02-12,returned_order,0.02,2.38,pre-optimisation batch sizing
49,1,2018-02-13,prep_waste,1.03,137.51,pre-optimisation batch sizing
50,1,2018-02-13,unsold_cooked,0.69,93.53,pre-optimisation batch sizing
51,1,2018-02-13,spoilage,0.22,29.96,pre-optimisation batch sizing
52,1,2018-02-13,returned_order,0.02,2.8,pre-optimisation batch sizing
53,1,2018-02-14,prep_waste,1.34,183.83,pre-optimisation batch sizing
54,1,2018-02-14,unsold_cooked,0.39,45.39,pre-optimisation batch sizing
55,1,2018-02-14,spoilage,0.21,30.71,pre-optimisation batch sizing
56,1,2018-02-14,returned_order,0.02,2.95,pre-optimisation batch sizing
57,1,2018-02-15,prep_waste,1.35,195.96,pre-optimisation batch sizing
58,1,2018-02-15,unsold_cooked,0.66,78.67,pre-optimisation batch sizing
59,1,2018-02-15,spoilage,0.24,31.82,pre-optimisation batch sizing
60,1,2018-02-15,returned_order,0.02,2.14,pre-optimisation batch sizing
61,1,2018-02-16,prep_waste,0.98,105.02,pre-optimisation batch sizing
62,1,2018-02-16,unsold_cooked,0.46,55.86,pre-optimisation batch sizing
63,1,2018-02-16,spoilage,0.12,13.37,pre-optimisation batch sizing
64,1,2018-02-16,returned_order,1.56,239.48,pre-optimisation batch sizing
65,1,2018-02-17,prep_waste,0.86,122.82,pre-optimisation batch sizing
66,1,2018-02-17,unsold_cooked,0.58,86.11,pre-optimisation batch sizing
67,1,2018-02-17,spoilage,0.13,14.31,pre-optimisation batch sizing
68,1,2018-02-17,returned_order,0.82,96.47,pre-optimisation batch sizing
69,1,2018-02-18,prep_waste,0.73,111.0,pre-optimisation batch sizing
70,1,2018-02-18,unsold_cooked,0.59,72.74,pre-optimisation batch sizing
71,1,2018-02-18,spoilage,0.24,26.68,pre-optimisation batch sizing
72,1,2018-02-18,returned_order,0.02,2.34,pre-optimisation batch sizing
73,1,2018-02-19,prep_waste,1.22,187.56,pre-optimisation batch sizing
74,1,2018-02-19,unsold_cooked,0.39,53.46,pre-optimisation batch sizing
75,1,2018-02-19,spoilage,0.24,36.61,pre-optimisation batch sizing
76,1,2018-02-19,returned_order,0.02,2.26,pre-optimisation batch sizing
77,1,2018-02-20,prep_waste,1.4,159.88,pre-optimisation batch sizing
78,1,2018-02-20,unsold_cooked,0.39,47.15,pre-optimisation batch sizing
79,1,2018-02-20,spoilage,0.25,32.04,pre-optimisation batch sizing
80,1,2018-02-20,returned_order,0.02,2.11,pre-optimisation batch sizing
81,1,2018-02-21,prep_waste,1.41,213.03,pre-optimisation batch sizing
82,1,2018-02-21,unsold_cooked,0.73,80.7,pre-optimisation batch sizing
83,1,2018-02-21,spoilage,0.14,18.26,pre-optimisation batch sizing
84,1,2018-02-21,returned_order,0.02,2.86,pre-optimisation batch sizing
85,1,2018-02-22,prep_waste,0.89,94.79,pre-optimisation batch sizing
86,1,2018-02-22,unsold_cooked,0.61,64.79,pre-optimisation batch sizing
87,1,2018-02-22,spoilage,0.25,30.31,pre-optimisation batch sizing
88,1,2018-02-22,returned_order,0.02,2.73,pre-optimisation batch sizing
89,1,2018-02-23,prep_waste,1.09,156.53,pre-optimisation batch sizing
90,1,2018-02-23,unsold_cooked,0.48,67.46,pre-optimisation batch sizing
91,1,2018-02-23,spoilage,0.23,28.17,pre-optimisation batch sizing
92,1,2018-02-23,returned_order,0.02,2.23,pre-optimisation batch sizing
93,1,2018-02-24,prep_waste,1.22,170.74,pre-optimisation batch sizing
94,1,2018-02-24,unsold_cooked,0.54,78.54,pre-optimisation batch sizing
95,1,2018-02-24,spoilage,0.12,15.15,pre-optimisation batch sizing
96,1,2018-02-24,returned_order,0.02,2.99,pre-optimisation batch sizing
97,1,2018-02-25,prep_waste,0.82,103.34,pre-optimisation batch sizing
98,1,2018-02-25,unsold_cooked,0.44,53.32,pre-optimisation batch sizing
99,1,2018-02-25,spoilage,0.26,32.24,pre-optimisation batch sizing
100,1,2018-02-25,returned_order,0.02,2.55,pre-optimisation batch sizing
101,1,2018-02-26,prep_waste,1.48,192.22,pre-optimisation batch sizing
102,1,2018-02-26,unsold_cooked,0.75,106.65,pre-optimisation batch sizing
103,1,2018-02-26,spoilage,0.21,22.59,pre-optimisation batch sizing
104,1,2018-02-26,returned_order,0.02,2.26,pre-optimisation batch sizing
105,1,2018-02-27,prep_waste,0.91,96.36,pre-optimisation batch sizing
106,1,2018-02-27,unsold_cooked,0.73,93.58,pre-optimisation batch sizing
107,1,2018-02-27,spoilage,0.12,12.86,pre-optimisation batch sizing
108,1,2018-02-27,returned_order,0.02,2.27,pre-optimisation batch sizing
109,1,2018-02-28,prep_waste,1.51,165.24,pre-optimisation batch sizing
110,1,2018-02-28,unsold_cooked,0.46,58.39,pre-optimisation batch sizing
111,1,2018-02-28,spoilage,0.15,19.97,pre-optimisation batch sizing
112,1,2018-02-28,returned_order,0.02,2.77,pre-optimisation batch sizing
113,1,2018-03-01,prep_waste,1.24,156.25,pre-optimisation batch sizing
114,1,2018-03-01,unsold_cooked,0.42,64.17,pre-optimisation batch sizing
115,1,2018-03-01,spoilage,0.23,24.96,pre-optimisation batch sizing
116,1,2018-03-01,returned_order,0.02,2.83,pre-optimisation batch sizing
117,1,2018-03-02,prep_waste,0.96,118.16,pre-optimisation batch sizing
118,1,2018-03-02,unsold_cooked,0.55,82.58,pre-optimisation batch sizing
119,1,2018-03-02,spoilage,0.14,18.76,pre-optimisation batch sizing
120,1,2018-03-02,returned_order,0.02,2.48,pre-optimisation batch sizing
121,1,2018-03-03,prep_waste,0.66,92.2,pre-optimisation batch sizing
122,1,2018-03-03,unsold_cooked,0.55,71.51,pre-optimisation batch sizing
123,1,2018-03-03,spoilage,0.17,21.87,pre-optimisation batch sizing
124,1,2018-03-03,returned_order,0.02,2.63,pre-optimisation batch sizing
125,1,2018-03-04,prep_waste,1.22,137.57,pre-optimisation batch sizing
126,1,2018-03-04,unsold_cooked,0.58,72.95,pre-optimisation batch sizing
127,1,2018-03-04,spoilage,0.2,24.06,pre-optimisation batch sizing
128,1,2018-03-04,returned_order,0.59,65.79,pre-optimisation batch sizing
129,1,2018-03-05,prep_waste,1.0,124.59,pre-optimisation batch sizing
130,1,2018-03-05,unsold_cooked,0.63,71.6,pre-optimisation batch sizing
131,1,2018-03-05,spoilage,0.17,21.31,pre-optimisation batch sizing
132,1,2018-03-05,returned_order,0.02,2.59,pre-optimisation batch sizing
133,1,2018-03-06,prep_waste,1.37,160.08,pre-optimisation batch sizing
134,1,2018-03-06,unsold_cooked,0.41,60.08,pre-optimisation batch sizing
135,1,2018-03-06,spoilage,0.16,17.6,pre-optimisation batch sizing
136,1,2018-03-06,returned_order,0.02,2.78,pre-optimisation batch sizing
137,1,2018-03-07,prep_waste,0.62,74.53,pre-optimisation batch sizing
138,1,2018-03-07,unsold_cooked,0.49,61.98,pre-optimisation batch sizing
139,1,2018-03-07,spoilage,0.22,30.04,pre-optimisation batch sizing
140,1,2018-03-07,returned_order,0.02,2.72,pre-optimisation batch sizing
141,1,2018-03-08,prep_waste,0.92,115.33,pre-optimisation batch sizing
142,1,2018-03-08,unsold_cooked,0.46,57.46,pre-optimisation batch sizing
143,1,2018-03-08,spoilage,0.26,35.44,pre-optimisation batch sizing
144,1,2018-03-08,returned_order,0.83,104.16,pre-optimisation batch sizing
145,1,2018-03-09,prep_waste,0.97,143.38,pre-optimisation batch sizing
146,1,2018-03-09,unsold_cooked,0.69,95.31,pre-optimisation batch sizing
147,1,2018-03-09,spoilage,0.21,31.74,pre-optimisation batch sizing
148,1,2018-03-09,returned_order,0.02,2.57,pre-optimisation batch sizing
149,1,2018-03-10,prep_waste,0.86,109.84,pre-optimisation batch sizing
150,1,2018-03-10,unsold_cooked,0.68,103.19,pre-optimisation batch sizing
151,1,2018-03-10,spoilage,0.2,28.75,pre-optimisation batch sizing
152,1,2018-03-10,returned_order,0.51,71.86,pre-optimisation batch sizing
153,1,2018-03-11,prep_waste,0.63,76.39,pre-optimisation batch sizing
154,1,2018-03-11,unsold_cooked,0.53,60.13,pre-optimisation batch sizing
155,1,2018-03-11,spoilage,0.25,30.91,pre-optimisation batch sizing
156,1,2018-03-11,returned_order,0.02,3.0,pre-optimisation batch sizing
157,1,2018-03-12,prep_waste,0.99,142.53,pre-optimisation batch sizing
158,1,2018-03-12,unsold_cooked,0.46,49.7,pre-optimisation batch sizing
159,1,2018-03-12,spoilage,0.16,17.24,pre-optimisation batch sizing
160,1,2018-03-12,returned_order,0.02,2.61,pre-optimisation batch sizing
161,1,2018-03-13,prep_waste,1.03,116.42,pre-optimisation batch sizing
162,1,2018-03-13,unsold_cooked,0.57,69.93,pre-optimisation batch sizing
163,1,2018-03-13,spoilage,0.16,17.55,pre-optimisation batch sizing
164,1,2018-03-13,returned_order,0.02,2.56,pre-optimisation batch sizing
165,1,2018-03-14,prep_waste,1.24,161.85,pre-optimisation batch sizing
166,1,2018-03-14,unsold_cooked,0.46,62.42,pre-optimisation batch sizing
167,1,2018-03-14,spoilage,0.17,18.99,pre-optimisation batch sizing
168,1,2018-03-14,returned_order,0.02,3.08,pre-optimisation batch sizing
169,1,2018-03-15,prep_waste,1.02,110.2,pre-optimisation batch sizing
170,1,2018-03-15,unsold_cooked,0.51,53.9,pre-optimisation batch sizing
171,1,2018-03-15,spoilage,0.27,32.77,pre-optimisation batch sizing
172,1,2018-03-15,returned_order,0.02,3.02,pre-optimisation batch sizing
173,1,2018-03-16,prep_waste,1.01,125.34,pre-optimisation batch sizing
174,1,2018-03-16,unsold_cooked,0.38,47.91,pre-optimisation batch sizing
175,1,2018-03-16,spoilage,0.23,34.0,pre-optimisation batch sizing
176,1,2018-03-16,returned_order,0.02,2.6,pre-optimisation batch sizing
177,1,2018-03-17,prep_waste,0.71,84.39,pre-optimisation batch sizing
178,1,2018-03-17,unsold_cooked,0.88,120.61,pre-optimisation batch sizing
179,1,2018-03-17,spoilage,0.25,36.3,pre-optimisation batch sizing
180,1,2018-03-17,returned_order,0.02,2.39,pre-optimisation batch sizing
181,1,2018-03-18,prep_waste,0.65,75.78,pre-optimisation batch sizing
182,1,2018-03-18,unsold_cooked,0.56,82.33,pre-optimisation batch sizing
183,1,2018-03-18,spoilage,0.17,21.54,pre-optimisation batch sizing
184,1,2018-03-18,returned_order,0.02,2.36,pre-optimisation batch sizing
185,1,2018-03-19,prep_waste,1.26,156.67,pre-optimisation batch sizing
186,1,2018-03-19,unsold_cooked,0.61,78.25,pre-optimisation batch sizing
187,1,2018-03-19,spoilage,0.21,22.33,pre-optimisation batch sizing
188,1,2018-03-19,returned_order,0.02,2.43,pre-optimisation batch sizing
189,1,2018-03-20,prep_waste,0.65,92.06,pre-optimisation batch sizing
190,1,2018-03-20,unsold_cooked,0.8,99.0,pre-optimisation batch sizing
191,1,2018-03-20,spoilage,0.17,19.91,pre-optimisation batch sizing
192,1,2018-03-20,returned_order,0.02,2.92,pre-optimisation batch sizing
193,1,2018-03-21,prep_waste,1.11,120.96,pre-optimisation batch sizing
194,1,2018-03-21,unsold_cooked,0.82,86.34,pre-optimisation batch sizing
195,1,2018-03-21,spoilage,0.24,29.2,pre-optimisation batch sizing
196,1,2018-03-21,returned_order,0.76,97.33,pre-optimisation batch sizing
197,1,2018-03-22,prep_waste,1.34,165.61,pre-optimisation batch sizing
198,1,2018-03-22,unsold_cooked,0.74,112.41,pre-optimisation batch sizing
199,1,2018-03-22,spoilage,0.15,17.33,pre-optimisation batch sizing
200,1,2018-03-22,returned_order,0.02,2.83,pre-optimisation batch sizing
201,1,2018-03-23,prep_waste,1.34,147.38,pre-optimisation batch sizing
202,1,2018-03-23,unsold_cooked,0.83,117.48,pre-optimisation batch sizing
203,1,2018-03-23,spoilage,0.26,34.37,pre-optimisation batch sizing
204,1,2018-03-23,returned_order,0.02,2.86,pre-optimisation batch sizing
205,1,2018-03-24,prep_waste,0.69,74.13,pre-optimisation batch sizing
206,1,2018-03-24,unsold_cooked,0.8,113.41,pre-optimisation batch sizing
207,1,2018-03-24,spoilage,0.23,28.29,pre-optimisation batch sizing
208,1,2018-03-24,returned_order,0.02,2.89,pre-optimisation batch sizing
209,1,2018-03-25,prep_waste,0.76,95.3,pre-optimisation batch sizing
210,1,2018-03-25,unsold_cooked,0.67,101.12,pre-optimisation batch sizing
211,1,2018-03-25,spoilage,0.14,20.99,pre-optimisation batch sizing
212,1,2018-03-25,returned_order,0.59,90.11,pre-optimisation batch sizing
213,1,2018-03-26,prep_waste,0.72,100.61,pre-optimisation batch sizing
214,1,2018-03-26,unsold_cooked,0.77,87.05,pre-optimisation batch sizing
215,1,2018-03-26,spoilage,0.25,28.22,pre-optimisation batch sizing
216,1,2018-03-26,returned_order,0.02,2.8,pre-optimisation batch sizing
217,1,2018-03-27,prep_waste,1.46,214.5,pre-optimisation batch sizing
218,1,2018-03-27,unsold_cooked,0.59,90.66,pre-optimisation batch sizing
219,1,2018-03-27,spoilage,0.12,16.66,pre-optimisation batch sizing
220,1,2018-03-27,returned_order,0.02,2.4,pre-optimisation batch sizing
221,1,2018-03-28,prep_waste,0.64,94.11,pre-optimisation batch sizing
222,1,2018-03-28,unsold_cooked,0.51,60.96,pre-optimisation batch sizing
223,1,2018-03-28,spoilage,0.15,22.05,pre-optimisation batch sizing
224,1,2018-03-28,returned_order,0.02,2.3,pre-optimisation batch sizing
225,1,2018-03-29,prep_waste,0.98,119.09,pre-optimisation batch sizing
226,1,2018-03-29,unsold_cooked,0.54,57.26,pre-optimisation batch sizing
227,1,2018-03-29,spoilage,0.17,17.84,pre-optimisation batch sizing
228,1,2018-03-29,returned_order,0.02,2.37,pre-optimisation batch sizing
229,1,2018-03-30,prep_waste,1.18,125.11,pre-optimisation batch sizing
230,1,2018-03-30,unsold_cooked,0.64,74.27,pre-optimisation batch sizing
231,1,2018-03-30,spoilage,0.21,31.27,pre-optimisation batch sizing
232,1,2018-03-30,returned_order,0.02,2.78,pre-optimisation batch sizing
233,1,2018-03-31,prep_waste,0.7,103.24,pre-optimisation batch sizing
234,1,2018-03-31,unsold_cooked,0.48,69.47,pre-optimisation batch sizing
235,1,2018-03-31,spoilage,0.16,20.74,pre-optimisation batch sizing
236,1,2018-03-31,returned_order,0.02,2.29,pre-optimisation batch sizing
237,1,2018-04-01,prep_waste,1.08,130.64,pre-optimisation batch sizing
238,1,2018-04-01,unsold_cooked,0.35,50.68,pre-optimisation batch sizing
239,1,2018-04-01,spoilage,0.22,32.92,pre-optimisation batch sizing
240,1,2018-04-01,returned_order,0.86,123.27,pre-optimisation batch sizing
241,1,2018-04-02,prep_waste,1.35,150.86,pre-optimisation batch sizing
242,1,2018-04-02,unsold_cooked,0.48,56.64,pre-optimisation batch sizing
243,1,2018-04-02,spoilage,0.22,31.71,pre-optimisation batch sizing
244,1,2018-04-02,returned_order,0.59,62.59,pre-optimisation batch sizing
245,1,2018-04-03,prep_waste,1.07,127.22,pre-optimisation batch sizing
246,1,2018-04-03,unsold_cooked,0.41,52.83,pre-optimisation batch sizing
247,1,2018-04-03,spoilage,0.16,21.97,pre-optimisation batch sizing
248,1,2018-04-03,returned_order,0.02,2.53,pre-optimisation batch sizing
249,1,2018-04-04,prep_waste,0.86,120.38,pre-optimisation batch sizing
250,1,2018-04-04,unsold_cooked,0.64,77.13,pre-optimisation batch sizing
251,1,2018-04-04,spoilage,0.13,15.41,pre-optimisation batch sizing
252,1,2018-04-04,returned_order,0.02,2.43,pre-optimisation batch sizing
253,1,2018-04-05,prep_waste,1.34,204.98,pre-optimisation batch sizing
254,1,2018-04-05,unsold_cooked,0.44,59.71,pre-optimisation batch sizing
255,1,2018-04-05,spoilage,0.16,24.01,pre-optimisation batch sizing
256,1,2018-04-05,returned_order,0.02,3.0,pre-optimisation batch sizing
257,1,2018-04-06,prep_waste,0.9,97.99,pre-optimisation batch sizing
258,1,2018-04-06,unsold_cooked,0.76,115.19,pre-optimisation batch sizing
259,1,2018-04-06,spoilage,0.19,26.81,pre-optimisation batch sizing
260,1,2018-04-06,returned_order,0.62,69.0,pre-optimisation batch sizing
261,1,2018-04-07,prep_waste,1.2,143.3,pre-optimisation batch sizing
262,1,2018-04-07,unsold_cooked,0.77,90.09,pre-optimisation batch sizing
263,1,2018-04-07,spoilage,0.13,17.19,pre-optimisation batch sizing
264,1,2018-04-07,returned_order,0.02,2.25,pre-optimisation batch sizing
265,1,2018-04-08,prep_waste,1.07,127.83,pre-optimisation batch sizing
266,1,2018-04-08,unsold_cooked,0.59,88.31,pre-optimisation batch sizing
267,1,2018-04-08,spoilage,0.23,28.22,pre-optimisation batch sizing
268,1,2018-04-08,returned_order,0.02,2.51,pre-optimisation batch sizing
269,1,2018-04-09,prep_waste,0.85,112.88,pre-optimisation batch sizing
270,1,2018-04-09,unsold_cooked,0.43,50.3,pre-optimisation batch sizing
271,1,2018-04-09,spoilage,0.12,15.7,pre-optimisation batch sizing
272,1,2018-04-09,returned_order,0.02,2.4,pre-optimisation batch sizing
273,1,2018-04-10,prep_waste,0.96,113.12,pre-optimisation batch sizing
274,1,2018-04-10,unsold_cooked,0.54,59.17,pre-optimisation batch sizing
275,1,2018-04-10,spoilage,0.21,32.67,pre-optimisation batch sizing
276,1,2018-04-10,returned_order,0.61,87.2,pre-optimisation batch sizing
277,1,2018-04-11,prep_waste,0.75,109.12,pre-optimisation batch sizing
278,1,2018-04-11,unsold_cooked,0.7,98.35,pre-optimisation batch sizing
279,1,2018-04-11,spoilage,0.27,29.18,pre-optimisation batch sizing
280,1,2018-04-11,returned_order,0.02,2.44,pre-optimisation batch sizing
281,1,2018-04-12,prep_waste,0.86,125.8,pre-optimisation batch sizing
282,1,2018-04-12,unsold_cooked,0.55,78.27,pre-optimisation batch sizing
283,1,2018-04-12,spoilage,0.19,23.56,pre-optimisation batch sizing
284,1,2018-04-12,returned_order,0.02,2.32,pre-optimisation batch sizing
285,1,2018-04-13,prep_waste,1.23,177.99,pre-optimisation batch sizing
286,1,2018-04-13,unsold_cooked,0.58,88.82,pre-optimisation batch sizing
287,1,2018-04-13,spoilage,0.19,24.77,pre-optimisation batch sizing
288,1,2018-04-13,returned_order,0.02,2.88,pre-optimisation batch sizing
289,1,2018-04-14,prep_waste,1.48,213.05,pre-optimisation batch sizing
290,1,2018-04-14,unsold_cooked,0.88,130.23,pre-optimisation batch sizing
291,1,2018-04-14,spoilage,0.15,16.39,pre-optimisation batch sizing
292,1,2018-04-14,returned_order,0.02,2.24,pre-optimisation batch sizing
293,1,2018-04-15,prep_waste,0.66,97.24,pre-optimisation batch sizing
294,1,2018-04-15,unsold_cooked,0.79,121.35,pre-optimisation batch sizing
295,1,2018-04-15,spoilage,0.16,24.53,pre-optimisation batch sizing
296,1,2018-04-15,returned_order,0.02,2.34,pre-optimisation batch sizing
297,1,2018-04-16,prep_waste,1.16,160.99,pre-optimisation batch sizing
298,1,2018-04-16,unsold_cooked,0.81,107.84,pre-optimisation batch sizing
299,1,2018-04-16,spoilage,0.19,29.72,pre-optimisation batch sizing
300,1,2018-04-16,returned_order,0.02,2.11,pre-optimisation batch sizing
301,1,2018-04-17,prep_waste,1.01,121.06,pre-optimisation batch sizing
302,1,2018-04-17,unsold_cooked,0.34,41.56,pre-optimisation batch sizing
303,1,2018-04-17,spoilage,0.18,20.99,pre-optimisation batch sizing
304,1,2018-04-17,returned_order,0.02,2.14,pre-optimisation batch sizing
305,1,2018-04-18,prep_waste,0.86,122.99,pre-optimisation batch sizing
306,1,2018-04-18,unsold_cooked,0.82,101.63,pre-optimisation batch sizing
307,1,2018-04-18,spoilage,0.2,20.51,pre-optimisation batch sizing
308,1,2018-04-18,returned_order,1.19,124.76,pre-optimisation batch sizing
309,1,2018-04-19,prep_waste,0.74,92.61,pre-optimisation batch sizing
310,1,2018-04-19,unsold_cooked,0.7,103.55,pre-optimisation batch sizing
311,1,2018-04-19,spoilage,0.25,33.26,pre-optimisation batch sizing
312,1,2018-04-19,returned_order,0.02,2.68,pre-optimisation batch sizing
313,1,2018-04-20,prep_waste,0.86,114.61,pre-optimisation batch sizing
314,1,2018-04-20,unsold_cooked,0.57,63.85,pre-optimisation batch sizing
315,1,2018-04-20,spoilage,0.15,17.89,pre-optimisation batch sizing
316,1,2018-04-20,returned_order,0.7,76.59,pre-optimisation batch sizing
317,1,2018-04-21,prep_waste,0.92,136.24,pre-optimisation batch sizing
318,1,2018-04-21,unsold_cooked,0.79,108.49,pre-optimisation batch sizing
319,1,2018-04-21,spoilage,0.18,22.94,pre-optimisation batch sizing
320,1,2018-04-21,returned_order,0.84,129.87,pre-optimisation batch sizing
321,1,2018-04-22,prep_waste,0.85,112.19,pre-optimisation batch sizing
322,1,2018-04-22,unsold_cooked,0.79,110.92,pre-optimisation batch sizing
323,1,2018-04-22,spoilage,0.12,17.11,pre-optimisation batch sizing
324,1,2018-04-22,returned_order,0.02,2.24,pre-optimisation batch sizing
325,1,2018-04-23,prep_waste,0.63,95.69,pre-optimisation batch sizing
326,1,2018-04-23,unsold_cooked,0.66,87.84,pre-optimisation batch sizing
327,1,2018-04-23,spoilage,0.18,24.37,pre-optimisation batch sizing
328,1,2018-04-23,returned_order,0.02,2.42,pre-optimisation batch sizing
329,1,2018-04-24,prep_waste,1.22,179.74,pre-optimisation batch sizing
330,1,2018-04-24,unsold_cooked,0.46,49.37,pre-optimisation batch sizing
331,1,2018-04-24,spoilage,0.18,18.93,pre-optimisation batch sizing
332,1,2018-04-24,returned_order,0.02,2.27,pre-optimisation batch sizing
333,1,2018-04-25,prep_waste,1.46,214.35,pre-optimisation batch sizing
334,1,2018-04-25,unsold_cooked,0.52,75.76,pre-optimisation batch sizing
335,1,2018-04-25,spoilage,0.19,26.34,pre-optimisation batch sizing
336,1,2018-04-25,returned_order,0.02,2.62,pre-optimisation batch sizing
337,1,2018-04-26,prep_waste,1.5,179.39,pre-optimisation batch sizing
338,1,2018-04-26,unsold_cooked,0.38,46.0,pre-optimisation batch sizing
339,1,2018-04-26,spoilage,0.24,30.8,pre-optimisation batch sizing
340,1,2018-04-26,returned_order,0.61,78.07,pre-optimisation batch sizing
341,1,2018-04-27,prep_waste,0.63,65.95,pre-optimisation batch sizing
342,1,2018-04-27,unsold_cooked,0.63,70.17,pre-optimisation batch sizing
343,1,2018-04-27,spoilage,0.19,28.12,pre-optimisation batch sizing
344,1,2018-04-27,returned_order,0.02,2.62,pre-optimisation batch sizing
345,1,2018-04-28,prep_waste,0.61,68.04,pre-optimisation batch sizing
346,1,2018-04-28,unsold_cooked,0.37,46.95,pre-optimisation batch sizing
347,1,2018-04-28,spoilage,0.25,33.02,pre-optimisation batch sizing
348,1,2018-04-28,returned_order,0.02,2.86,pre-optimisation batch sizing
349,1,2018-04-29,prep_waste,0.89,111.78,pre-optimisation batch sizing
350,1,2018-04-29,unsold_cooked,0.85,129.66,pre-optimisation batch sizing
351,1,2018-04-29,spoilage,0.13,16.03,pre-optimisation batch sizing
352,1,2018-04-29,returned_order,0.51,60.61,pre-optimisation batch sizing
353,1,2018-04-30,prep_waste,0.82,91.24,pre-optimisation batch sizing
354,1,2018-04-30,unsold_cooked,0.75,112.48,pre-optimisation batch sizing
355,1,2018-04-30,spoilage,0.27,33.62,pre-optimisation batch sizing
356,1,2018-04-30,returned_order,0.02,2.6,pre-optimisation batch sizing
357,1,2018-05-01,prep_waste,0.66,74.09,pre-optimisation batch sizing
358,1,2018-05-01,unsold_cooked,0.64,84.85,pre-optimisation batch sizing
359,1,2018-05-01,spoilage,0.24,35.58,pre-optimisation batch sizing
360,1,2018-05-01,returned_order,0.02,2.91,pre-optimisation batch sizing
361,1,2018-05-02,prep_waste,1.26,136.15,pre-optimisation batch sizing
362,1,2018-05-02,unsold_cooked,0.57,64.44,pre-optimisation batch sizing
363,1,2018-05-02,spoilage,0.19,28.41,pre-optimisation batch sizing
364,1,2018-05-02,returned_order,0.02,2.8,pre-optimisation batch sizing
365,1,2018-05-03,prep_waste,1.02,132.81,pre-optimisation batch sizing
366,1,2018-05-03,unsold_cooked,0.35,42.37,pre-optimisation batch sizing
367,1,2018-05-03,spoilage,0.16,19.7,pre-optimisation batch sizing
368,1,2018-05-03,returned_order,0.02,2.72,pre-optimisation batch sizing
369,1,2018-05-04,prep_waste,1.4,152.15,pre-optimisation batch sizing
370,1,2018-05-04,unsold_cooked,0.35,40.9,pre-optimisation batch sizing
371,1,2018-05-04,spoilage,0.17,23.39,pre-optimisation batch sizing
372,1,2018-05-04,returned_order,0.02,2.78,pre-optimisation batch sizing
373,1,2018-05-05,prep_waste,0.84,117.65,pre-optimisation batch sizing
374,1,2018-05-05,unsold_cooked,0.71,83.89,pre-optimisation batch sizing
375,1,2018-05-05,spoilage,0.18,28.42,pre-optimisation batch sizing
376,1,2018-05-05,returned_order,0.02,2.13,pre-optimisation batch sizing
377,1,2018-05-06,prep_waste,1.08,136.73,pre-optimisation batch sizing
378,1,2018-05-06,unsold_cooked,0.38,40.5,pre-optimisation batch sizing
379,1,2018-05-06,spoilage,0.18,25.53,pre-optimisation batch sizing
380,1,2018-05-06,returned_order,0.02,3.06,pre-optimisation batch sizing
381,1,2018-05-07,prep_waste,1.08,132.75,pre-optimisation batch sizing
382,1,2018-05-07,unsold_cooked,0.37,55.17,pre-optimisation batch sizing
383,1,2018-05-07,spoilage,0.18,24.1,pre-optimisation batch sizing
384,1,2018-05-07,returned_order,0.02,2.37,pre-optimisation batch sizing
385,1,2018-05-08,prep_waste,1.21,142.98,pre-optimisation batch sizing
386,1,2018-05-08,unsold_cooked,0.43,50.17,pre-optimisation batch sizing
387,1,2018-05-08,spoilage,0.14,15.55,pre-optimisation batch sizing
388,1,2018-05-08,returned_order,0.02,2.83,pre-optimisation batch sizing
389,1,2018-05-09,prep_waste,0.64,93.61,pre-optimisation batch sizing
390,1,2018-05-09,unsold_cooked,0.5,56.16,pre-optimisation batch sizing
391,1,2018-05-09,spoilage,0.17,26.52,pre-optimisation batch sizing
392,1,2018-05-09,returned_order,0.02,2.33,pre-optimisation batch sizing
393,1,2018-05-10,prep_waste,1.4,164.48,pre-optimisation batch sizing
394,1,2018-05-10,unsold_cooked,0.53,65.3,pre-optimisation batch sizing
395,1,2018-05-10,spoilage,0.21,24.13,pre-optimisation batch sizing
396,1,2018-05-10,returned_order,0.02,3.0,pre-optimisation batch sizing
397,1,2018-05-11,prep_waste,0.65,81.52,pre-optimisation batch sizing
398,1,2018-05-11,unsold_cooked,0.56,78.03,pre-optimisation batch sizing
399,1,2018-05-11,spoilage,0.17,22.47,pre-optimisation batch sizing
400,1,2018-05-11,returned_order,0.02,2.15,pre-optimisation batch sizing
401,1,2018-05-12,prep_waste,1.17,141.28,pre-optimisation batch sizing
402,1,2018-05-12,unsold_cooked,0.62,69.8,pre-optimisation batch sizing
403,1,2018-05-12,spoilage,0.12,18.07,pre-optimisation batch sizing
404,1,2018-05-12,returned_order,0.02,2.16,pre-optimisation batch sizing
405,1,2018-05-13,prep_waste,1.24,187.17,pre-optimisation batch sizing
406,1,2018-05-13,unsold_cooked,0.63,82.89,pre-optimisation batch sizing
407,1,2018-05-13,spoilage,0.25,29.81,pre-optimisation batch sizing
408,1,2018-05-13,returned_order,1.06,159.53,pre-optimisation batch sizing
409,1,2018-05-14,prep_waste,1.12,158.51,pre-optimisation batch sizing
410,1,2018-05-14,unsold_cooked,0.59,79.32,pre-optimisation batch sizing
411,1,2018-05-14,spoilage,0.19,28.93,pre-optimisation batch sizing
412,1,2018-05-14,returned_order,0.7,96.15,pre-optimisation batch sizing
413,1,2018-05-15,prep_waste,1.12,123.83,pre-optimisation batch sizing
414,1,2018-05-15,unsold_cooked,0.75,109.83,pre-optimisation batch sizing
415,1,2018-05-15,spoilage,0.22,32.76,pre-optimisation batch sizing
416,1,2018-05-15,returned_order,0.02,2.84,pre-optimisation batch sizing
417,1,2018-05-16,prep_waste,0.79,86.7,pre-optimisation batch sizing
418,1,2018-05-16,unsold_cooked,0.75,80.73,pre-optimisation batch sizing
419,1,2018-05-16,spoilage,0.27,31.42,pre-optimisation batch sizing
420,1,2018-05-16,returned_order,0.02,2.31,pre-optimisation batch sizing
421,1,2018-05-17,prep_waste,0.95,131.92,pre-optimisation batch sizing
422,1,2018-05-17,unsold_cooked,0.52,56.57,pre-optimisation batch sizing
423,1,2018-05-17,spoilage,0.14,20.02,pre-optimisation batch sizing
424,1,2018-05-17,returned_order,0.02,2.67,pre-optimisation batch sizing
425,1,2018-05-18,prep_waste,1.26,175.86,pre-optimisation batch sizing
426,1,2018-05-18,unsold_cooked,0.78,89.75,pre-optimisation batch sizing
427,1,2018-05-18,spoilage,0.16,24.62,pre-optimisation batch sizing
428,1,2018-05-18,returned_order,0.02,2.74,pre-optimisation batch sizing
429,1,2018-05-19,prep_waste,1.06,145.77,pre-optimisation batch sizing
430,1,2018-05-19,unsold_cooked,0.57,69.33,pre-optimisation batch sizing
431,1,2018-05-19,spoilage,0.13,13.94,pre-optimisation batch sizing
432,1,2018-05-19,returned_order,0.02,2.2,pre-optimisation batch sizing
433,1,2018-05-20,prep_waste,1.05,116.4,pre-optimisation batch sizing
434,1,2018-05-20,unsold_cooked,0.34,39.25,pre-optimisation batch sizing
435,1,2018-05-20,spoilage,0.27,40.37,pre-optimisation batch sizing
436,1,2018-05-20,returned_order,0.02,2.14,pre-optimisation batch sizing
437,1,2018-05-21,prep_waste,0.88,129.14,pre-optimisation batch sizing
438,1,2018-05-21,unsold_cooked,0.57,66.4,pre-optimisation batch sizing
439,1,2018-05-21,spoilage,0.2,27.4,pre-optimisation batch sizing
440,1,2018-05-21,returned_order,0.02,2.77,pre-optimisation batch sizing
441,1,2018-05-22,prep_waste,0.65,79.89,pre-optimisation batch sizing
442,1,2018-05-22,unsold_cooked,0.59,87.69,pre-optimisation batch sizing
443,1,2018-05-22,spoilage,0.12,17.23,pre-optimisation batch sizing
444,1,2018-05-22,returned_order,0.02,2.86,pre-optimisation batch sizing
445,1,2018-05-23,prep_waste,0.85,128.81,pre-optimisation batch sizing
446,1,2018-05-23,unsold_cooked,0.64,89.95,pre-optimisation batch sizing
447,1,2018-05-23,spoilage,0.12,15.38,pre-optimisation batch sizing
448,1,2018-05-23,returned_order,0.77,110.34,pre-optimisation batch sizing
449,1,2018-05-24,prep_waste,1.42,153.47,pre-optimisation batch sizing
450,1,2018-05-24,unsold_cooked,0.77,106.22,pre-optimisation batch sizing
451,1,2018-05-24,spoilage,0.27,38.08,pre-optimisation batch sizing
452,1,2018-05-24,returned_order,0.02,2.73,pre-optimisation batch sizing
453,1,2018-05-25,prep_waste,0.82,112.21,pre-optimisation batch sizing
454,1,2018-05-25,unsold_cooked,0.72,77.77,pre-optimisation batch sizing
455,1,2018-05-25,spoilage,0.12,17.16,pre-optimisation batch sizing
456,1,2018-05-25,returned_order,0.63,94.32,pre-optimisation batch sizing
457,1,2018-05-26,prep_waste,0.85,122.12,pre-optimisation batch sizing
458,1,2018-05-26,unsold_cooked,0.37,51.49,pre-optimisation batch sizing
459,1,2018-05-26,spoilage,0.27,28.94,pre-optimisation batch sizing
460,1,2018-05-26,returned_order,0.02,2.36,pre-optimisation batch sizing
461,1,2018-05-27,prep_waste,1.48,192.86,pre-optimisation batch sizing
462,1,2018-05-27,unsold_cooked,0.51,72.82,pre-optimisation batch sizing
463,1,2018-05-27,spoilage,0.14,16.82,pre-optimisation batch sizing
464,1,2018-05-27,returned_order,0.02,2.82,pre-optimisation batch sizing
465,1,2018-05-28,prep_waste,0.64,85.34,pre-optimisation batch sizing
466,1,2018-05-28,unsold_cooked,0.35,43.55,pre-optimisation batch sizing
467,1,2018-05-28,spoilage,0.26,30.78,pre-optimisation batch sizing
468,1,2018-05-28,returned_order,0.02,2.94,pre-optimisation batch sizing
469,1,2018-05-29,prep_waste,0.91,97.55,pre-optimisation batch sizing
470,1,2018-05-29,unsold_cooked,0.68,101.87,pre-optimisation batch sizing
471,1,2018-05-29,spoilage,0.23,29.88,pre-optimisation batch sizing
472,1,2018-05-29,returned_order,0.61,87.13,pre-optimisation batch sizing
473,1,2018-05-30,prep_waste,0.74,94.11,pre-optimisation batch sizing
474,1,2018-05-30,unsold_cooked,0.41,46.81,pre-optimisation batch sizing
475,1,2018-05-30,spoilage,0.15,20.51,pre-optimisation batch sizing
476,1,2018-05-30,returned_order,0.69,101.17,pre-optimisation batch sizing
477,1,2018-05-31,prep_waste,1.01,131.75,pre-optimisation batch sizing
478,1,2018-05-31,unsold_cooked,0.68,78.71,pre-optimisation batch sizing
479,1,2018-05-31,spoilage,0.19,20.44,pre-optimisation batch sizing
480,1,2018-05-31,returned_order,0.02,2.63,pre-optimisation batch sizing
481,1,2018-06-01,prep_waste,0.82,103.12,pre-optimisation batch sizing
482,1,2018-06-01,unsold_cooked,0.79,111.81,pre-optimisation batch sizing
483,1,2018-06-01,spoilage,0.15,21.4,pre-optimisation batch sizing
484,1,2018-06-01,returned_order,0.02,2.82,pre-optimisation batch sizing
485,1,2018-06-02,prep_waste,1.32,201.03,pre-optimisation batch sizing
486,1,2018-06-02,unsold_cooked,0.67,77.75,pre-optimisation batch sizing
487,1,2018-06-02,spoilage,0.18,24.06,pre-optimisation batch sizing
488,1,2018-06-02,returned_order,0.62,93.99,pre-optimisation batch sizing
489,1,2018-06-03,prep_waste,0.66,76.01,pre-optimisation batch sizing
490,1,2018-06-03,unsold_cooked,0.34,42.8,pre-optimisation batch sizing
491,1,2018-06-03,spoilage,0.13,14.78,pre-optimisation batch sizing
492,1,2018-06-03,returned_order,0.02,2.91,pre-optimisation batch sizing
493,1,2018-06-04,prep_waste,1.11,152.79,pre-optimisation batch sizing
494,1,2018-06-04,unsold_cooked,0.55,76.69,pre-optimisation batch sizing
495,1,2018-06-04,spoilage,0.23,24.97,pre-optimisation batch sizing
496,1,2018-06-04,returned_order,0.02,3.07,pre-optimisation batch sizing
497,1,2018-06-05,prep_waste,1.26,142.37,pre-optimisation batch sizing
498,1,2018-06-05,unsold_cooked,0.67,88.78,pre-optimisation batch sizing
499,1,2018-06-05,spoilage,0.13,18.52,pre-optimisation batch sizing
500,1,2018-06-05,returned_order,0.02,2.61,pre-optimisation batch sizing
501,1,2018-06-06,prep_waste,1.26,155.34,pre-optimisation batch sizing
502,1,2018-06-06,unsold_cooked,0.55,64.09,pre-optimisation batch sizing
503,1,2018-06-06,spoilage,0.15,22.13,pre-optimisation batch sizing
504,1,2018-06-06,returned_order,0.02,3.01,pre-optimisation batch sizing
505,1,2018-06-07,prep_waste,1.21,181.8,pre-optimisation batch sizing
506,1,2018-06-07,unsold_cooked,0.53,68.43,pre-optimisation batch sizing
507,1,2018-06-07,spoilage,0.21,27.41,pre-optimisation batch sizing
508,1,2018-06-07,returned_order,0.02,2.75,pre-optimisation batch sizing
509,1,2018-06-08,prep_waste,0.65,94.31,pre-optimisation batch sizing
510,1,2018-06-08,unsold_cooked,0.44,55.18,pre-optimisation batch sizing
511,1,2018-06-08,spoilage,0.25,34.81,pre-optimisation batch sizing
512,1,2018-06-08,returned_order,0.02,2.89,pre-optimisation batch sizing
513,1,2018-06-09,prep_waste,1.25,144.65,pre-optimisation batch sizing
514,1,2018-06-09,unsold_cooked,0.53,61.27,pre-optimisation batch sizing
515,1,2018-06-09,spoilage,0.26,38.35,pre-optimisation batch sizing
516,1,2018-06-09,returned_order,0.88,119.15,pre-optimisation batch sizing
517,1,2018-06-10,prep_waste,1.5,203.05,pre-optimisation batch sizing
518,1,2018-06-10,unsold_cooked,0.71,93.41,pre-optimisation batch sizing
519,1,2018-06-10,spoilage,0.23,31.3,pre-optimisation batch sizing
520,1,2018-06-10,returned_order,0.69,94.84,pre-optimisation batch sizing
521,1,2018-06-11,prep_waste,0.83,93.72,pre-optimisation batch sizing
522,1,2018-06-11,unsold_cooked,0.81,92.7,pre-optimisation batch sizing
523,1,2018-06-11,spoilage,0.27,31.49,pre-optimisation batch sizing
524,1,2018-06-11,returned_order,0.81,103.88,pre-optimisation batch sizing
525,1,2018-06-12,prep_waste,0.74,102.87,pre-optimisation batch sizing
526,1,2018-06-12,unsold_cooked,0.5,66.76,pre-optimisation batch sizing
527,1,2018-06-12,spoilage,0.27,35.37,pre-optimisation batch sizing
528,1,2018-06-12,returned_order,0.02,2.17,pre-optimisation batch sizing
529,1,2018-06-13,prep_waste,0.81,110.33,pre-optimisation batch sizing
530,1,2018-06-13,unsold_cooked,0.76,115.28,pre-optimisation batch sizing
531,1,2018-06-13,spoilage,0.22,27.57,pre-optimisation batch sizing
532,1,2018-06-13,returned_order,0.02,2.11,pre-optimisation batch sizing
533,1,2018-06-14,prep_waste,1.24,188.24,pre-optimisation batch sizing
534,1,2018-06-14,unsold_cooked,0.71,106.69,pre-optimisation batch sizing
535,1,2018-06-14,spoilage,0.12,12.81,pre-optimisation batch sizing
536,1,2018-06-14,returned_order,0.02,2.94,pre-optimisation batch sizing
537,1,2018-06-15,prep_waste,1.09,131.95,pre-optimisation batch sizing
538,1,2018-06-15,unsold_cooked,0.71,80.98,pre-optimisation batch sizing
539,1,2018-06-15,spoilage,0.17,23.59,pre-optimisation batch sizing
540,1,2018-06-15,returned_order,0.8,94.55,pre-optimisation batch sizing
541,1,2018-06-16,prep_waste,1.08,165.49,pre-optimisation batch sizing
542,1,2018-06-16,unsold_cooked,0.53,75.5,pre-optimisation batch sizing
543,1,2018-06-16,spoilage,0.16,19.04,pre-optimisation batch sizing
544,1,2018-06-16,returned_order,0.02,2.63,pre-optimisation batch sizing
545,1,2018-06-17,prep_waste,0.7,81.12,pre-optimisation batch sizing
546,1,2018-06-17,unsold_cooked,0.5,58.97,pre-optimisation batch sizing
547,1,2018-06-17,spoilage,0.15,21.51,pre-optimisation batch sizing
548,1,2018-06-17,returned_order,0.65,75.29,pre-optimisation batch sizing
549,1,2018-06-18,prep_waste,0.71,101.49,pre-optimisation batch sizing
550,1,2018-06-18,unsold_cooked,0.47,51.54,pre-optimisation batch sizing
551,1,2018-06-18,spoilage,0.15,15.5,pre-optimisation batch sizing
552,1,2018-06-18,returned_order,0.02,2.86,pre-optimisation batch sizing
553,1,2018-06-19,prep_waste,1.01,140.33,pre-optimisation batch sizing
554,1,2018-06-19,unsold_cooked,0.5,64.62,pre-optimisation batch sizing
555,1,2018-06-19,spoilage,0.13,15.13,pre-optimisation batch sizing
556,1,2018-06-19,returned_order,0.02,2.32,pre-optimisation batch sizing
557,1,2018-06-20,prep_waste,0.89,93.25,pre-optimisation batch sizing
558,1,2018-06-20,unsold_cooked,0.8,91.41,pre-optimisation batch sizing
559,1,2018-06-20,spoilage,0.18,24.26,pre-optimisation batch sizing
560,1,2018-06-20,returned_order,0.02,2.56,pre-optimisation batch sizing
561,1,2018-06-21,prep_waste,1.04,139.13,pre-optimisation batch sizing
562,1,2018-06-21,unsold_cooked,0.69,79.28,pre-optimisation batch sizing
563,1,2018-06-21,spoilage,0.21,28.84,pre-optimisation batch sizing
564,1,2018-06-21,returned_order,0.02,2.95,pre-optimisation batch sizing
565,1,2018-06-22,prep_waste,1.38,207.02,pre-optimisation batch sizing
566,1,2018-06-22,unsold_cooked,0.65,71.0,pre-optimisation batch sizing
567,1,2018-06-22,spoilage,0.15,20.66,pre-optimisation batch sizing
568,1,2018-06-22,returned_order,0.78,110.75,pre-optimisation batch sizing
569,1,2018-06-23,prep_waste,1.17,156.86,pre-optimisation batch sizing
570,1,2018-06-23,unsold_cooked,0.43,48.13,pre-optimisation batch sizing
571,1,2018-06-23,spoilage,0.23,30.66,pre-optimisation batch sizing
572,1,2018-06-23,returned_order,0.02,2.88,pre-optimisation batch sizing
573,1,2018-06-24,prep_waste,1.51,227.17,pre-optimisation batch sizing
574,1,2018-06-24,unsold_cooked,0.77,96.26,pre-optimisation batch sizing
575,1,2018-06-24,spoilage,0.13,18.91,pre-optimisation batch sizing
576,1,2018-06-24,returned_order,0.75,91.14,pre-optimisation batch sizing
577,1,2018-06-25,prep_waste,0.62,68.57,pre-optimisation batch sizing
578,1,2018-06-25,unsold_cooked,0.46,63.35,pre-optimisation batch sizing
579,1,2018-06-25,spoilage,0.14,18.68,pre-optimisation batch sizing
580,1,2018-06-25,returned_order,0.02,2.92,pre-optimisation batch sizing
581,1,2018-06-26,prep_waste,1.14,156.07,pre-optimisation batch sizing
582,1,2018-06-26,unsold_cooked,0.56,61.8,pre-optimisation batch sizing
583,1,2018-06-26,spoilage,0.12,15.88,pre-optimisation batch sizing
584,1,2018-06-26,returned_order,0.02,2.68,pre-optimisation batch sizing
585,1,2018-06-27,prep_waste,0.73,111.74,pre-optimisation batch sizing
586,1,2018-06-27,unsold_cooked,0.42,60.78,pre-optimisation batch sizing
587,1,2018-06-27,spoilage,0.22,30.4,pre-optimisation batch sizing
588,1,2018-06-27,returned_order,0.02,2.21,pre-optimisation batch sizing
589,1,2018-06-28,prep_waste,1.06,111.94,pre-optimisation batch sizing
590,1,2018-06-28,unsold_cooked,0.55,65.83,pre-optimisation batch sizing
591,1,2018-06-28,spoilage,0.14,17.48,pre-optimisation batch sizing
592,1,2018-06-28,returned_order,0.78,111.42,pre-optimisation batch sizing
593,1,2018-06-29,prep_waste,1.09,167.46,pre-optimisation batch sizing
594,1,2018-06-29,unsold_cooked,0.7,87.95,pre-optimisation batch sizing
595,1,2018-06-29,spoilage,0.16,19.19,pre-optimisation batch sizing
596,1,2018-06-29,returned_order,0.02,2.67,pre-optimisation batch sizing
597,1,2018-06-30,prep_waste,1.18,181.25,pre-optimisation batch sizing
598,1,2018-06-30,unsold_cooked,0.79,90.02,pre-optimisation batch sizing
599,1,2018-06-30,spoilage,0.22,23.35,pre-optimisation batch sizing
600,1,2018-06-30,returned_order,0.02,2.71,pre-optimisation batch sizing
601,1,2018-07-01,prep_waste,1.19,140.48,pre-optimisation batch sizing
602,1,2018-07-01,unsold_cooked,0.94,108.86,pre-optimisation batch sizing
603,1,2018-07-01,spoilage,0.17,18.68,pre-optimisation batch sizing
604,1,2018-07-01,returned_order,0.55,78.43,pre-optimisation batch sizing
605,1,2018-07-02,prep_waste,1.43,210.26,pre-optimisation batch sizing
606,1,2018-07-02,unsold_cooked,0.81,114.91,pre-optimisation batch sizing
607,1,2018-07-02,spoilage,0.19,20.15,pre-optimisation batch sizing
608,1,2018-07-02,returned_order,0.02,2.96,pre-optimisation batch sizing
609,1,2018-07-03,prep_waste,1.13,168.83,pre-optimisation batch sizing
610,1,2018-07-03,unsold_cooked,0.77,88.6,pre-optimisation batch sizing
611,1,2018-07-03,spoilage,0.16,18.06,pre-optimisation batch sizing
612,1,2018-07-03,returned_order,0.02,2.73,pre-optimisation batch sizing
613,1,2018-07-04,prep_waste,1.21,160.77,pre-optimisation batch sizing
614,1,2018-07-04,unsold_cooked,0.76,87.69,pre-optimisation batch sizing
615,1,2018-07-04,spoilage,0.21,23.12,pre-optimisation batch sizing
616,1,2018-07-04,returned_order,0.02,2.82,pre-optimisation batch sizing
617,1,2018-07-05,prep_waste,0.61,83.98,pre-optimisation batch sizing
618,1,2018-07-05,unsold_cooked,0.69,79.45,pre-optimisation batch sizing
619,1,2018-07-05,spoilage,0.15,22.53,pre-optimisation batch sizing
620,1,2018-07-05,returned_order,0.02,2.39,pre-optimisation batch sizing
621,1,2018-07-06,prep_waste,1.23,166.96,pre-optimisation batch sizing
622,1,2018-07-06,unsold_cooked,0.8,114.05,pre-optimisation batch sizing
623,1,2018-07-06,spoilage,0.21,29.79,pre-optimisation batch sizing
624,1,2018-07-06,returned_order,0.02,2.2,pre-optimisation batch sizing
625,1,2018-07-07,prep_waste,1.31,146.19,pre-optimisation batch sizing
626,1,2018-07-07,unsold_cooked,0.54,83.23,pre-optimisation batch sizing
627,1,2018-07-07,spoilage,0.26,31.08,pre-optimisation batch sizing
628,1,2018-07-07,returned_order,0.78,116.76,pre-optimisation batch sizing
629,1,2018-07-08,prep_waste,0.92,138.44,pre-optimisation batch sizing
630,1,2018-07-08,unsold_cooked,0.75,86.17,pre-optimisation batch sizing
631,1,2018-07-08,spoilage,0.26,38.1,pre-optimisation batch sizing
632,1,2018-07-08,returned_order,1.59,222.93,pre-optimisation batch sizing
633,1,2018-07-09,prep_waste,0.82,92.48,pre-optimisation batch sizing
634,1,2018-07-09,unsold_cooked,0.71,101.23,pre-optimisation batch sizing
635,1,2018-07-09,spoilage,0.27,41.7,pre-optimisation batch sizing
636,1,2018-07-09,returned_order,0.02,3.08,pre-optimisation batch sizing
637,1,2018-07-10,prep_waste,1.33,203.07,pre-optimisation batch sizing
638,1,2018-07-10,unsold_cooked,0.73,109.17,pre-optimisation batch sizing
639,1,2018-07-10,spoilage,0.19,23.75,pre-optimisation batch sizing
640,1,2018-07-10,returned_order,0.02,2.99,pre-optimisation batch sizing
641,1,2018-07-11,prep_waste,1.48,210.33,pre-optimisation batch sizing
642,1,2018-07-11,unsold_cooked,0.78,86.19,pre-optimisation batch sizing
643,1,2018-07-11,spoilage,0.23,28.89,pre-optimisation batch sizing
644,1,2018-07-11,returned_order,0.02,2.64,pre-optimisation batch sizing
645,1,2018-07-12,prep_waste,0.77,99.26,pre-optimisation batch sizing
646,1,2018-07-12,unsold_cooked,0.69,92.04,pre-optimisation batch sizing
647,1,2018-07-12,spoilage,0.26,30.63,pre-optimisation batch sizing
648,1,2018-07-12,returned_order,0.02,2.3,pre-optimisation batch sizing
649,1,2018-07-13,prep_waste,0.62,88.15,pre-optimisation batch sizing
650,1,2018-07-13,unsold_cooked,0.71,92.51,pre-optimisation batch sizing
651,1,2018-07-13,spoilage,0.24,25.95,pre-optimisation batch sizing
652,1,2018-07-13,returned_order,0.63,73.67,pre-optimisation batch sizing
653,1,2018-07-14,prep_waste,0.95,114.66,pre-optimisation batch sizing
654,1,2018-07-14,unsold_cooked,0.52,66.4,pre-optimisation batch sizing
655,1,2018-07-14,spoilage,0.25,30.66,pre-optimisation batch sizing
656,1,2018-07-14,returned_order,0.02,2.32,pre-optimisation batch sizing
657,1,2018-07-15,prep_waste,1.29,142.3,pre-optimisation batch sizing
658,1,2018-07-15,unsold_cooked,0.54,71.98,pre-optimisation batch sizing
659,1,2018-07-15,spoilage,0.27,31.44,pre-optimisation batch sizing
660,1,2018-07-15,returned_order,0.51,66.96,pre-optimisation batch sizing
661,1,2018-07-16,prep_waste,1.35,158.95,pre-optimisation batch sizing
662,1,2018-07-16,unsold_cooked,0.64,92.86,pre-optimisation batch sizing
663,1,2018-07-16,spoilage,0.26,34.98,pre-optimisation batch sizing
664,1,2018-07-16,returned_order,0.02,2.99,pre-optimisation batch sizing
665,1,2018-07-17,prep_waste,1.44,208.96,pre-optimisation batch sizing
666,1,2018-07-17,unsold_cooked,0.65,100.82,pre-optimisation batch sizing
667,1,2018-07-17,spoilage,0.18,20.25,pre-optimisation batch sizing
668,1,2018-07-17,returned_order,0.72,97.35,pre-optimisation batch sizing
669,1,2018-07-18,prep_waste,0.74,106.88,pre-optimisation batch sizing
670,1,2018-07-18,unsold_cooked,0.79,85.07,pre-optimisation batch sizing
671,1,2018-07-18,spoilage,0.13,17.73,pre-optimisation batch sizing
672,1,2018-07-18,returned_order,0.02,2.43,pre-optimisation batch sizing
673,1,2018-07-19,prep_waste,0.8,119.46,pre-optimisation batch sizing
674,1,2018-07-19,unsold_cooked,0.68,97.55,pre-optimisation batch sizing
675,1,2018-07-19,spoilage,0.24,34.11,pre-optimisation batch sizing
676,1,2018-07-19,returned_order,0.02,2.55,pre-optimisation batch sizing
677,1,2018-07-20,prep_waste,0.93,126.16,pre-optimisation batch sizing
678,1,2018-07-20,unsold_cooked,0.34,48.11,pre-optimisation batch sizing
679,1,2018-07-20,spoilage,0.19,19.73,pre-optimisation batch sizing
680,1,2018-07-20,returned_order,0.02,2.94,pre-optimisation batch sizing
681,1,2018-07-21,prep_waste,1.24,191.85,pre-optimisation batch sizing
682,1,2018-07-21,unsold_cooked,0.64,87.54,pre-optimisation batch sizing
683,1,2018-07-21,spoilage,0.22,33.2,pre-optimisation batch sizing
684,1,2018-07-21,returned_order,0.02,2.54,pre-optimisation batch sizing
685,1,2018-07-22,prep_waste,1.14,137.79,pre-optimisation batch sizing
686,1,2018-07-22,unsold_cooked,0.58,77.37,pre-optimisation batch sizing
687,1,2018-07-22,spoilage,0.17,20.84,pre-optimisation batch sizing
688,1,2018-07-22,returned_order,3.11,384.29,pre-optimisation batch sizing
689,1,2018-07-23,prep_waste,1.34,174.55,pre-optimisation batch sizing
690,1,2018-07-23,unsold_cooked,0.71,90.26,pre-optimisation batch sizing
691,1,2018-07-23,spoilage,0.18,20.83,pre-optimisation batch sizing
692,1,2018-07-23,returned_order,0.02,2.37,pre-optimisation batch sizing
693,1,2018-07-24,prep_waste,0.67,74.63,pre-optimisation batch sizing
694,1,2018-07-24,unsold_cooked,0.56,76.0,pre-optimisation batch sizing
695,1,2018-07-24,spoilage,0.2,23.23,pre-optimisation batch sizing
696,1,2018-07-24,returned_order,0.02,2.78,pre-optimisation batch sizing
697,1,2018-07-25,prep_waste,1.34,204.18,pre-optimisation batch sizing
698,1,2018-07-25,unsold_cooked,0.56,83.37,pre-optimisation batch sizing
699,1,2018-07-25,spoilage,0.15,20.23,pre-optimisation batch sizing
700,1,2018-07-25,returned_order,0.68,75.12,pre-optimisation batch sizing
701,1,2018-07-26,prep_waste,1.21,152.39,pre-optimisation batch sizing
702,1,2018-07-26,unsold_cooked,0.62,68.77,pre-optimisation batch sizing
703,1,2018-07-26,spoilage,0.18,21.15,pre-optimisation batch sizing
704,1,2018-07-26,returned_order,0.02,2.92,pre-optimisation batch sizing
705,1,2018-07-27,prep_waste,0.77,91.93,pre-optimisation batch sizing
706,1,2018-07-27,unsold_cooked,0.79,112.31,pre-optimisation batch sizing
707,1,2018-07-27,spoilage,0.16,19.91,pre-optimisation batch sizing
708,1,2018-07-27,returned_order,0.02,2.71,pre-optimisation batch sizing
709,1,2018-07-28,prep_waste,1.35,152.12,pre-optimisation batch sizing
710,1,2018-07-28,unsold_cooked,0.35,53.23,pre-optimisation batch sizing
711,1,2018-07-28,spoilage,0.21,29.9,pre-optimisation batch sizing
712,1,2018-07-28,returned_order,0.02,2.71,pre-optimisation batch sizing
713,1,2018-07-29,prep_waste,1.38,177.75,pre-optimisation batch sizing
714,1,2018-07-29,unsold_cooked,0.56,63.51,pre-optimisation batch sizing
715,1,2018-07-29,spoilage,0.26,28.22,pre-optimisation batch sizing
716,1,2018-07-29,returned_order,0.02,2.87,pre-optimisation batch sizing
717,1,2018-07-30,prep_waste,1.43,203.43,pre-optimisation batch sizing
718,1,2018-07-30,unsold_cooked,0.69,105.36,pre-optimisation batch sizing
719,1,2018-07-30,spoilage,0.18,24.5,pre-optimisation batch sizing
720,1,2018-07-30,returned_order,0.02,2.59,pre-optimisation batch sizing
721,1,2018-07-31,prep_waste,0.68,72.63,pre-optimisation batch sizing
722,1,2018-07-31,unsold_cooked,0.54,70.35,pre-optimisation batch sizing
723,1,2018-07-31,spoilage,0.25,30.98,pre-optimisation batch sizing
724,1,2018-07-31,returned_order,0.02,3.03,pre-optimisation batch sizing
725,1,2018-08-01,prep_waste,0.23,30.93,routine
726,1,2018-08-01,unsold_cooked,0.23,26.73,routine
727,1,2018-08-01,spoilage,0.03,4.29,routine
728,1,2018-08-01,returned_order,0.02,3.07,routine
729,1,2018-08-02,prep_waste,0.22,26.33,routine
730,1,2018-08-02,unsold_cooked,0.12,13.2,routine
731,1,2018-08-02,spoilage,0.08,9.23,routine
732,1,2018-08-02,returned_order,0.02,3.09,routine
733,1,2018-08-03,prep_waste,0.35,37.99,routine
734,1,2018-08-03,unsold_cooked,0.13,20.42,routine
735,1,2018-08-03,spoilage,0.07,8.76,routine
736,1,2018-08-03,returned_order,0.63,71.7,routine
737,1,2018-08-04,prep_waste,0.39,50.81,routine
738,1,2018-08-04,unsold_cooked,0.25,36.24,routine
739,1,2018-08-04,spoilage,0.06,9.05,routine
740,1,2018-08-04,returned_order,0.02,2.18,routine
741,1,2018-08-05,prep_waste,0.38,39.93,routine
742,1,2018-08-05,unsold_cooked,0.19,25.08,routine
743,1,2018-08-05,spoilage,0.06,8.19,routine
744,1,2018-08-05,returned_order,0.02,2.33,routine
745,1,2018-08-06,prep_waste,0.28,43.38,routine
746,1,2018-08-06,unsold_cooked,0.18,24.93,routine
747,1,2018-08-06,spoilage,0.05,6.38,routine
748,1,2018-08-06,returned_order,0.02,2.77,routine
749,1,2018-08-07,prep_waste,0.3,36.15,routine
750,1,2018-08-07,unsold_cooked,0.19,28.92,routine
751,1,2018-08-07,spoilage,0.07,9.92,routine
752,1,2018-08-07,returned_order,0.02,2.1,routine
753,1,2018-08-08,prep_waste,0.39,43.59,routine
754,1,2018-08-08,unsold_cooked,0.19,26.21,routine
755,1,2018-08-08,spoilage,0.08,11.3,routine
756,1,2018-08-08,returned_order,0.02,2.22,routine
757,1,2018-08-09,prep_waste,0.42,45.17,routine
758,1,2018-08-09,unsold_cooked,0.14,17.42,routine
759,1,2018-08-09,spoilage,0.08,12.17,routine
760,1,2018-08-09,returned_order,0.02,2.29,routine
761,1,2018-08-10,prep_waste,0.36,44.52,routine
762,1,2018-08-10,unsold_cooked,0.15,22.04,routine
763,1,2018-08-10,spoilage,0.04,5.26,routine
764,1,2018-08-10,returned_order,0.02,2.17,routine
765,1,2018-08-11,prep_waste,0.4,57.09,routine
766,1,2018-08-11,unsold_cooked,0.27,41.2,routine
767,1,2018-08-11,spoilage,0.04,4.83,routine
768,1,2018-08-11,returned_order,0.02,3.07,routine
769,1,2018-08-12,prep_waste,0.42,61.76,routine
770,1,2018-08-12,unsold_cooked,0.24,29.3,routine
771,1,2018-08-12,spoilage,0.05,6.36,routine
772,1,2018-08-12,returned_order,0.65,92.43,routine
773,1,2018-08-13,prep_waste,0.37,56.75,routine
774,1,2018-08-13,unsold_cooked,0.24,26.82,routine
775,1,2018-08-13,spoilage,0.08,11.37,routine
776,1,2018-08-13,returned_order,0.59,69.87,routine
777,1,2018-08-14,prep_waste,0.35,43.03,routine
778,1,2018-08-14,unsold_cooked,0.2,22.51,routine
779,1,2018-08-14,spoilage,0.08,11.2,routine
780,1,2018-08-14,returned_order,0.02,2.46,routine
781,1,2018-08-15,prep_waste,0.26,30.33,routine
782,1,2018-08-15,unsold_cooked,0.1,13.09,routine
783,1,2018-08-15,spoilage,0.05,6.8,routine
784,1,2018-08-15,returned_order,0.02,2.57,routine
785,1,2018-08-16,prep_waste,0.42,62.73,routine
786,1,2018-08-16,unsold_cooked,0.18,21.14,routine
787,1,2018-08-16,spoilage,0.04,5.33,routine
788,1,2018-08-16,returned_order,0.02,2.24,routine
789,1,2018-08-17,prep_waste,0.37,54.4,routine
790,1,2018-08-17,unsold_cooked,0.17,19.26,routine
791,1,2018-08-17,spoilage,0.06,6.85,routine
792,1,2018-08-17,returned_order,0.02,2.38,routine
793,1,2018-08-18,prep_waste,0.31,46.07,routine
794,1,2018-08-18,unsold_cooked,0.23,30.5,routine
795,1,2018-08-18,spoilage,0.08,9.0,routine
796,1,2018-08-18,returned_order,1.96,266.43,routine
797,1,2018-08-19,prep_waste,0.29,44.38,routine
798,1,2018-08-19,unsold_cooked,0.2,26.57,routine
799,1,2018-08-19,spoilage,0.07,8.23,routine
800,1,2018-08-19,returned_order,0.02,2.18,routine
801,1,2018-08-20,prep_waste,0.33,38.16,routine
802,1,2018-08-20,unsold_cooked,0.2,30.71,routine
803,1,2018-08-20,spoilage,0.05,8.31,routine
804,1,2018-08-20,returned_order,0.02,2.37,routine
805,1,2018-08-21,prep_waste,0.39,41.41,routine
806,1,2018-08-21,unsold_cooked,0.1,14.31,routine
807,1,2018-08-21,spoilage,0.05,5.36,routine
808,1,2018-08-21,returned_order,0.02,2.61,routine
809,1,2018-08-22,prep_waste,0.42,48.35,routine
810,1,2018-08-22,unsold_cooked,0.16,24.78,routine
811,1,2018-08-22,spoilage,0.04,4.69,routine
812,1,2018-08-22,returned_order,0.02,2.85,routine
813,1,2018-08-23,prep_waste,0.2,24.48,routine
814,1,2018-08-23,unsold_cooked,0.17,19.22,routine
815,1,2018-08-23,spoilage,0.05,6.53,routine
816,1,2018-08-23,returned_order,0.02,2.37,routine
817,1,2018-08-24,prep_waste,0.27,36.07,routine
818,1,2018-08-24,unsold_cooked,0.2,22.33,routine
819,1,2018-08-24,spoilage,0.06,9.15,routine
820,1,2018-08-24,returned_order,0.02,2.53,routine
821,1,2018-08-25,prep_waste,0.3,32.11,routine
822,1,2018-08-25,unsold_cooked,0.14,18.53,routine
823,1,2018-08-25,spoilage,0.06,7.54,routine
824,1,2018-08-25,returned_order,0.02,2.25,routine
825,1,2018-08-26,prep_waste,0.38,48.9,routine
826,1,2018-08-26,unsold_cooked,0.12,14.0,routine
827,1,2018-08-26,spoilage,0.07,8.36,routine
828,1,2018-08-26,returned_order,0.02,2.49,routine
829,1,2018-08-27,prep_waste,0.33,40.22,routine
830,1,2018-08-27,unsold_cooked,0.17,25.47,routine
831,1,2018-08-27,spoilage,0.05,6.98,routine
832,1,2018-08-27,returned_order,0.02,2.78,routine
833,1,2018-08-28,prep_waste,0.43,59.91,routine
834,1,2018-08-28,unsold_cooked,0.2,20.98,routine
835,1,2018-08-28,spoilage,0.07,9.15,routine
836,1,2018-08-28,returned_order,0.02,2.85,routine
837,1,2018-08-29,prep_waste,0.32,44.25,routine
838,1,2018-08-29,unsold_cooked,0.23,35.48,routine
839,1,2018-08-29,spoilage,0.07,9.64,routine
840,1,2018-08-29,returned_order,0.02,2.86,routine
841,1,2018-08-30,prep_waste,0.28,33.75,routine
842,1,2018-08-30,unsold_cooked,0.24,29.4,routine
843,1,2018-08-30,spoilage,0.07,9.01,routine
844,1,2018-08-30,returned_order,0.69,90.23,routine
845,1,2018-08-31,prep_waste,0.32,46.14,routine
846,1,2018-08-31,unsold_cooked,0.14,18.65,routine
847,1,2018-08-31,spoilage,0.05,6.0,routine
848,1,2018-08-31,returned_order,0.82,97.49,routine
849,1,2018-09-01,prep_waste,0.28,29.7,routine
850,1,2018-09-01,unsold_cooked,0.18,27.24,routine
851,1,2018-09-01,spoilage,0.07,11.35,routine
852,1,2018-09-01,returned_order,0.02,2.52,routine
853,1,2018-09-02,prep_waste,0.24,26.49,routine
854,1,2018-09-02,unsold_cooked,0.19,26.84,routine
855,1,2018-09-02,spoilage,0.06,6.57,routine
856,1,2018-09-02,returned_order,0.02,2.95,routine
857,1,2018-09-03,prep_waste,0.39,53.16,routine
858,1,2018-09-03,unsold_cooked,0.21,25.85,routine
859,1,2018-09-03,spoilage,0.06,8.62,routine
860,1,2018-09-03,returned_order,0.02,2.57,routine
861,1,2018-09-04,prep_waste,0.4,58.34,routine
862,1,2018-09-04,unsold_cooked,0.25,34.96,routine
863,1,2018-09-04,spoilage,0.07,9.0,routine
864,1,2018-09-04,returned_order,0.02,2.78,routine
865,1,2018-09-05,prep_waste,0.18,22.75,routine
866,1,2018-09-05,unsold_cooked,0.1,10.61,routine
867,1,2018-09-05,spoilage,0.04,4.75,routine
868,1,2018-09-05,returned_order,0.66,84.93,routine
869,1,2018-09-06,prep_waste,0.2,28.51,routine
870,1,2018-09-06,unsold_cooked,0.2,26.11,routine
871,1,2018-09-06,spoilage,0.04,4.53,routine
872,1,2018-09-06,returned_order,0.56,71.61,routine
873,1,2018-09-07,prep_waste,0.3,38.94,routine
874,1,2018-09-07,unsold_cooked,0.21,29.46,routine
875,1,2018-09-07,spoilage,0.05,6.71,routine
876,1,2018-09-07,returned_order,0.02,2.38,routine
877,1,2018-09-08,prep_waste,0.35,41.23,routine
878,1,2018-09-08,unsold_cooked,0.27,36.53,routine
879,1,2018-09-08,spoilage,0.06,9.32,routine
880,1,2018-09-08,returned_order,0.02,3.04,routine
881,1,2018-09-09,prep_waste,0.22,26.14,routine
882,1,2018-09-09,unsold_cooked,0.19,24.71,routine
883,1,2018-09-09,spoilage,0.04,5.24,routine
884,1,2018-09-09,returned_order,0.75,88.97,routine
885,1,2018-09-10,prep_waste,0.2,29.6,routine
886,1,2018-09-10,unsold_cooked,0.23,24.99,routine
887,1,2018-09-10,spoilage,0.07,8.59,routine
888,1,2018-09-10,returned_order,0.79,107.71,routine
889,1,2018-09-11,prep_waste,0.44,46.29,routine
890,1,2018-09-11,unsold_cooked,0.12,18.74,routine
891,1,2018-09-11,spoilage,0.03,4.42,routine
892,1,2018-09-11,returned_order,0.02,2.4,routine
893,1,2018-09-12,prep_waste,0.43,59.86,routine
894,1,2018-09-12,unsold_cooked,0.19,26.73,routine
895,1,2018-09-12,spoilage,0.05,7.13,routine
896,1,2018-09-12,returned_order,0.02,2.24,routine
897,1,2018-09-13,prep_waste,0.26,38.32,routine
898,1,2018-09-13,unsold_cooked,0.15,21.02,routine
899,1,2018-09-13,spoilage,0.04,4.18,routine
900,1,2018-09-13,returned_order,0.65,97.66,routine
901,1,2018-09-14,prep_waste,0.32,35.98,routine
902,1,2018-09-14,unsold_cooked,0.16,24.2,routine
903,1,2018-09-14,spoilage,0.06,8.04,routine
904,1,2018-09-14,returned_order,0.71,86.64,routine
905,1,2018-09-15,prep_waste,0.31,46.45,routine
906,1,2018-09-15,unsold_cooked,0.18,20.47,routine
907,1,2018-09-15,spoilage,0.08,8.48,routine
908,1,2018-09-15,returned_order,0.79,91.4,routine
909,1,2018-09-16,prep_waste,0.43,62.54,routine
910,1,2018-09-16,unsold_cooked,0.14,18.28,routine
911,1,2018-09-16,spoilage,0.07,9.7,routine
912,1,2018-09-16,returned_order,0.51,60.29,routine
913,1,2018-09-17,prep_waste,0.21,32.42,routine
914,1,2018-09-17,unsold_cooked,0.23,24.68,routine
915,1,2018-09-17,spoilage,0.05,6.63,routine
916,1,2018-09-17,returned_order,0.02,2.29,routine
917,1,2018-09-18,prep_waste,0.21,28.69,routine
918,1,2018-09-18,unsold_cooked,0.24,35.31,routine
919,1,2018-09-18,spoilage,0.04,3.9,routine
920,1,2018-09-18,returned_order,0.89,137.17,routine
921,1,2018-09-19,prep_waste,0.4,61.33,routine
922,1,2018-09-19,unsold_cooked,0.24,29.25,routine
923,1,2018-09-19,spoilage,0.07,10.14,routine
924,1,2018-09-19,returned_order,0.02,2.7,routine
925,1,2018-09-20,prep_waste,0.39,53.83,routine
926,1,2018-09-20,unsold_cooked,0.15,17.58,routine
927,1,2018-09-20,spoilage,0.04,5.9,routine
928,1,2018-09-20,returned_order,0.02,2.14,routine
929,1,2018-09-21,prep_waste,0.38,41.0,routine
930,1,2018-09-21,unsold_cooked,0.11,16.82,routine
931,1,2018-09-21,spoilage,0.07,10.42,routine
932,1,2018-09-21,returned_order,0.52,68.98,routine
933,1,2018-09-22,prep_waste,0.44,58.26,routine
934,1,2018-09-22,unsold_cooked,0.16,23.34,routine
935,1,2018-09-22,spoilage,0.06,6.86,routine
936,1,2018-09-22,returned_order,0.02,2.88,routine
937,1,2018-09-23,prep_waste,0.21,31.86,routine
938,1,2018-09-23,unsold_cooked,0.15,19.26,routine
939,1,2018-09-23,spoilage,0.06,6.38,routine
940,1,2018-09-23,returned_order,0.89,137.79,routine
941,1,2018-09-24,prep_waste,0.26,32.98,routine
942,1,2018-09-24,unsold_cooked,0.12,18.16,routine
943,1,2018-09-24,spoilage,0.06,6.18,routine
944,1,2018-09-24,returned_order,0.87,116.68,routine
945,1,2018-09-25,prep_waste,0.44,51.99,routine
946,1,2018-09-25,unsold_cooked,0.21,22.95,routine
947,1,2018-09-25,spoilage,0.04,5.05,routine
948,1,2018-09-25,returned_order,0.54,69.9,routine
949,1,2018-09-26,prep_waste,0.18,22.16,routine
950,1,2018-09-26,unsold_cooked,0.18,21.07,routine
951,1,2018-09-26,spoilage,0.05,6.39,routine
952,1,2018-09-26,returned_order,0.02,2.89,routine
953,1,2018-09-27,prep_waste,0.24,30.87,routine
954,1,2018-09-27,unsold_cooked,0.16,20.19,routine
955,1,2018-09-27,spoilage,0.07,11.2,routine
956,1,2018-09-27,returned_order,0.02,2.57,routine
957,1,2018-09-28,prep_waste,0.35,49.1,routine
958,1,2018-09-28,unsold_cooked,0.23,33.64,routine
959,1,2018-09-28,spoilage,0.05,7.86,routine
960,1,2018-09-28,returned_order,0.02,2.32,routine
961,1,2018-09-29,prep_waste,0.19,22.14,routine
962,1,2018-09-29,unsold_cooked,0.19,25.28,routine
963,1,2018-09-29,spoilage,0.06,8.95,routine
964,1,2018-09-29,returned_order,0.02,2.6,routine
965,1,2018-09-30,prep_waste,0.24,36.34,routine
966,1,2018-09-30,unsold_cooked,0.11,15.76,routine
967,1,2018-09-30,spoilage,0.04,4.72,routine
968,1,2018-09-30,returned_order,0.02,2.84,routine
969,1,2018-10-01,prep_waste,0.42,46.14,routine
970,1,2018-10-01,unsold_cooked,0.12,18.52,routine
971,1,2018-10-01,spoilage,0.07,7.25,routine
972,1,2018-10-01,returned_order,0.02,2.53,routine
973,1,2018-10-02,prep_waste,0.21,27.18,routine
974,1,2018-10-02,unsold_cooked,0.24,28.47,routine
975,1,2018-10-02,spoilage,0.05,6.72,routine
976,1,2018-10-02,returned_order,0.02,2.3,routine
977,1,2018-10-03,prep_waste,0.34,40.32,routine
978,1,2018-10-03,unsold_cooked,0.24,27.18,routine
979,1,2018-10-03,spoilage,0.05,6.2,routine
980,1,2018-10-03,returned_order,0.02,2.49,routine
981,1,2018-10-04,prep_waste,0.27,37.31,routine
982,1,2018-10-04,unsold_cooked,0.1,14.99,routine
983,1,2018-10-04,spoilage,0.04,4.58,routine
984,1,2018-10-04,returned_order,0.02,2.4,routine
985,1,2018-10-05,prep_waste,0.24,28.72,routine
986,1,2018-10-05,unsold_cooked,0.19,29.21,routine
987,1,2018-10-05,spoilage,0.07,9.31,routine
988,1,2018-10-05,returned_order,1.13,149.04,routine
989,1,2018-10-06,prep_waste,0.4,47.0,routine
990,1,2018-10-06,unsold_cooked,0.1,14.19,routine
991,1,2018-10-06,spoilage,0.05,7.0,routine
992,1,2018-10-06,returned_order,0.7,76.84,routine
993,1,2018-10-07,prep_waste,0.2,27.62,routine
994,1,2018-10-07,unsold_cooked,0.2,27.23,routine
995,1,2018-10-07,spoilage,0.05,6.3,routine
996,1,2018-10-07,returned_order,0.81,89.01,routine
997,1,2018-10-08,prep_waste,0.2,24.15,routine
998,1,2018-10-08,unsold_cooked,0.12,12.89,routine
999,1,2018-10-08,spoilage,0.07,10.07,routine
1000,1,2018-10-08,returned_order,0.02,2.9,routine
1001,1,2018-10-09,prep_waste,0.25,37.9,routine
1002,1,2018-10-09,unsold_cooked,0.22,30.8,routine
1003,1,2018-10-09,spoilage,0.04,3.76,routine
1004,1,2018-10-09,returned_order,0.02,2.29,routine
1005,1,2018-10-10,prep_waste,0.39,54.4,routine
1006,1,2018-10-10,unsold_cooked,0.1,15.28,routine
1007,1,2018-10-10,spoilage,0.07,9.34,routine
1008,1,2018-10-10,returned_order,0.02,2.75,routine
1009,1,2018-10-11,prep_waste,0.18,21.97,routine
1010,1,2018-10-11,unsold_cooked,0.11,14.48,routine
1011,1,2018-10-11,spoilage,0.04,5.15,routine
1012,1,2018-10-11,returned_order,0.02,2.88,routine
1013,1,2018-10-12,prep_waste,0.27,37.62,routine
1014,1,2018-10-12,unsold_cooked,0.24,31.99,routine
1015,1,2018-10-12,spoilage,0.07,8.47,routine
1016,1,2018-10-12,returned_order,0.02,2.25,routine
1017,1,2018-10-13,prep_waste,0.19,19.71,routine
1018,1,2018-10-13,unsold_cooked,0.23,30.64,routine
1019,1,2018-10-13,spoilage,0.04,5.49,routine
1020,1,2018-10-13,returned_order,0.62,85.69,routine
1021,1,2018-10-14,prep_waste,0.19,29.65,routine
1022,1,2018-10-14,unsold_cooked,0.21,23.33,routine
1023,1,2018-10-14,spoilage,0.07,9.34,routine
1024,1,2018-10-14,returned_order,0.71,92.01,routine
1025,1,2018-10-15,prep_waste,0.4,49.68,routine
1026,1,2018-10-15,unsold_cooked,0.17,24.55,routine
1027,1,2018-10-15,spoilage,0.06,8.34,routine
1028,1,2018-10-15,returned_order,0.02,2.74,routine
1029,1,2018-10-16,prep_waste,0.33,37.28,routine
1030,1,2018-10-16,unsold_cooked,0.21,29.77,routine
1031,1,2018-10-16,spoilage,0.03,5.32,routine
1032,1,2018-10-16,returned_order,0.02,2.27,routine
1033,1,2018-10-17,prep_waste,0.34,38.59,routine
1034,1,2018-10-17,unsold_cooked,0.19,21.82,routine
1035,1,2018-10-17,spoilage,0.08,8.64,routine
1036,1,2018-10-17,returned_order,0.02,2.11,routine
1037,1,2018-10-18,prep_waste,0.4,57.64,routine
1038,1,2018-10-18,unsold_cooked,0.2,30.52,routine
1039,1,2018-10-18,spoilage,0.06,9.69,routine
1040,1,2018-10-18,returned_order,0.02,2.1,routine
1041,1,2018-10-19,prep_waste,0.22,28.79,routine
1042,1,2018-10-19,unsold_cooked,0.21,30.44,routine
1043,1,2018-10-19,spoilage,0.08,11.49,routine
1044,1,2018-10-19,returned_order,0.89,125.94,routine
1045,1,2018-10-20,prep_waste,0.24,36.74,routine
1046,1,2018-10-20,unsold_cooked,0.15,20.7,routine
1047,1,2018-10-20,spoilage,0.04,5.87,routine
1048,1,2018-10-20,returned_order,0.88,115.18,routine
1049,1,2018-10-21,prep_waste,0.31,45.75,routine
1050,1,2018-10-21,unsold_cooked,0.21,24.63,routine
1051,1,2018-10-21,spoilage,0.05,7.36,routine
1052,1,2018-10-21,returned_order,2.02,223.95,routine
1053,1,2018-10-22,prep_waste,0.23,29.46,routine
1054,1,2018-10-22,unsold_cooked,0.23,30.73,routine
1055,1,2018-10-22,spoilage,0.05,5.29,routine
1056,1,2018-10-22,returned_order,0.63,89.82,routine
1057,1,2018-10-23,prep_waste,0.25,29.37,routine
1058,1,2018-10-23,unsold_cooked,0.12,13.08,routine
1059,1,2018-10-23,spoilage,0.05,6.95,routine
1060,1,2018-10-23,returned_order,0.02,2.31,routine
1061,1,2018-10-24,prep_waste,0.43,62.29,routine
1062,1,2018-10-24,unsold_cooked,0.12,17.05,routine
1063,1,2018-10-24,spoilage,0.07,8.97,routine
1064,1,2018-10-24,returned_order,0.02,2.99,routine
1065,1,2018-10-25,prep_waste,0.22,30.34,routine
1066,1,2018-10-25,unsold_cooked,0.23,28.65,routine
1067,1,2018-10-25,spoilage,0.05,5.61,routine
1068,1,2018-10-25,returned_order,0.02,3.03,routine
1069,1,2018-10-26,prep_waste,0.35,44.93,routine
1070,1,2018-10-26,unsold_cooked,0.14,19.56,routine
1071,1,2018-10-26,spoilage,0.06,7.87,routine
1072,1,2018-10-26,returned_order,0.02,2.28,routine
1073,1,2018-10-27,prep_waste,0.29,35.72,routine
1074,1,2018-10-27,unsold_cooked,0.16,20.1,routine
1075,1,2018-10-27,spoilage,0.06,9.98,routine
1076,1,2018-10-27,returned_order,0.6,92.77,routine
1077,1,2018-10-28,prep_waste,0.42,56.66,routine
1078,1,2018-10-28,unsold_cooked,0.1,13.6,routine
1079,1,2018-10-28,spoilage,0.06,8.21,routine
1080,1,2018-10-28,returned_order,0.79,92.43,routine
1081,1,2018-10-29,prep_waste,0.36,55.3,routine
1082,1,2018-10-29,unsold_cooked,0.2,30.26,routine
1083,1,2018-10-29,spoilage,0.06,7.1,routine
1084,1,2018-10-29,returned_order,0.84,110.4,routine
1085,1,2018-10-30,prep_waste,0.33,43.59,routine
1086,1,2018-10-30,unsold_cooked,0.22,25.35,routine
1087,1,2018-10-30,spoilage,0.06,8.52,routine
1088,1,2018-10-30,returned_order,0.62,80.36,routine
1089,1,2018-10-31,prep_waste,0.39,53.25,routine
1090,1,2018-10-31,unsold_cooked,0.16,20.5,routine
1091,1,2018-10-31,spoilage,0.06,8.79,routine
1092,1,2018-10-31,returned_order,0.02,2.12,routine
1093,1,2018-11-01,prep_waste,0.44,55.88,routine
1094,1,2018-11-01,unsold_cooked,0.24,29.07,routine
1095,1,2018-11-01,spoilage,0.04,5.63,routine
1096,1,2018-11-01,returned_order,0.02,2.78,routine
1097,1,2018-11-02,prep_waste,0.43,59.45,routine
1098,1,2018-11-02,unsold_cooked,0.12,17.15,routine
1099,1,2018-11-02,spoilage,0.03,4.54,routine
1100,1,2018-11-02,returned_order,0.58,64.62,routine
1101,1,2018-11-03,prep_waste,0.28,30.67,routine
1102,1,2018-11-03,unsold_cooked,0.21,27.4,routine
1103,1,2018-11-03,spoilage,0.04,5.57,routine
1104,1,2018-11-03,returned_order,0.02,2.74,routine
1105,1,2018-11-04,prep_waste,0.23,25.94,routine
1106,1,2018-11-04,unsold_cooked,0.21,25.9,routine
1107,1,2018-11-04,spoilage,0.04,4.76,routine
1108,1,2018-11-04,returned_order,0.8,99.97,routine
1109,1,2018-11-05,prep_waste,0.24,34.69,routine
1110,1,2018-11-05,unsold_cooked,0.11,17.06,routine
1111,1,2018-11-05,spoilage,0.05,7.37,routine
1112,1,2018-11-05,returned_order,0.02,2.42,routine
1113,1,2018-11-06,prep_waste,0.29,33.4,routine
1114,1,2018-11-06,unsold_cooked,0.23,28.97,routine
1115,1,2018-11-06,spoilage,0.07,10.6,routine
1116,1,2018-11-06,returned_order,0.02,2.1,routine
1117,1,2018-11-07,prep_waste,0.42,52.72,routine
1118,1,2018-11-07,unsold_cooked,0.13,17.23,routine
1119,1,2018-11-07,spoilage,0.08,10.31,routine
1120,1,2018-11-07,returned_order,0.02,2.66,routine
1121,1,2018-11-08,prep_waste,0.27,39.07,routine
1122,1,2018-11-08,unsold_cooked,0.17,21.72,routine
1123,1,2018-11-08,spoilage,0.04,5.05,routine
1124,1,2018-11-08,returned_order,0.52,76.12,routine
1125,1,2018-11-09,prep_waste,0.19,26.84,routine
1126,1,2018-11-09,unsold_cooked,0.13,15.57,routine
1127,1,2018-11-09,spoilage,0.06,7.75,routine
1128,1,2018-11-09,returned_order,0.02,2.64,routine
1129,1,2018-11-10,prep_waste,0.22,24.94,routine
1130,1,2018-11-10,unsold_cooked,0.15,18.15,routine
1131,1,2018-11-10,spoilage,0.04,4.89,routine
1132,1,2018-11-10,returned_order,0.81,88.07,routine
1133,1,2018-11-11,prep_waste,0.41,44.72,routine
1134,1,2018-11-11,unsold_cooked,0.2,31.38,routine
1135,1,2018-11-11,spoilage,0.05,7.28,routine
1136,1,2018-11-11,returned_order,1.22,159.1,routine
1137,1,2018-11-12,prep_waste,0.26,36.14,routine
1138,1,2018-11-12,unsold_cooked,0.22,26.16,routine
1139,1,2018-11-12,spoilage,0.07,10.93,routine
1140,1,2018-11-12,returned_order,0.02,2.96,routine
1141,1,2018-11-13,prep_waste,0.21,27.81,routine
1142,1,2018-11-13,unsold_cooked,0.24,28.88,routine
1143,1,2018-11-13,spoilage,0.05,6.17,routine
1144,1,2018-11-13,returned_order,0.02,2.33,routine
1145,1,2018-11-14,prep_waste,0.23,29.46,routine
1146,1,2018-11-14,unsold_cooked,0.14,14.79,routine
1147,1,2018-11-14,spoilage,0.03,5.12,routine
1148,1,2018-11-14,returned_order,0.02,2.85,routine
1149,1,2018-11-15,prep_waste,0.32,48.36,routine
1150,1,2018-11-15,unsold_cooked,0.22,30.41,routine
1151,1,2018-11-15,spoilage,0.07,9.86,routine
1152,1,2018-11-15,returned_order,0.02,2.22,routine
1153,1,2018-11-16,prep_waste,0.37,38.91,routine
1154,1,2018-11-16,unsold_cooked,0.17,20.87,routine
1155,1,2018-11-16,spoilage,0.06,8.03,routine
1156,1,2018-11-16,returned_order,0.02,2.67,routine
1157,1,2018-11-17,prep_waste,0.44,57.9,routine
1158,1,2018-11-17,unsold_cooked,0.2,28.21,routine
1159,1,2018-11-17,spoilage,0.03,4.05,routine
1160,1,2018-11-17,returned_order,0.02,2.28,routine
1161,1,2018-11-18,prep_waste,0.31,37.66,routine
1162,1,2018-11-18,unsold_cooked,0.2,23.13,routine
1163,1,2018-11-18,spoilage,0.06,7.23,routine
1164,1,2018-11-18,returned_order,0.58,88.82,routine
1165,1,2018-11-19,prep_waste,0.26,30.67,routine
1166,1,2018-11-19,unsold_cooked,0.19,20.17,routine
1167,1,2018-11-19,spoilage,0.08,11.81,routine
1168,1,2018-11-19,returned_order,0.02,3.0,routine
1169,1,2018-11-20,prep_waste,0.23,30.43,routine
1170,1,2018-11-20,unsold_cooked,0.17,24.2,routine
1171,1,2018-11-20,spoilage,0.07,7.4,routine
1172,1,2018-11-20,returned_order,0.67,77.35,routine
1173,1,2018-11-21,prep_waste,0.41,52.25,routine
1174,1,2018-11-21,unsold_cooked,0.22,30.55,routine
1175,1,2018-11-21,spoilage,0.06,6.61,routine
1176,1,2018-11-21,returned_order,0.02,2.31,routine
1177,1,2018-11-22,prep_waste,0.21,30.42,routine
1178,1,2018-11-22,unsold_cooked,0.24,28.92,routine
1179,1,2018-11-22,spoilage,0.04,6.15,routine
1180,1,2018-11-22,returned_order,0.02,2.42,routine
1181,1,2018-11-23,prep_waste,0.4,59.52,routine
1182,1,2018-11-23,unsold_cooked,0.19,20.07,routine
1183,1,2018-11-23,spoilage,0.05,6.55,routine
1184,1,2018-11-23,returned_order,0.02,2.18,routine
1185,1,2018-11-24,prep_waste,0.23,25.22,routine
1186,1,2018-11-24,unsold_cooked,0.2,30.74,routine
1187,1,2018-11-24,spoilage,0.07,8.28,routine
1188,1,2018-11-24,returned_order,0.02,2.89,routine
1189,1,2018-11-25,prep_waste,0.37,55.71,routine
1190,1,2018-11-25,unsold_cooked,0.24,36.05,routine
1191,1,2018-11-25,spoilage,0.07,9.68,routine
1192,1,2018-11-25,returned_order,0.02,2.97,routine
1193,1,2018-11-26,prep_waste,0.29,40.86,routine
1194,1,2018-11-26,unsold_cooked,0.23,32.53,routine
1195,1,2018-11-26,spoilage,0.06,6.4,routine
1196,1,2018-11-26,returned_order,0.67,85.48,routine
1197,1,2018-11-27,prep_waste,0.32,37.03,routine
1198,1,2018-11-27,unsold_cooked,0.22,30.8,routine
1199,1,2018-11-27,spoilage,0.03,4.51,routine
1200,1,2018-11-27,returned_order,0.02,3.02,routine
1201,1,2018-11-28,prep_waste,0.28,35.89,routine
1202,1,2018-11-28,unsold_cooked,0.12,17.04,routine
1203,1,2018-11-28,spoilage,0.08,9.48,routine
1204,1,2018-11-28,returned_order,0.02,2.25,routine
1205,1,2018-11-29,prep_waste,0.33,38.0,routine
1206,1,2018-11-29,unsold_cooked,0.11,13.93,routine
1207,1,2018-11-29,spoilage,0.08,8.59,routine
1208,1,2018-11-29,returned_order,0.02,2.34,routine
1209,1,2018-11-30,prep_waste,0.19,23.82,routine
1210,1,2018-11-30,unsold_cooked,0.23,27.06,routine
1211,1,2018-11-30,spoilage,0.06,9.17,routine
1212,1,2018-11-30,returned_order,0.02,2.9,routine
1213,1,2018-12-01,prep_waste,0.22,24.96,routine
1214,1,2018-12-01,unsold_cooked,0.16,24.66,routine
1215,1,2018-12-01,spoilage,0.05,7.89,routine
1216,1,2018-12-01,returned_order,0.02,2.87,routine
1217,1,2018-12-02,prep_waste,0.29,31.26,routine
1218,1,2018-12-02,unsold_cooked,0.18,22.24,routine
1219,1,2018-12-02,spoilage,0.06,7.75,routine
1220,1,2018-12-02,returned_order,0.76,111.56,routine
1221,1,2018-12-03,prep_waste,0.37,52.61,routine
1222,1,2018-12-03,unsold_cooked,0.17,21.46,routine
1223,1,2018-12-03,spoilage,0.07,7.63,routine
1224,1,2018-12-03,returned_order,0.78,111.34,routine
1225,1,2018-12-04,prep_waste,0.31,37.05,routine
1226,1,2018-12-04,unsold_cooked,0.2,23.27,routine
1227,1,2018-12-04,spoilage,0.05,6.98,routine
1228,1,2018-12-04,returned_order,0.02,2.16,routine
1229,1,2018-12-05,prep_waste,0.29,37.54,routine
1230,1,2018-12-05,unsold_cooked,0.18,25.72,routine
1231,1,2018-12-05,spoilage,0.08,8.58,routine
1232,1,2018-12-05,returned_order,0.02,2.82,routine
1233,1,2018-12-06,prep_waste,0.24,31.08,routine
1234,1,2018-12-06,unsold_cooked,0.24,28.24,routine
1235,1,2018-12-06,spoilage,0.04,4.9,routine
1236,1,2018-12-06,returned_order,0.02,2.4,routine
1237,1,2018-12-07,prep_waste,0.36,38.42,routine
1238,1,2018-12-07,unsold_cooked,0.22,33.01,routine
1239,1,2018-12-07,spoilage,0.06,8.24,routine
1240,1,2018-12-07,returned_order,0.02,2.84,routine
1241,1,2018-12-08,prep_waste,0.39,45.2,routine
1242,1,2018-12-08,unsold_cooked,0.21,24.89,routine
1243,1,2018-12-08,spoilage,0.04,4.73,routine
1244,1,2018-12-08,returned_order,0.02,2.38,routine
1245,1,2018-12-09,prep_waste,0.43,62.99,routine
1246,1,2018-12-09,unsold_cooked,0.16,22.46,routine
1247,1,2018-12-09,spoilage,0.04,6.08,routine
1248,1,2018-12-09,returned_order,1.86,246.76,routine
1249,1,2018-12-10,prep_waste,0.43,58.16,routine
1250,1,2018-12-10,unsold_cooked,0.21,27.92,routine
1251,1,2018-12-10,spoilage,0.07,10.36,routine
1252,1,2018-12-10,returned_order,0.02,2.95,routine
1253,1,2018-12-11,prep_waste,0.38,45.87,routine
1254,1,2018-12-11,unsold_cooked,0.12,16.41,routine
1255,1,2018-12-11,spoilage,0.04,4.36,routine
1256,1,2018-12-11,returned_order,0.02,2.55,routine
1257,1,2018-12-12,prep_waste,0.3,35.13,routine
1258,1,2018-12-12,unsold_cooked,0.2,28.04,routine
1259,1,2018-12-12,spoilage,0.04,5.4,routine
1260,1,2018-12-12,returned_order,0.82,121.13,routine
1261,1,2018-12-13,prep_waste,0.44,61.44,routine
1262,1,2018-12-13,unsold_cooked,0.16,20.48,routine
1263,1,2018-12-13,spoilage,0.04,5.18,routine
1264,1,2018-12-13,returned_order,1.34,183.66,routine
1265,1,2018-12-14,prep_waste,0.21,26.46,routine
1266,1,2018-12-14,unsold_cooked,0.24,36.43,routine
1267,1,2018-12-14,spoilage,0.05,5.59,routine
1268,1,2018-12-14,returned_order,0.02,2.58,routine
1269,1,2018-12-15,prep_waste,0.32,40.38,routine
1270,1,2018-12-15,unsold_cooked,0.24,30.81,routine
1271,1,2018-12-15,spoilage,0.08,11.73,routine
1272,1,2018-12-15,returned_order,0.02,3.02,routine
1273,1,2018-12-16,prep_waste,0.26,37.38,routine
1274,1,2018-12-16,unsold_cooked,0.1,14.86,routine
1275,1,2018-12-16,spoilage,0.06,7.31,routine
1276,1,2018-12-16,returned_order,0.02,2.59,routine
1277,1,2018-12-17,prep_waste,0.36,49.53,routine
1278,1,2018-12-17,unsold_cooked,0.15,16.48,routine
1279,1,2018-12-17,spoilage,0.04,4.76,routine
1280,1,2018-12-17,returned_order,0.02,2.73,routine
1281,1,2018-12-18,prep_waste,0.32,43.05,routine
1282,1,2018-12-18,unsold_cooked,0.18,27.82,routine
1283,1,2018-12-18,spoilage,0.05,6.48,routine
1284,1,2018-12-18,returned_order,0.02,2.6,routine
1285,1,2018-12-19,prep_waste,0.27,35.13,routine
1286,1,2018-12-19,unsold_cooked,0.27,34.17,routine
1287,1,2018-12-19,spoilage,0.07,8.31,routine
1288,1,2018-12-19,returned_order,0.02,2.82,routine
1289,1,2018-12-20,prep_waste,0.24,26.93,routine
1290,1,2018-12-20,unsold_cooked,0.12,14.36,routine
1291,1,2018-12-20,spoilage,0.07,7.87,routine
1292,1,2018-12-20,returned_order,0.02,2.66,routine
1293,1,2018-12-21,prep_waste,0.42,44.21,routine
1294,1,2018-12-21,unsold_cooked,0.14,16.04,routine
1295,1,2018-12-21,spoilage,0.04,5.68,routine
1296,1,2018-12-21,returned_order,0.02,2.58,routine
1297,1,2018-12-22,prep_waste,0.43,47.59,routine
1298,1,2018-12-22,unsold_cooked,0.16,22.27,routine
1299,1,2018-12-22,spoilage,0.03,3.55,routine
1300,1,2018-12-22,returned_order,0.02,2.67,routine
1301,1,2018-12-23,prep_waste,0.41,60.5,routine
1302,1,2018-12-23,unsold_cooked,0.16,18.99,routine
1303,1,2018-12-23,spoilage,0.07,8.92,routine
1304,1,2018-12-23,returned_order,0.55,82.92,routine
1305,1,2018-12-24,prep_waste,0.43,59.81,routine
1306,1,2018-12-24,unsold_cooked,0.19,27.57,routine
1307,1,2018-12-24,spoilage,0.05,6.58,routine
1308,1,2018-12-24,returned_order,0.79,87.61,routine
1309,1,2018-12-25,prep_waste,0.19,22.2,routine
1310,1,2018-12-25,unsold_cooked,0.18,21.11,routine
1311,1,2018-12-25,spoilage,0.04,4.42,routine
1312,1,2018-12-25,returned_order,0.63,81.41,routine
1313,1,2018-12-26,prep_waste,0.36,55.33,routine
1314,1,2018-12-26,unsold_cooked,0.26,35.28,routine
1315,1,2018-12-26,spoilage,0.05,6.73,routine
1316,1,2018-12-26,returned_order,0.84,123.83,routine
1317,1,2018-12-27,prep_waste,0.23,31.29,routine
1318,1,2018-12-27,unsold_cooked,0.22,28.09,routine
1319,1,2018-12-27,spoilage,0.03,3.89,routine
1320,1,2018-12-27,returned_order,0.55,76.18,routine
1321,1,2018-12-28,prep_waste,0.25,28.07,routine
1322,1,2018-12-28,unsold_cooked,0.14,17.03,routine
1323,1,2018-12-28,spoilage,0.06,8.63,routine
1324,1,2018-12-28,returned_order,0.02,2.23,routine
1325,1,2018-12-29,prep_waste,0.38,52.76,routine
1326,1,2018-12-29,unsold_cooked,0.11,16.51,routine
1327,1,2018-12-29,spoilage,0.08,9.67,routine
1328,1,2018-12-29,returned_order,0.02,2.14,routine
1329,1,2018-12-30,prep_waste,0.36,39.43,routine
1330,1,2018-12-30,unsold_cooked,0.14,15.93,routine
1331,1,2018-12-30,spoilage,0.07,8.93,routine
1332,1,2018-12-30,returned_order,1.03,115.39,routine
1333,1,2018-12-31,prep_waste,0.39,52.98,routine
1334,1,2018-12-31,unsold_cooked,0.13,14.73,routine
1335,1,2018-12-31,spoilage,0.08,8.38,routine
1336,1,2018-12-31,returned_order,0.02,2.29,routine
1337,1,2019-01-01,prep_waste,0.33,42.61,routine
1338,1,2019-01-01,unsold_cooked,0.11,12.59,routine
1339,1,2019-01-01,spoilage,0.06,8.0,routine
1340,1,2019-01-01,returned_order,0.56,66.56,routine
1341,1,2019-01-02,prep_waste,0.34,37.97,routine
1342,1,2019-01-02,unsold_cooked,0.24,26.12,routine
1343,1,2019-01-02,spoilage,0.04,5.37,routine
1344,1,2019-01-02,returned_order,0.02,2.59,routine
1345,1,2019-01-03,prep_waste,0.44,59.83,routine
1346,1,2019-01-03,unsold_cooked,0.18,23.78,routine
1347,1,2019-01-03,spoilage,0.05,6.13,routine
1348,1,2019-01-03,returned_order,0.02,2.28,routine
1349,1,2019-01-04,prep_waste,0.35,47.69,routine
1350,1,2019-01-04,unsold_cooked,0.19,25.57,routine
1351,1,2019-01-04,spoilage,0.07,8.88,routine
1352,1,2019-01-04,returned_order,0.02,3.04,routine
1353,1,2019-01-05,prep_waste,0.18,21.56,routine
1354,1,2019-01-05,unsold_cooked,0.2,24.78,routine
1355,1,2019-01-05,spoilage,0.05,7.82,routine
1356,1,2019-01-05,returned_order,0.02,2.4,routine
1357,1,2019-01-06,prep_waste,0.28,39.65,routine
1358,1,2019-01-06,unsold_cooked,0.19,21.49,routine
1359,1,2019-01-06,spoilage,0.07,10.22,routine
1360,1,2019-01-06,returned_order,1.5,225.14,routine
1361,1,2019-01-07,prep_waste,0.23,34.77,routine
1362,1,2019-01-07,unsold_cooked,0.18,24.7,routine
1363,1,2019-01-07,spoilage,0.05,6.7,routine
1364,1,2019-01-07,returned_order,0.02,2.9,routine
1365,1,2019-01-08,prep_waste,0.38,43.88,routine
1366,1,2019-01-08,unsold_cooked,0.14,19.68,routine
1367,1,2019-01-08,spoilage,0.06,7.54,routine
1368,1,2019-01-08,returned_order,0.02,2.58,routine
1369,1,2019-01-09,prep_waste,0.19,26.49,routine
1370,1,2019-01-09,unsold_cooked,0.16,20.3,routine
1371,1,2019-01-09,spoilage,0.04,4.65,routine
1372,1,2019-01-09,returned_order,0.02,2.38,routine
1373,1,2019-01-10,prep_waste,0.29,40.72,routine
1374,1,2019-01-10,unsold_cooked,0.1,12.18,routine
1375,1,2019-01-10,spoilage,0.04,4.58,routine
1376,1,2019-01-10,returned_order,0.02,2.78,routine
1377,1,2019-01-11,prep_waste,0.2,30.2,routine
1378,1,2019-01-11,unsold_cooked,0.1,15.72,routine
1379,1,2019-01-11,spoilage,0.04,5.8,routine
1380,1,2019-01-11,returned_order,0.02,2.33,routine
1381,1,2019-01-12,prep_waste,0.31,42.71,routine
1382,1,2019-01-12,unsold_cooked,0.14,19.31,routine
1383,1,2019-01-12,spoilage,0.04,5.7,routine
1384,1,2019-01-12,returned_order,0.02,3.07,routine
1385,1,2019-01-13,prep_waste,0.28,41.71,routine
1386,1,2019-01-13,unsold_cooked,0.24,35.29,routine
1387,1,2019-01-13,spoilage,0.04,6.41,routine
1388,1,2019-01-13,returned_order,0.78,115.78,routine
1389,1,2019-01-14,prep_waste,0.35,50.09,routine
1390,1,2019-01-14,unsold_cooked,0.16,17.64,routine
1391,1,2019-01-14,spoilage,0.07,8.33,routine
1392,1,2019-01-14,returned_order,0.02,2.96,routine
1393,1,2019-01-15,prep_waste,0.29,34.5,routine
1394,1,2019-01-15,unsold_cooked,0.11,16.1,routine
1395,1,2019-01-15,spoilage,0.05,6.67,routine
1396,1,2019-01-15,returned_order,0.78,93.7,routine
1397,1,2019-01-16,prep_waste,0.39,41.76,routine
1398,1,2019-01-16,unsold_cooked,0.13,14.67,routine
1399,1,2019-01-16,spoilage,0.07,8.19,routine
1400,1,2019-01-16,returned_order,0.02,2.26,routine
1401,1,2019-01-17,prep_waste,0.37,51.87,routine
1402,1,2019-01-17,unsold_cooked,0.19,28.74,routine
1403,1,2019-01-17,spoilage,0.04,4.94,routine
1404,1,2019-01-17,returned_order,0.02,2.92,routine
1405,1,2019-01-18,prep_waste,0.36,41.21,routine
1406,1,2019-01-18,unsold_cooked,0.17,22.55,routine
1407,1,2019-01-18,spoilage,0.04,5.18,routine
1408,1,2019-01-18,returned_order,0.53,76.55,routine
1409,1,2019-01-19,prep_waste,0.36,42.02,routine
1410,1,2019-01-19,unsold_cooked,0.12,13.25,routine
1411,1,2019-01-19,spoilage,0.04,4.84,routine
1412,1,2019-01-19,returned_order,0.5,68.41,routine
1413,1,2019-01-20,prep_waste,0.34,49.78,routine
1414,1,2019-01-20,unsold_cooked,0.21,26.64,routine
1415,1,2019-01-20,spoilage,0.03,3.83,routine
1416,1,2019-01-20,returned_order,0.76,116.53,routine
1417,1,2019-01-21,prep_waste,0.26,28.36,routine
1418,1,2019-01-21,unsold_cooked,0.16,19.29,routine
1419,1,2019-01-21,spoilage,0.07,10.72,routine
1420,1,2019-01-21,returned_order,0.02,2.54,routine
1421,1,2019-01-22,prep_waste,0.39,42.46,routine
1422,1,2019-01-22,unsold_cooked,0.1,13.36,routine
1423,1,2019-01-22,spoilage,0.04,5.6,routine
1424,1,2019-01-22,returned_order,0.02,2.63,routine
1425,1,2019-01-23,prep_waste,0.23,33.25,routine
1426,1,2019-01-23,unsold_cooked,0.11,12.93,routine
1427,1,2019-01-23,spoilage,0.04,6.57,routine
1428,1,2019-01-23,returned_order,0.52,63.21,routine
1429,1,2019-01-24,prep_waste,0.44,64.92,routine
1430,1,2019-01-24,unsold_cooked,0.17,18.51,routine
1431,1,2019-01-24,spoilage,0.07,9.15,routine
1432,1,2019-01-24,returned_order,0.02,2.11,routine
1433,1,2019-01-25,prep_waste,0.22,33.18,routine
1434,1,2019-01-25,unsold_cooked,0.19,23.61,routine
1435,1,2019-01-25,spoilage,0.03,4.04,routine
1436,1,2019-01-25,returned_order,0.02,2.35,routine
1437,1,2019-01-26,prep_waste,0.25,34.24,routine
1438,1,2019-01-26,unsold_cooked,0.16,22.16,routine
1439,1,2019-01-26,spoilage,0.05,6.4,routine
1440,1,2019-01-26,returned_order,0.68,85.4,routine
1441,1,2019-01-27,prep_waste,0.18,23.3,routine
1442,1,2019-01-27,unsold_cooked,0.18,20.97,routine
1443,1,2019-01-27,spoilage,0.06,8.06,routine
1444,1,2019-01-27,returned_order,0.53,63.35,routine
1445,1,2019-01-28,prep_waste,0.24,26.09,routine
1446,1,2019-01-28,unsold_cooked,0.16,18.48,routine
1447,1,2019-01-28,spoilage,0.06,8.72,routine
1448,1,2019-01-28,returned_order,0.87,109.19,routine
1449,1,2019-01-29,prep_waste,0.23,28.92,routine
1450,1,2019-01-29,unsold_cooked,0.22,28.78,routine
1451,1,2019-01-29,spoilage,0.05,7.78,routine
1452,1,2019-01-29,returned_order,0.02,2.43,routine
1453,1,2019-01-30,prep_waste,0.24,32.71,routine
1454,1,2019-01-30,unsold_cooked,0.25,29.32,routine
1455,1,2019-01-30,spoilage,0.08,10.79,routine
1456,1,2019-01-30,returned_order,1.81,237.1,routine
1457,1,2019-01-31,prep_waste,0.31,32.46,routine
1458,1,2019-01-31,unsold_cooked,0.23,26.15,routine
1459,1,2019-01-31,spoilage,0.08,11.53,routine
1460,1,2019-01-31,returned_order,0.02,2.43,routine
1461,1,2019-02-01,prep_waste,0.25,34.65,routine
1462,1,2019-02-01,unsold_cooked,0.17,21.19,routine
1463,1,2019-02-01,spoilage,0.08,8.85,routine
1464,1,2019-02-01,returned_order,0.02,2.49,routine
1465,1,2019-02-02,prep_waste,0.34,52.75,routine
1466,1,2019-02-02,unsold_cooked,0.23,27.9,routine
1467,1,2019-02-02,spoilage,0.07,8.5,routine
1468,1,2019-02-02,returned_order,0.87,131.75,routine
1469,1,2019-02-03,prep_waste,0.29,41.52,routine
1470,1,2019-02-03,unsold_cooked,0.17,22.48,routine
1471,1,2019-02-03,spoilage,0.05,6.91,routine
1472,1,2019-02-03,returned_order,1.66,233.12,routine
1473,1,2019-02-04,prep_waste,0.42,64.8,routine
1474,1,2019-02-04,unsold_cooked,0.21,28.83,routine
1475,1,2019-02-04,spoilage,0.04,5.18,routine
1476,1,2019-02-04,returned_order,0.02,2.75,routine
1477,1,2019-02-05,prep_waste,0.2,21.05,routine
1478,1,2019-02-05,unsold_cooked,0.22,26.51,routine
1479,1,2019-02-05,spoilage,0.06,6.97,routine
1480,1,2019-02-05,returned_order,0.67,72.21,routine
1481,1,2019-02-06,prep_waste,0.19,27.51,routine
1482,1,2019-02-06,unsold_cooked,0.19,25.88,routine
1483,1,2019-02-06,spoilage,0.05,5.81,routine
1484,1,2019-02-06,returned_order,0.02,2.73,routine
1485,1,2019-02-07,prep_waste,0.19,25.94,routine
1486,1,2019-02-07,unsold_cooked,0.16,18.85,routine
1487,1,2019-02-07,spoilage,0.04,4.65,routine
1488,1,2019-02-07,returned_order,0.02,2.56,routine
1489,1,2019-02-08,prep_waste,0.28,35.12,routine
1490,1,2019-02-08,unsold_cooked,0.17,24.51,routine
1491,1,2019-02-08,spoilage,0.07,10.52,routine
1492,1,2019-02-08,returned_order,0.02,2.83,routine
1493,1,2019-02-09,prep_waste,0.2,29.82,routine
1494,1,2019-02-09,unsold_cooked,0.14,18.61,routine
1495,1,2019-02-09,spoilage,0.08,8.22,routine
1496,1,2019-02-09,returned_order,1.11,121.51,routine
1497,1,2019-02-10,prep_waste,0.39,52.89,routine
1498,1,2019-02-10,unsold_cooked,0.13,17.19,routine
1499,1,2019-02-10,spoilage,0.04,5.82,routine
1500,1,2019-02-10,returned_order,0.02,2.44,routine
1501,1,2019-02-11,prep_waste,0.38,45.51,routine
1502,1,2019-02-11,unsold_cooked,0.16,18.86,routine
1503,1,2019-02-11,spoilage,0.05,6.19,routine
1504,1,2019-02-11,returned_order,0.02,2.47,routine
1505,1,2019-02-12,prep_waste,0.21,24.1,routine
1506,1,2019-02-12,unsold_cooked,0.21,22.96,routine
1507,1,2019-02-12,spoilage,0.05,7.57,routine
1508,1,2019-02-12,returned_order,1.31,194.35,routine
1509,1,2019-02-13,prep_waste,0.29,40.51,routine
1510,1,2019-02-13,unsold_cooked,0.19,22.38,routine
1511,1,2019-02-13,spoilage,0.03,5.04,routine
1512,1,2019-02-13,returned_order,0.56,76.56,routine
1513,1,2019-02-14,prep_waste,0.18,23.44,routine
1514,1,2019-02-14,unsold_cooked,0.13,13.93,routine
1515,1,2019-02-14,spoilage,0.04,5.26,routine
1516,1,2019-02-14,returned_order,0.02,2.79,routine
1517,1,2019-02-15,prep_waste,0.18,21.15,routine
1518,1,2019-02-15,unsold_cooked,0.11,15.93,routine
1519,1,2019-02-15,spoilage,0.05,5.66,routine
1520,1,2019-02-15,returned_order,0.9,132.42,routine
1521,1,2019-02-16,prep_waste,0.22,33.23,routine
1522,1,2019-02-16,unsold_cooked,0.19,20.27,routine
1523,1,2019-02-16,spoilage,0.03,3.72,routine
1524,1,2019-02-16,returned_order,1.47,210.34,routine
1525,1,2019-02-17,prep_waste,0.24,30.54,routine
1526,1,2019-02-17,unsold_cooked,0.2,21.57,routine
1527,1,2019-02-17,spoilage,0.08,10.78,routine
1528,1,2019-02-17,returned_order,0.02,2.54,routine
1529,1,2019-02-18,prep_waste,0.22,32.95,routine
1530,1,2019-02-18,unsold_cooked,0.17,18.12,routine
1531,1,2019-02-18,spoilage,0.08,9.51,routine
1532,1,2019-02-18,returned_order,0.02,2.79,routine
1533,1,2019-02-19,prep_waste,0.4,46.98,routine
1534,1,2019-02-19,unsold_cooked,0.17,24.81,routine
1535,1,2019-02-19,spoilage,0.07,10.39,routine
1536,1,2019-02-19,returned_order,0.02,2.28,routine
1537,1,2019-02-20,prep_waste,0.22,32.59,routine
1538,1,2019-02-20,unsold_cooked,0.22,23.96,routine
1539,1,2019-02-20,spoilage,0.07,7.42,routine
1540,1,2019-02-20,returned_order,0.6,92.07,routine
1541,1,2019-02-21,prep_waste,0.36,44.6,routine
1542,1,2019-02-21,unsold_cooked,0.22,28.85,routine
1543,1,2019-02-21,spoilage,0.05,5.76,routine
1544,1,2019-02-21,returned_order,0.02,2.89,routine
1545,1,2019-02-22,prep_waste,0.39,51.07,routine
1546,1,2019-02-22,unsold_cooked,0.17,18.01,routine
1547,1,2019-02-22,spoilage,0.03,3.99,routine
1548,1,2019-02-22,returned_order,0.02,3.02,routine
1549,1,2019-02-23,prep_waste,0.28,39.37,routine
1550,1,2019-02-23,unsold_cooked,0.21,24.46,routine
1551,1,2019-02-23,spoilage,0.05,5.66,routine
1552,1,2019-02-23,returned_order,0.51,65.58,routine
1553,1,2019-02-24,prep_waste,0.35,43.83,routine
1554,1,2019-02-24,unsold_cooked,0.14,18.95,routine
1555,1,2019-02-24,spoilage,0.06,6.27,routine
1556,1,2019-02-24,returned_order,0.57,75.25,routine
1557,1,2019-02-25,prep_waste,0.39,45.77,routine
1558,1,2019-02-25,unsold_cooked,0.13,18.55,routine
1559,1,2019-02-25,spoilage,0.06,7.51,routine
1560,1,2019-02-25,returned_order,0.52,74.16,routine
1561,1,2019-02-26,prep_waste,0.33,40.37,routine
1562,1,2019-02-26,unsold_cooked,0.12,14.62,routine
1563,1,2019-02-26,spoilage,0.06,6.18,routine
1564,1,2019-02-26,returned_order,0.02,2.28,routine
1565,1,2019-02-27,prep_waste,0.36,53.19,routine
1566,1,2019-02-27,unsold_cooked,0.22,32.72,routine
1567,1,2019-02-27,spoilage,0.05,5.32,routine
1568,1,2019-02-27,returned_order,0.02,3.03,routine
1569,1,2019-02-28,prep_waste,0.23,29.78,routine
1570,1,2019-02-28,unsold_cooked,0.12,17.13,routine
1571,1,2019-02-28,spoilage,0.07,7.76,routine
1572,1,2019-02-28,returned_order,0.02,2.15,routine
1573,1,2019-03-01,prep_waste,0.21,24.47,routine
1574,1,2019-03-01,unsold_cooked,0.21,25.36,routine
1575,1,2019-03-01,spoilage,0.07,9.41,routine
1576,1,2019-03-01,returned_order,0.02,2.11,routine
1577,1,2019-03-02,prep_waste,0.18,24.84,routine
1578,1,2019-03-02,unsold_cooked,0.24,27.68,routine
1579,1,2019-03-02,spoilage,0.05,7.56,routine
1580,1,2019-03-02,returned_order,0.02,3.0,routine
1581,1,2019-03-03,prep_waste,0.22,30.58,routine
1582,1,2019-03-03,unsold_cooked,0.26,39.73,routine
1583,1,2019-03-03,spoilage,0.07,9.47,routine
1584,1,2019-03-03,returned_order,0.53,65.55,routine
1585,1,2019-03-04,prep_waste,0.24,26.72,routine
1586,1,2019-03-04,unsold_cooked,0.26,27.8,routine
1587,1,2019-03-04,spoilage,0.03,5.02,routine
1588,1,2019-03-04,returned_order,1.26,193.12,routine
1589,1,2019-03-05,prep_waste,0.25,28.75,routine
1590,1,2019-03-05,unsold_cooked,0.16,23.82,routine
1591,1,2019-03-05,spoilage,0.06,7.35,routine
1592,1,2019-03-05,returned_order,0.58,61.01,routine
1593,1,2019-03-06,prep_waste,0.22,25.51,routine
1594,1,2019-03-06,unsold_cooked,0.18,20.78,routine
1595,1,2019-03-06,spoilage,0.07,10.61,routine
1596,1,2019-03-06,returned_order,0.52,72.65,routine
1597,1,2019-03-07,prep_waste,0.35,39.46,routine
1598,1,2019-03-07,unsold_cooked,0.13,18.78,routine
1599,1,2019-03-07,spoilage,0.04,6.05,routine
1600,1,2019-03-07,returned_order,0.02,2.25,routine
1601,1,2019-03-08,prep_waste,0.32,43.8,routine
1602,1,2019-03-08,unsold_cooked,0.17,20.29,routine
1603,1,2019-03-08,spoilage,0.05,6.17,routine
1604,1,2019-03-08,returned_order,0.02,2.81,routine
1605,1,2019-03-09,prep_waste,0.23,34.31,routine
1606,1,2019-03-09,unsold_cooked,0.28,32.46,routine
1607,1,2019-03-09,spoilage,0.08,9.71,routine
1608,1,2019-03-09,returned_order,1.28,181.47,routine
1609,1,2019-03-10,prep_waste,0.42,46.65,routine
1610,1,2019-03-10,unsold_cooked,0.18,28.12,routine
1611,1,2019-03-10,spoilage,0.06,7.5,routine
1612,1,2019-03-10,returned_order,0.02,2.91,routine
1613,1,2019-03-11,prep_waste,0.39,53.08,routine
1614,1,2019-03-11,unsold_cooked,0.24,35.86,routine
1615,1,2019-03-11,spoilage,0.03,4.34,routine
1616,1,2019-03-11,returned_order,0.02,2.93,routine
1617,1,2019-03-12,prep_waste,0.21,27.99,routine
1618,1,2019-03-12,unsold_cooked,0.14,19.41,routine
1619,1,2019-03-12,spoilage,0.06,6.85,routine
1620,1,2019-03-12,returned_order,0.6,89.61,routine
1621,1,2019-03-13,prep_waste,0.29,40.12,routine
1622,1,2019-03-13,unsold_cooked,0.12,18.64,routine
1623,1,2019-03-13,spoilage,0.05,6.43,routine
1624,1,2019-03-13,returned_order,0.02,2.57,routine
1625,1,2019-03-14,prep_waste,0.24,27.99,routine
1626,1,2019-03-14,unsold_cooked,0.2,29.61,routine
1627,1,2019-03-14,spoilage,0.06,7.65,routine
1628,1,2019-03-14,returned_order,0.02,2.12,routine
1629,1,2019-03-15,prep_waste,0.24,33.64,routine
1630,1,2019-03-15,unsold_cooked,0.24,29.42,routine
1631,1,2019-03-15,spoilage,0.05,4.95,routine
1632,1,2019-03-15,returned_order,0.02,2.43,routine
1633,1,2019-03-16,prep_waste,0.36,42.98,routine
1634,1,2019-03-16,unsold_cooked,0.18,23.89,routine
1635,1,2019-03-16,spoilage,0.06,9.38,routine
1636,1,2019-03-16,returned_order,0.02,3.05,routine
1637,1,2019-03-17,prep_waste,0.21,23.11,routine
1638,1,2019-03-17,unsold_cooked,0.24,35.32,routine
1639,1,2019-03-17,spoilage,0.05,6.55,routine
1640,1,2019-03-17,returned_order,2.43,367.3,routine
1641,1,2019-03-18,prep_waste,0.31,40.38,routine
1642,1,2019-03-18,unsold_cooked,0.15,16.11,routine
1643,1,2019-03-18,spoilage,0.06,7.42,routine
1644,1,2019-03-18,returned_order,1.11,138.07,routine
1645,1,2019-03-19,prep_waste,0.2,24.78,routine
1646,1,2019-03-19,unsold_cooked,0.22,25.24,routine
1647,1,2019-03-19,spoilage,0.05,6.09,routine
1648,1,2019-03-19,returned_order,0.89,114.79,routine
1649,1,2019-03-20,prep_waste,0.24,33.06,routine
1650,1,2019-03-20,unsold_cooked,0.14,15.63,routine
1651,1,2019-03-20,spoilage,0.03,4.22,routine
1652,1,2019-03-20,returned_order,0.02,3.08,routine
1653,1,2019-03-21,prep_waste,0.39,54.89,routine
1654,1,2019-03-21,unsold_cooked,0.26,35.99,routine
1655,1,2019-03-21,spoilage,0.08,9.64,routine
1656,1,2019-03-21,returned_order,0.02,2.3,routine
1657,1,2019-03-22,prep_waste,0.29,44.06,routine
1658,1,2019-03-22,unsold_cooked,0.25,31.18,routine
1659,1,2019-03-22,spoilage,0.05,6.07,routine
1660,1,2019-03-22,returned_order,0.02,2.47,routine
1661,1,2019-03-23,prep_waste,0.27,31.91,routine
1662,1,2019-03-23,unsold_cooked,0.22,28.09,routine
1663,1,2019-03-23,spoilage,0.07,9.49,routine
1664,1,2019-03-23,returned_order,0.62,70.04,routine
1665,1,2019-03-24,prep_waste,0.36,54.57,routine
1666,1,2019-03-24,unsold_cooked,0.26,29.47,routine
1667,1,2019-03-24,spoilage,0.08,8.94,routine
1668,1,2019-03-24,returned_order,0.64,85.06,routine
1669,1,2019-03-25,prep_waste,0.43,46.97,routine
1670,1,2019-03-25,unsold_cooked,0.25,27.3,routine
1671,1,2019-03-25,spoilage,0.04,5.69,routine
1672,1,2019-03-25,returned_order,0.02,2.44,routine
1673,1,2019-03-26,prep_waste,0.37,45.07,routine
1674,1,2019-03-26,unsold_cooked,0.16,19.27,routine
1675,1,2019-03-26,spoilage,0.06,8.37,routine
1676,1,2019-03-26,returned_order,0.52,76.8,routine
1677,1,2019-03-27,prep_waste,0.23,31.6,routine
1678,1,2019-03-27,unsold_cooked,0.2,23.84,routine
1679,1,2019-03-27,spoilage,0.05,6.62,routine
1680,1,2019-03-27,returned_order,0.02,2.39,routine
1681,1,2019-03-28,prep_waste,0.27,38.96,routine
1682,1,2019-03-28,unsold_cooked,0.22,34.1,routine
1683,1,2019-03-28,spoilage,0.08,9.25,routine
1684,1,2019-03-28,returned_order,0.02,2.4,routine
1685,1,2019-03-29,prep_waste,0.19,21.58,routine
1686,1,2019-03-29,unsold_cooked,0.17,18.79,routine
1687,1,2019-03-29,spoilage,0.05,6.5,routine
1688,1,2019-03-29,returned_order,0.02,2.3,routine
1689,1,2019-03-30,prep_waste,0.19,25.24,routine
1690,1,2019-03-30,unsold_cooked,0.19,23.16,routine
1691,1,2019-03-30,spoilage,0.08,9.74,routine
1692,1,2019-03-30,returned_order,0.02,3.06,routine
1693,1,2019-03-31,prep_waste,0.29,35.04,routine
1694,1,2019-03-31,unsold_cooked,0.23,32.83,routine
1695,1,2019-03-31,spoilage,0.05,8.17,routine
1696,1,2019-03-31,returned_order,0.71,85.87,routine
1697,1,2019-04-01,prep_waste,0.29,33.08,routine
1698,1,2019-04-01,unsold_cooked,0.17,23.93,routine
1699,1,2019-04-01,spoilage,0.08,11.37,routine
1700,1,2019-04-01,returned_order,0.02,2.63,routine
1701,1,2019-04-02,prep_waste,0.21,26.12,routine
1702,1,2019-04-02,unsold_cooked,0.18,27.6,routine
1703,1,2019-04-02,spoilage,0.06,7.74,routine
1704,1,2019-04-02,returned_order,0.02,2.52,routine
1705,1,2019-04-03,prep_waste,0.29,33.33,routine
1706,1,2019-04-03,unsold_cooked,0.18,25.56,routine
1707,1,2019-04-03,spoilage,0.04,4.9,routine
1708,1,2019-04-03,returned_order,0.02,2.38,routine
1709,1,2019-04-04,prep_waste,0.41,50.87,routine
1710,1,2019-04-04,unsold_cooked,0.13,18.67,routine
1711,1,2019-04-04,spoilage,0.04,6.28,routine
1712,1,2019-04-04,returned_order,0.02,2.44,routine
1713,1,2019-04-05,prep_waste,0.31,37.7,routine
1714,1,2019-04-05,unsold_cooked,0.26,32.17,routine
1715,1,2019-04-05,spoilage,0.08,10.4,routine
1716,1,2019-04-05,returned_order,0.02,2.43,routine
1717,1,2019-04-06,prep_waste,0.26,36.93,routine
1718,1,2019-04-06,unsold_cooked,0.2,23.88,routine
1719,1,2019-04-06,spoilage,0.04,5.04,routine
1720,1,2019-04-06,returned_order,0.02,2.33,routine
1721,1,2019-04-07,prep_waste,0.33,41.83,routine
1722,1,2019-04-07,unsold_cooked,0.22,30.0,routine
1723,1,2019-04-07,spoilage,0.04,6.3,routine
1724,1,2019-04-07,returned_order,2.03,273.42,routine
1725,1,2019-04-08,prep_waste,0.39,55.9,routine
1726,1,2019-04-08,unsold_cooked,0.18,23.7,routine
1727,1,2019-04-08,spoilage,0.05,6.09,routine
1728,1,2019-04-08,returned_order,0.02,2.95,routine
1729,1,2019-04-09,prep_waste,0.43,46.86,routine
1730,1,2019-04-09,unsold_cooked,0.27,35.44,routine
1731,1,2019-04-09,spoilage,0.04,5.83,routine
1732,1,2019-04-09,returned_order,0.63,69.19,routine
1733,1,2019-04-10,prep_waste,0.27,31.83,routine
1734,1,2019-04-10,unsold_cooked,0.1,13.23,routine
1735,1,2019-04-10,spoilage,0.05,5.49,routine
1736,1,2019-04-10,returned_order,0.55,65.77,routine
1737,1,2019-04-11,prep_waste,0.32,49.83,routine
1738,1,2019-04-11,unsold_cooked,0.16,20.25,routine
1739,1,2019-04-11,spoilage,0.05,6.97,routine
1740,1,2019-04-11,returned_order,0.02,3.02,routine
1741,1,2019-04-12,prep_waste,0.38,53.92,routine
1742,1,2019-04-12,unsold_cooked,0.16,17.34,routine
1743,1,2019-04-12,spoilage,0.06,9.52,routine
1744,1,2019-04-12,returned_order,1.77,230.99,routine
1745,1,2019-04-13,prep_waste,0.33,43.8,routine
1746,1,2019-04-13,unsold_cooked,0.28,34.58,routine
1747,1,2019-04-13,spoilage,0.05,7.56,routine
1748,1,2019-04-13,returned_order,0.83,111.96,routine
1749,1,2019-04-14,prep_waste,0.22,27.64,routine
1750,1,2019-04-14,unsold_cooked,0.2,22.23,routine
1751,1,2019-04-14,spoilage,0.07,7.94,routine
1752,1,2019-04-14,returned_order,2.11,228.86,routine
1753,1,2019-04-15,prep_waste,0.34,48.13,routine
1754,1,2019-04-15,unsold_cooked,0.14,15.24,routine
1755,1,2019-04-15,spoilage,0.06,7.67,routine
1756,1,2019-04-15,returned_order,0.02,2.3,routine
1757,1,2019-04-16,prep_waste,0.32,42.27,routine
1758,1,2019-04-16,unsold_cooked,0.22,24.7,routine
1759,1,2019-04-16,spoilage,0.05,5.37,routine
1760,1,2019-04-16,returned_order,1.62,188.81,routine
1761,1,2019-04-17,prep_waste,0.21,28.79,routine
1762,1,2019-04-17,unsold_cooked,0.24,37.43,routine
1763,1,2019-04-17,spoilage,0.04,4.97,routine
1764,1,2019-04-17,returned_order,0.02,3.01,routine
1765,1,2019-04-18,prep_waste,0.37,39.31,routine
1766,1,2019-04-18,unsold_cooked,0.2,30.7,routine
1767,1,2019-04-18,spoilage,0.08,8.71,routine
1768,1,2019-04-18,returned_order,0.02,2.93,routine
1769,1,2019-04-19,prep_waste,0.44,65.82,routine
1770,1,2019-04-19,unsold_cooked,0.26,37.32,routine
1771,1,2019-04-19,spoilage,0.05,5.24,routine
1772,1,2019-04-19,returned_order,0.02,2.56,routine
1773,1,2019-04-20,prep_waste,0.35,36.62,routine
1774,1,2019-04-20,unsold_cooked,0.18,27.39,routine
1775,1,2019-04-20,spoilage,0.06,7.66,routine
1776,1,2019-04-20,returned_order,0.02,2.57,routine
1777,1,2019-04-21,prep_waste,0.26,30.33,routine
1778,1,2019-04-21,unsold_cooked,0.28,37.21,routine
1779,1,2019-04-21,spoilage,0.05,5.98,routine
1780,1,2019-04-21,returned_order,1.41,164.06,routine
1781,1,2019-04-22,prep_waste,0.27,30.01,routine
1782,1,2019-04-22,unsold_cooked,0.14,21.27,routine
1783,1,2019-04-22,spoilage,0.05,7.89,routine
1784,1,2019-04-22,returned_order,0.02,2.59,routine
1785,1,2019-04-23,prep_waste,0.42,64.74,routine
1786,1,2019-04-23,unsold_cooked,0.15,19.14,routine
1787,1,2019-04-23,spoilage,0.07,10.17,routine
1788,1,2019-04-23,returned_order,0.02,2.61,routine
1789,1,2019-04-24,prep_waste,0.4,59.11,routine
1790,1,2019-04-24,unsold_cooked,0.17,19.38,routine
1791,1,2019-04-24,spoilage,0.06,6.91,routine
1792,1,2019-04-24,returned_order,0.55,74.21,routine
1793,1,2019-04-25,prep_waste,0.34,49.34,routine
1794,1,2019-04-25,unsold_cooked,0.18,21.07,routine
1795,1,2019-04-25,spoilage,0.05,7.11,routine
1796,1,2019-04-25,returned_order,0.02,2.65,routine
1797,1,2019-04-26,prep_waste,0.44,51.74,routine
1798,1,2019-04-26,unsold_cooked,0.15,16.17,routine
1799,1,2019-04-26,spoilage,0.04,6.25,routine
1800,1,2019-04-26,returned_order,0.02,2.16,routine
1801,1,2019-04-27,prep_waste,0.32,43.1,routine
1802,1,2019-04-27,unsold_cooked,0.25,36.74,routine
1803,1,2019-04-27,spoilage,0.07,10.42,routine
1804,1,2019-04-27,returned_order,0.02,2.94,routine
1805,1,2019-04-28,prep_waste,0.39,41.29,routine
1806,1,2019-04-28,unsold_cooked,0.17,26.2,routine
1807,1,2019-04-28,spoilage,0.04,5.46,routine
1808,1,2019-04-28,returned_order,0.02,2.47,routine
1809,1,2019-04-29,prep_waste,0.39,58.35,routine
1810,1,2019-04-29,unsold_cooked,0.13,17.72,routine
1811,1,2019-04-29,spoilage,0.07,10.12,routine
1812,1,2019-04-29,returned_order,0.02,2.55,routine
1813,1,2019-04-30,prep_waste,0.37,51.86,routine
1814,1,2019-04-30,unsold_cooked,0.24,25.9,routine
1815,1,2019-04-30,spoilage,0.04,4.57,routine
1816,1,2019-04-30,returned_order,0.89,107.61,routine
1817,1,2019-05-01,prep_waste,0.25,35.51,routine
1818,1,2019-05-01,unsold_cooked,0.24,35.91,routine
1819,1,2019-05-01,spoilage,0.07,7.36,routine
1820,1,2019-05-01,returned_order,0.02,2.3,routine
1821,1,2019-05-02,prep_waste,0.4,55.96,routine
1822,1,2019-05-02,unsold_cooked,0.24,25.08,routine
1823,1,2019-05-02,spoilage,0.05,5.68,routine
1824,1,2019-05-02,returned_order,0.02,2.25,routine
1825,1,2019-05-03,prep_waste,0.28,29.78,routine
1826,1,2019-05-03,unsold_cooked,0.19,30.06,routine
1827,1,2019-05-03,spoilage,0.07,9.57,routine
1828,1,2019-05-03,returned_order,0.02,3.09,routine
1829,1,2019-05-04,prep_waste,0.29,38.64,routine
1830,1,2019-05-04,unsold_cooked,0.14,20.7,routine
1831,1,2019-05-04,spoilage,0.07,9.61,routine
1832,1,2019-05-04,returned_order,0.63,93.0,routine
1833,1,2019-05-05,prep_waste,0.39,45.15,routine
1834,1,2019-05-05,unsold_cooked,0.23,24.76,routine
1835,1,2019-05-05,spoilage,0.06,8.79,routine
1836,1,2019-05-05,returned_order,0.66,83.71,routine
1837,1,2019-05-06,prep_waste,0.23,25.32,routine
1838,1,2019-05-06,unsold_cooked,0.15,18.18,routine
1839,1,2019-05-06,spoilage,0.06,6.22,routine
1840,1,2019-05-06,returned_order,0.68,99.81,routine
1841,1,2019-05-07,prep_waste,0.43,65.13,routine
1842,1,2019-05-07,unsold_cooked,0.18,25.93,routine
1843,1,2019-05-07,spoilage,0.08,10.25,routine
1844,1,2019-05-07,returned_order,0.02,2.8,routine
1845,1,2019-05-08,prep_waste,0.35,46.49,routine
1846,1,2019-05-08,unsold_cooked,0.15,22.59,routine
1847,1,2019-05-08,spoilage,0.05,5.92,routine
1848,1,2019-05-08,returned_order,0.02,3.07,routine
1849,1,2019-05-09,prep_waste,0.39,43.66,routine
1850,1,2019-05-09,unsold_cooked,0.2,25.71,routine
1851,1,2019-05-09,spoilage,0.07,8.94,routine
1852,1,2019-05-09,returned_order,0.83,87.54,routine
1853,1,2019-05-10,prep_waste,0.42,57.1,routine
1854,1,2019-05-10,unsold_cooked,0.13,18.63,routine
1855,1,2019-05-10,spoilage,0.06,6.71,routine
1856,1,2019-05-10,returned_order,0.71,97.49,routine
1857,1,2019-05-11,prep_waste,0.19,25.45,routine
1858,1,2019-05-11,unsold_cooked,0.19,24.21,routine
1859,1,2019-05-11,spoilage,0.08,9.42,routine
1860,1,2019-05-11,returned_order,0.02,2.88,routine
1861,1,2019-05-12,prep_waste,0.43,63.14,routine
1862,1,2019-05-12,unsold_cooked,0.17,20.98,routine
1863,1,2019-05-12,spoilage,0.05,7.53,routine
1864,1,2019-05-12,returned_order,0.02,2.96,routine
1865,1,2019-05-13,prep_waste,0.31,34.02,routine
1866,1,2019-05-13,unsold_cooked,0.13,19.2,routine
1867,1,2019-05-13,spoilage,0.05,6.84,routine
1868,1,2019-05-13,returned_order,0.02,2.89,routine
1869,1,2019-05-14,prep_waste,0.33,45.18,routine
1870,1,2019-05-14,unsold_cooked,0.12,13.7,routine
1871,1,2019-05-14,spoilage,0.08,10.96,routine
1872,1,2019-05-14,returned_order,0.02,2.57,routine
1873,1,2019-05-15,prep_waste,0.32,47.22,routine
1874,1,2019-05-15,unsold_cooked,0.22,32.72,routine
1875,1,2019-05-15,spoilage,0.06,8.47,routine
1876,1,2019-05-15,returned_order,0.02,2.55,routine
1877,1,2019-05-16,prep_waste,0.3,43.02,routine
1878,1,2019-05-16,unsold_cooked,0.2,29.29,routine
1879,1,2019-05-16,spoilage,0.04,4.66,routine
1880,1,2019-05-16,returned_order,0.02,2.95,routine
1881,1,2019-05-17,prep_waste,0.27,31.05,routine
1882,1,2019-05-17,unsold_cooked,0.12,12.86,routine
1883,1,2019-05-17,spoilage,0.04,4.95,routine
1884,1,2019-05-17,returned_order,0.02,2.35,routine
1885,1,2019-05-18,prep_waste,0.19,22.06,routine
1886,1,2019-05-18,unsold_cooked,0.19,22.78,routine
1887,1,2019-05-18,spoilage,0.04,5.88,routine
1888,1,2019-05-18,returned_order,0.02,2.79,routine
1889,1,2019-05-19,prep_waste,0.38,51.27,routine
1890,1,2019-05-19,unsold_cooked,0.14,14.31,routine
1891,1,2019-05-19,spoilage,0.05,5.6,routine
1892,1,2019-05-19,returned_order,0.02,2.68,routine
1893,1,2019-05-20,prep_waste,0.22,31.86,routine
1894,1,2019-05-20,unsold_cooked,0.16,18.06,routine
1895,1,2019-05-20,spoilage,0.07,10.51,routine
1896,1,2019-05-20,returned_order,0.02,2.23,routine
1897,1,2019-05-21,prep_waste,0.33,35.58,routine
1898,1,2019-05-21,unsold_cooked,0.23,34.18,routine
1899,1,2019-05-21,spoilage,0.04,4.89,routine
1900,1,2019-05-21,returned_order,0.02,2.75,routine
1901,1,2019-05-22,prep_waste,0.23,34.09,routine
1902,1,2019-05-22,unsold_cooked,0.13,18.01,routine
1903,1,2019-05-22,spoilage,0.06,6.51,routine
1904,1,2019-05-22,returned_order,0.02,2.6,routine
1905,1,2019-05-23,prep_waste,0.24,28.27,routine
1906,1,2019-05-23,unsold_cooked,0.13,15.65,routine
1907,1,2019-05-23,spoilage,0.04,4.19,routine
1908,1,2019-05-23,returned_order,0.02,2.4,routine
1909,1,2019-05-24,prep_waste,0.36,52.34,routine
1910,1,2019-05-24,unsold_cooked,0.2,28.65,routine
1911,1,2019-05-24,spoilage,0.04,4.65,routine
1912,1,2019-05-24,returned_order,0.02,2.85,routine
1913,1,2019-05-25,prep_waste,0.38,44.54,routine
1914,1,2019-05-25,unsold_cooked,0.21,24.99,routine
1915,1,2019-05-25,spoilage,0.07,7.73,routine
1916,1,2019-05-25,returned_order,0.87,126.63,routine
1917,1,2019-05-26,prep_waste,0.36,50.72,routine
1918,1,2019-05-26,unsold_cooked,0.18,24.78,routine
1919,1,2019-05-26,spoilage,0.03,4.68,routine
1920,1,2019-05-26,returned_order,0.02,3.04,routine
1921,1,2019-05-27,prep_waste,0.39,52.4,routine
1922,1,2019-05-27,unsold_cooked,0.14,20.76,routine
1923,1,2019-05-27,spoilage,0.07,10.03,routine
1924,1,2019-05-27,returned_order,0.02,2.69,routine
1925,1,2019-05-28,prep_waste,0.29,32.32,routine
1926,1,2019-05-28,unsold_cooked,0.19,29.32,routine
1927,1,2019-05-28,spoilage,0.04,5.03,routine
1928,1,2019-05-28,returned_order,0.02,2.12,routine
1929,1,2019-05-29,prep_waste,0.23,28.35,routine
1930,1,2019-05-29,unsold_cooked,0.14,15.82,routine
1931,1,2019-05-29,spoilage,0.08,11.34,routine
1932,1,2019-05-29,returned_order,0.5,70.25,routine
1933,1,2019-05-30,prep_waste,0.36,54.21,routine
1934,1,2019-05-30,unsold_cooked,0.19,29.59,routine
1935,1,2019-05-30,spoilage,0.07,10.18,routine
1936,1,2019-05-30,returned_order,0.02,2.64,routine
1937,1,2019-05-31,prep_waste,0.19,24.72,routine
1938,1,2019-05-31,unsold_cooked,0.21,31.6,routine
1939,1,2019-05-31,spoilage,0.08,9.83,routine
1940,1,2019-05-31,returned_order,0.02,2.59,routine
1941,1,2019-06-01,prep_waste,0.31,38.92,routine
1942,1,2019-06-01,unsold_cooked,0.23,32.91,routine
1943,1,2019-06-01,spoilage,0.05,5.96,routine
1944,1,2019-06-01,returned_order,0.02,2.44,routine
1945,1,2019-06-02,prep_waste,0.44,48.44,routine
1946,1,2019-06-02,unsold_cooked,0.12,13.75,routine
1947,1,2019-06-02,spoilage,0.04,4.9,routine
1948,1,2019-06-02,returned_order,0.84,127.76,routine
1949,1,2019-06-03,prep_waste,0.33,40.43,routine
1950,1,2019-06-03,unsold_cooked,0.26,35.17,routine
1951,1,2019-06-03,spoilage,0.07,9.93,routine
1952,1,2019-06-03,returned_order,0.02,2.62,routine
1953,1,2019-06-04,prep_waste,0.19,28.0,routine
1954,1,2019-06-04,unsold_cooked,0.13,17.65,routine
1955,1,2019-06-04,spoilage,0.07,9.41,routine
1956,1,2019-06-04,returned_order,0.02,2.75,routine
1957,1,2019-06-05,prep_waste,0.35,42.57,routine
1958,1,2019-06-05,unsold_cooked,0.19,28.98,routine
1959,1,2019-06-05,spoilage,0.08,11.49,routine
1960,1,2019-06-05,returned_order,0.85,110.49,routine
1961,1,2019-06-06,prep_waste,0.22,29.25,routine
1962,1,2019-06-06,unsold_cooked,0.14,20.34,routine
1963,1,2019-06-06,spoilage,0.05,7.23,routine
1964,1,2019-06-06,returned_order,0.02,2.39,routine
1965,1,2019-06-07,prep_waste,0.43,64.22,routine
1966,1,2019-06-07,unsold_cooked,0.13,20.59,routine
1967,1,2019-06-07,spoilage,0.07,10.17,routine
1968,1,2019-06-07,returned_order,0.02,2.31,routine
1969,1,2019-06-08,prep_waste,0.2,28.15,routine
1970,1,2019-06-08,unsold_cooked,0.15,15.49,routine
1971,1,2019-06-08,spoilage,0.07,8.52,routine
1972,1,2019-06-08,returned_order,0.02,2.81,routine
1973,1,2019-06-09,prep_waste,0.43,60.69,routine
1974,1,2019-06-09,unsold_cooked,0.23,23.78,routine
1975,1,2019-06-09,spoilage,0.03,4.94,routine
1976,1,2019-06-09,returned_order,2.42,309.82,routine
1977,1,2019-06-10,prep_waste,0.22,31.22,routine
1978,1,2019-06-10,unsold_cooked,0.14,19.93,routine
1979,1,2019-06-10,spoilage,0.05,8.04,routine
1980,1,2019-06-10,returned_order,0.02,2.93,routine
1981,1,2019-06-11,prep_waste,0.38,56.97,routine
1982,1,2019-06-11,unsold_cooked,0.24,36.72,routine
1983,1,2019-06-11,spoilage,0.06,9.03,routine
1984,1,2019-06-11,returned_order,0.6,84.4,routine
1985,1,2019-06-12,prep_waste,0.31,37.5,routine
1986,1,2019-06-12,unsold_cooked,0.18,19.83,routine
1987,1,2019-06-12,spoilage,0.05,7.45,routine
1988,1,2019-06-12,returned_order,0.02,2.89,routine
1989,1,2019-06-13,prep_waste,0.3,35.69,routine
1990,1,2019-06-13,unsold_cooked,0.16,20.76,routine
1991,1,2019-06-13,spoilage,0.07,10.57,routine
1992,1,2019-06-13,returned_order,0.02,2.58,routine
1993,1,2019-06-14,prep_waste,0.38,43.36,routine
1994,1,2019-06-14,unsold_cooked,0.19,27.17,routine
1995,1,2019-06-14,spoilage,0.03,4.9,routine
1996,1,2019-06-14,returned_order,0.02,2.56,routine
1997,1,2019-06-15,prep_waste,0.27,38.25,routine
1998,1,2019-06-15,unsold_cooked,0.2,27.55,routine
1999,1,2019-06-15,spoilage,0.06,7.15,routine
2000,1,2019-06-15,returned_order,0.02,2.67,routine
2001,1,2019-06-16,prep_waste,0.4,42.51,routine
2002,1,2019-06-16,unsold_cooked,0.29,31.14,routine
2003,1,2019-06-16,spoilage,0.03,3.71,routine
2004,1,2019-06-16,returned_order,0.81,101.27,routine
2005,1,2019-06-17,prep_waste,0.42,63.76,routine
2006,1,2019-06-17,unsold_cooked,0.23,23.88,routine
2007,1,2019-06-17,spoilage,0.08,12.21,routine
2008,1,2019-06-17,returned_order,0.02,2.64,routine
2009,1,2019-06-18,prep_waste,0.31,33.23,routine
2010,1,2019-06-18,unsold_cooked,0.15,19.05,routine
2011,1,2019-06-18,spoilage,0.06,8.34,routine
2012,1,2019-06-18,returned_order,0.02,2.33,routine
2013,1,2019-06-19,prep_waste,0.2,28.55,routine
2014,1,2019-06-19,unsold_cooked,0.23,26.32,routine
2015,1,2019-06-19,spoilage,0.08,8.47,routine
2016,1,2019-06-19,returned_order,0.02,2.68,routine
2017,1,2019-06-20,prep_waste,0.19,20.34,routine
2018,1,2019-06-20,unsold_cooked,0.14,21.56,routine
2019,1,2019-06-20,spoilage,0.05,6.04,routine
2020,1,2019-06-20,returned_order,0.73,76.96,routine
2021,1,2019-06-21,prep_waste,0.35,49.33,routine
2022,1,2019-06-21,unsold_cooked,0.22,32.7,routine
2023,1,2019-06-21,spoilage,0.06,6.35,routine
2024,1,2019-06-21,returned_order,0.02,3.07,routine
2025,1,2019-06-22,prep_waste,0.34,42.01,routine
2026,1,2019-06-22,unsold_cooked,0.2,30.51,routine
2027,1,2019-06-22,spoilage,0.05,5.46,routine
2028,1,2019-06-22,returned_order,0.02,2.62,routine
2029,1,2019-06-23,prep_waste,0.39,47.11,routine
2030,1,2019-06-23,unsold_cooked,0.21,27.09,routine
2031,1,2019-06-23,spoilage,0.07,9.23,routine
2032,1,2019-06-23,returned_order,0.02,2.36,routine
2033,1,2019-06-24,prep_waste,0.43,47.78,routine
2034,1,2019-06-24,unsold_cooked,0.19,21.52,routine
2035,1,2019-06-24,spoilage,0.03,3.57,routine
2036,1,2019-06-24,returned_order,0.02,3.03,routine
2037,1,2019-06-25,prep_waste,0.22,29.01,routine
2038,1,2019-06-25,unsold_cooked,0.11,11.93,routine
2039,1,2019-06-25,spoilage,0.08,10.8,routine
2040,1,2019-06-25,returned_order,0.02,2.39,routine
2041,1,2019-06-26,prep_waste,0.26,30.96,routine
2042,1,2019-06-26,unsold_cooked,0.23,27.05,routine
2043,1,2019-06-26,spoilage,0.07,10.54,routine
2044,1,2019-06-26,returned_order,0.02,2.64,routine
2045,1,2019-06-27,prep_waste,0.22,27.82,routine
2046,1,2019-06-27,unsold_cooked,0.1,13.05,routine
2047,1,2019-06-27,spoilage,0.06,6.49,routine
2048,1,2019-06-27,returned_order,0.02,2.95,routine
2049,1,2019-06-28,prep_waste,0.2,24.13,routine
2050,1,2019-06-28,unsold_cooked,0.18,23.84,routine
2051,1,2019-06-28,spoilage,0.06,8.94,routine
2052,1,2019-06-28,returned_order,0.66,95.15,routine
2053,1,2019-06-29,prep_waste,0.43,52.36,routine
2054,1,2019-06-29,unsold_cooked,0.2,24.14,routine
2055,1,2019-06-29,spoilage,0.06,9.07,routine
2056,1,2019-06-29,returned_order,0.89,110.07,routine
2057,1,2019-06-30,prep_waste,0.3,41.45,routine
2058,1,2019-06-30,unsold_cooked,0.12,16.73,routine
2059,1,2019-06-30,spoilage,0.04,5.47,routine
2060,1,2019-06-30,returned_order,0.02,2.47,routine
2061,1,2019-07-01,prep_waste,0.37,48.71,routine
2062,1,2019-07-01,unsold_cooked,0.16,17.34,routine
2063,1,2019-07-01,spoilage,0.04,4.68,routine
2064,1,2019-07-01,returned_order,0.66,98.73,routine
2065,2,2019-07-01,prep_waste,0.4,61.27,routine
2066,2,2019-07-01,unsold_cooked,0.16,23.63,routine
2067,2,2019-07-01,spoilage,0.04,4.72,routine
2068,2,2019-07-01,returned_order,0.02,2.87,routine
2069,1,2019-07-02,prep_waste,0.29,36.57,routine
2070,1,2019-07-02,unsold_cooked,0.27,28.49,routine
2071,1,2019-07-02,spoilage,0.08,9.08,routine
2072,1,2019-07-02,returned_order,0.02,2.47,routine
2073,2,2019-07-02,prep_waste,0.2,24.46,routine
2074,2,2019-07-02,unsold_cooked,0.22,30.78,routine
2075,2,2019-07-02,spoilage,0.06,7.25,routine
2076,2,2019-07-02,returned_order,0.02,2.44,routine
2077,1,2019-07-03,prep_waste,0.39,53.87,routine
2078,1,2019-07-03,unsold_cooked,0.13,18.89,routine
2079,1,2019-07-03,spoilage,0.05,6.16,routine
2080,1,2019-07-03,returned_order,0.02,3.04,routine
2081,2,2019-07-03,prep_waste,0.41,43.45,routine
2082,2,2019-07-03,unsold_cooked,0.13,20.03,routine
2083,2,2019-07-03,spoilage,0.05,5.69,routine
2084,2,2019-07-03,returned_order,0.66,79.49,routine
2085,1,2019-07-04,prep_waste,0.22,28.93,routine
2086,1,2019-07-04,unsold_cooked,0.15,18.89,routine
2087,1,2019-07-04,spoilage,0.05,5.45,routine
2088,1,2019-07-04,returned_order,0.02,2.46,routine
2089,2,2019-07-04,prep_waste,0.44,51.29,routine
2090,2,2019-07-04,unsold_cooked,0.24,30.01,routine
2091,2,2019-07-04,spoilage,0.04,5.82,routine
2092,2,2019-07-04,returned_order,0.02,2.69,routine
2093,1,2019-07-05,prep_waste,0.4,47.08,routine
2094,1,2019-07-05,unsold_cooked,0.26,34.03,routine
2095,1,2019-07-05,spoilage,0.06,8.45,routine
2096,1,2019-07-05,returned_order,0.02,2.28,routine
2097,2,2019-07-05,prep_waste,0.38,43.19,routine
2098,2,2019-07-05,unsold_cooked,0.19,23.56,routine
2099,2,2019-07-05,spoilage,0.06,9.45,routine
2100,2,2019-07-05,returned_order,0.02,2.19,routine
2101,1,2019-07-06,prep_waste,0.33,44.93,routine
2102,1,2019-07-06,unsold_cooked,0.12,14.39,routine
2103,1,2019-07-06,spoilage,0.05,7.19,routine
2104,1,2019-07-06,returned_order,0.02,2.84,routine
2105,2,2019-07-06,prep_waste,0.26,34.39,routine
2106,2,2019-07-06,unsold_cooked,0.19,26.83,routine
2107,2,2019-07-06,spoilage,0.08,9.22,routine
2108,2,2019-07-06,returned_order,0.02,2.7,routine
2109,1,2019-07-07,prep_waste,0.29,33.45,routine
2110,1,2019-07-07,unsold_cooked,0.14,15.05,routine
2111,1,2019-07-07,spoilage,0.06,6.72,routine
2112,1,2019-07-07,returned_order,0.02,2.38,routine
2113,2,2019-07-07,prep_waste,0.32,44.66,routine
2114,2,2019-07-07,unsold_cooked,0.11,15.37,routine
2115,2,2019-07-07,spoilage,0.05,7.74,routine
2116,2,2019-07-07,returned_order,0.54,57.57,routine
2117,1,2019-07-08,prep_waste,0.32,43.03,routine
2118,1,2019-07-08,unsold_cooked,0.16,21.42,routine
2119,1,2019-07-08,spoilage,0.04,5.82,routine
2120,1,2019-07-08,returned_order,0.02,2.36,routine
2121,2,2019-07-08,prep_waste,0.39,58.43,routine
2122,2,2019-07-08,unsold_cooked,0.18,21.27,routine
2123,2,2019-07-08,spoilage,0.06,8.35,routine
2124,2,2019-07-08,returned_order,0.02,2.38,routine
2125,1,2019-07-09,prep_waste,0.26,27.85,routine
2126,1,2019-07-09,unsold_cooked,0.15,17.95,routine
2127,1,2019-07-09,spoilage,0.05,5.85,routine
2128,1,2019-07-09,returned_order,0.9,100.02,routine
2129,2,2019-07-09,prep_waste,0.41,60.11,routine
2130,2,2019-07-09,unsold_cooked,0.21,29.92,routine
2131,2,2019-07-09,spoilage,0.07,9.58,routine
2132,2,2019-07-09,returned_order,0.02,2.69,routine
2133,1,2019-07-10,prep_waste,0.25,28.59,routine
2134,1,2019-07-10,unsold_cooked,0.23,31.67,routine
2135,1,2019-07-10,spoilage,0.05,7.16,routine
2136,1,2019-07-10,returned_order,0.81,86.05,routine
2137,2,2019-07-10,prep_waste,0.38,43.95,routine
2138,2,2019-07-10,unsold_cooked,0.13,14.57,routine
2139,2,2019-07-10,spoilage,0.04,4.84,routine
2140,2,2019-07-10,returned_order,0.02,3.09,routine
2141,1,2019-07-11,prep_waste,0.22,28.76,routine
2142,1,2019-07-11,unsold_cooked,0.18,25.95,routine
2143,1,2019-07-11,spoilage,0.07,9.5,routine
2144,1,2019-07-11,returned_order,0.02,2.5,routine
2145,2,2019-07-11,prep_waste,0.42,50.47,routine
2146,2,2019-07-11,unsold_cooked,0.19,27.21,routine
2147,2,2019-07-11,spoilage,0.05,6.48,routine
2148,2,2019-07-11,returned_order,0.02,2.71,routine
2149,1,2019-07-12,prep_waste,0.27,38.88,routine
2150,1,2019-07-12,unsold_cooked,0.15,15.97,routine
2151,1,2019-07-12,spoilage,0.05,5.83,routine
2152,1,2019-07-12,returned_order,0.51,60.9,routine
2153,2,2019-07-12,prep_waste,0.33,44.8,routine
2154,2,2019-07-12,unsold_cooked,0.18,23.45,routine
2155,2,2019-07-12,spoilage,0.06,8.28,routine
2156,2,2019-07-12,returned_order,0.02,2.7,routine
2157,1,2019-07-13,prep_waste,0.23,31.1,routine
2158,1,2019-07-13,unsold_cooked,0.11,13.06,routine
2159,1,2019-07-13,spoilage,0.07,10.83,routine
2160,1,2019-07-13,returned_order,0.02,2.47,routine
2161,2,2019-07-13,prep_waste,0.37,47.89,routine
2162,2,2019-07-13,unsold_cooked,0.19,27.74,routine
2163,2,2019-07-13,spoilage,0.06,7.68,routine
2164,2,2019-07-13,returned_order,0.82,114.89,routine
2165,1,2019-07-14,prep_waste,0.39,55.96,routine
2166,1,2019-07-14,unsold_cooked,0.17,20.29,routine
2167,1,2019-07-14,spoilage,0.04,4.52,routine
2168,1,2019-07-14,returned_order,0.02,3.0,routine
2169,2,2019-07-14,prep_waste,0.26,30.78,routine
2170,2,2019-07-14,unsold_cooked,0.19,26.42,routine
2171,2,2019-07-14,spoilage,0.05,5.3,routine
2172,2,2019-07-14,returned_order,0.02,2.3,routine
2173,1,2019-07-15,prep_waste,0.36,48.55,routine
2174,1,2019-07-15,unsold_cooked,0.21,33.31,routine
2175,1,2019-07-15,spoilage,0.07,9.71,routine
2176,1,2019-07-15,returned_order,0.02,2.43,routine
2177,2,2019-07-15,prep_waste,0.44,60.54,routine
2178,2,2019-07-15,unsold_cooked,0.11,16.82,routine
2179,2,2019-07-15,spoilage,0.07,9.41,routine
2180,2,2019-07-15,returned_order,0.02,2.82,routine
2181,1,2019-07-16,prep_waste,0.31,38.18,routine
2182,1,2019-07-16,unsold_cooked,0.12,16.29,routine
2183,1,2019-07-16,spoilage,0.06,6.66,routine
2184,1,2019-07-16,returned_order,0.02,2.79,routine
2185,2,2019-07-16,prep_waste,0.23,34.6,routine
2186,2,2019-07-16,unsold_cooked,0.21,24.38,routine
2187,2,2019-07-16,spoilage,0.06,6.63,routine
2188,2,2019-07-16,returned_order,0.02,2.17,routine
2189,1,2019-07-17,prep_waste,0.26,40.45,routine
2190,1,2019-07-17,unsold_cooked,0.2,26.42,routine
2191,1,2019-07-17,spoilage,0.06,6.86,routine
2192,1,2019-07-17,returned_order,0.71,81.05,routine
2193,2,2019-07-17,prep_waste,0.26,34.96,routine
2194,2,2019-07-17,unsold_cooked,0.17,21.35,routine
2195,2,2019-07-17,spoilage,0.07,10.74,routine
2196,2,2019-07-17,returned_order,0.02,2.62,routine
2197,1,2019-07-18,prep_waste,0.33,40.64,routine
2198,1,2019-07-18,unsold_cooked,0.25,26.47,routine
2199,1,2019-07-18,spoilage,0.06,7.93,routine
2200,1,2019-07-18,returned_order,0.02,2.55,routine
2201,2,2019-07-18,prep_waste,0.22,23.09,routine
2202,2,2019-07-18,unsold_cooked,0.22,30.68,routine
2203,2,2019-07-18,spoilage,0.06,9.4,routine
2204,2,2019-07-18,returned_order,0.02,2.62,routine
2205,1,2019-07-19,prep_waste,0.31,32.94,routine
2206,1,2019-07-19,unsold_cooked,0.18,23.81,routine
2207,1,2019-07-19,spoilage,0.05,7.51,routine
2208,1,2019-07-19,returned_order,0.02,2.37,routine
2209,2,2019-07-19,prep_waste,0.26,30.32,routine
2210,2,2019-07-19,unsold_cooked,0.14,21.33,routine
2211,2,2019-07-19,spoilage,0.05,5.26,routine
2212,2,2019-07-19,returned_order,0.02,3.0,routine
2213,1,2019-07-20,prep_waste,0.32,35.37,routine
2214,1,2019-07-20,unsold_cooked,0.12,13.65,routine
2215,1,2019-07-20,spoilage,0.06,7.13,routine
2216,1,2019-07-20,returned_order,0.02,2.87,routine
2217,2,2019-07-20,prep_waste,0.32,37.42,routine
2218,2,2019-07-20,unsold_cooked,0.11,15.66,routine
2219,2,2019-07-20,spoilage,0.04,4.81,routine
2220,2,2019-07-20,returned_order,0.81,124.06,routine
2221,1,2019-07-21,prep_waste,0.27,37.14,routine
2222,1,2019-07-21,unsold_cooked,0.19,26.96,routine
2223,1,2019-07-21,spoilage,0.05,6.72,routine
2224,1,2019-07-21,returned_order,0.02,2.46,routine
2225,2,2019-07-21,prep_waste,0.29,40.08,routine
2226,2,2019-07-21,unsold_cooked,0.17,19.65,routine
2227,2,2019-07-21,spoilage,0.04,4.84,routine
2228,2,2019-07-21,returned_order,0.73,96.57,routine
2229,1,2019-07-22,prep_waste,0.3,31.62,routine
2230,1,2019-07-22,unsold_cooked,0.1,14.85,routine
2231,1,2019-07-22,spoilage,0.05,5.75,routine
2232,1,2019-07-22,returned_order,1.41,216.7,routine
2233,2,2019-07-22,prep_waste,0.2,24.24,routine
2234,2,2019-07-22,unsold_cooked,0.11,15.29,routine
2235,2,2019-07-22,spoilage,0.08,8.7,routine
2236,2,2019-07-22,returned_order,0.74,99.22,routine
2237,1,2019-07-23,prep_waste,0.23,36.04,routine
2238,1,2019-07-23,unsold_cooked,0.15,15.84,routine
2239,1,2019-07-23,spoilage,0.03,5.2,routine
2240,1,2019-07-23,returned_order,0.02,2.66,routine
2241,2,2019-07-23,prep_waste,0.31,39.97,routine
2242,2,2019-07-23,unsold_cooked,0.18,20.63,routine
2243,2,2019-07-23,spoilage,0.06,9.55,routine
2244,2,2019-07-23,returned_order,0.02,3.02,routine
2245,1,2019-07-24,prep_waste,0.39,53.16,routine
2246,1,2019-07-24,unsold_cooked,0.18,26.78,routine
2247,1,2019-07-24,spoilage,0.07,9.65,routine
2248,1,2019-07-24,returned_order,0.02,2.47,routine
2249,2,2019-07-24,prep_waste,0.4,49.93,routine
2250,2,2019-07-24,unsold_cooked,0.11,16.04,routine
2251,2,2019-07-24,spoilage,0.08,11.36,routine
2252,2,2019-07-24,returned_order,0.02,2.95,routine
2253,1,2019-07-25,prep_waste,0.34,36.53,routine
2254,1,2019-07-25,unsold_cooked,0.18,24.51,routine
2255,1,2019-07-25,spoilage,0.06,6.87,routine
2256,1,2019-07-25,returned_order,0.02,2.4,routine
2257,2,2019-07-25,prep_waste,0.44,50.84,routine
2258,2,2019-07-25,unsold_cooked,0.16,20.81,routine
2259,2,2019-07-25,spoilage,0.05,6.73,routine
2260,2,2019-07-25,returned_order,0.02,2.7,routine
2261,1,2019-07-26,prep_waste,0.35,40.84,routine
2262,1,2019-07-26,unsold_cooked,0.19,21.81,routine
2263,1,2019-07-26,spoilage,0.08,8.05,routine
2264,1,2019-07-26,returned_order,0.02,3.0,routine
2265,2,2019-07-26,prep_waste,0.2,25.72,routine
2266,2,2019-07-26,unsold_cooked,0.21,27.64,routine
2267,2,2019-07-26,spoilage,0.06,8.7,routine
2268,2,2019-07-26,returned_order,0.02,2.36,routine
2269,1,2019-07-27,prep_waste,0.23,28.58,routine
2270,1,2019-07-27,unsold_cooked,0.12,16.06,routine
2271,1,2019-07-27,spoilage,0.07,8.72,routine
2272,1,2019-07-27,returned_order,0.02,2.48,routine
2273,2,2019-07-27,prep_waste,0.42,45.98,routine
2274,2,2019-07-27,unsold_cooked,0.14,21.36,routine
2275,2,2019-07-27,spoilage,0.05,5.81,routine
2276,2,2019-07-27,returned_order,0.02,2.32,routine
2277,1,2019-07-28,prep_waste,0.41,59.68,routine
2278,1,2019-07-28,unsold_cooked,0.24,30.24,routine
2279,1,2019-07-28,spoilage,0.05,6.33,routine
2280,1,2019-07-28,returned_order,0.78,117.91,routine
2281,2,2019-07-28,prep_waste,0.23,33.07,routine
2282,2,2019-07-28,unsold_cooked,0.18,26.1,routine
2283,2,2019-07-28,spoilage,0.06,6.78,routine
2284,2,2019-07-28,returned_order,0.02,2.94,routine
2285,1,2019-07-29,prep_waste,0.44,58.97,routine
2286,1,2019-07-29,unsold_cooked,0.16,23.25,routine
2287,1,2019-07-29,spoilage,0.05,5.72,routine
2288,1,2019-07-29,returned_order,0.02,2.79,routine
2289,2,2019-07-29,prep_waste,0.41,55.45,routine
2290,2,2019-07-29,unsold_cooked,0.22,32.61,routine
2291,2,2019-07-29,spoilage,0.06,7.76,routine
2292,2,2019-07-29,returned_order,0.02,2.96,routine
2293,1,2019-07-30,prep_waste,0.26,31.43,routine
2294,1,2019-07-30,unsold_cooked,0.17,19.8,routine
2295,1,2019-07-30,spoilage,0.04,5.02,routine
2296,1,2019-07-30,returned_order,0.02,2.57,routine
2297,2,2019-07-30,prep_waste,0.3,42.66,routine
2298,2,2019-07-30,unsold_cooked,0.16,23.52,routine
2299,2,2019-07-30,spoilage,0.07,9.36,routine
2300,2,2019-07-30,returned_order,0.02,2.35,routine
2301,1,2019-07-31,prep_waste,0.28,40.57,routine
2302,1,2019-07-31,unsold_cooked,0.12,17.4,routine
2303,1,2019-07-31,spoilage,0.08,11.65,routine
2304,1,2019-07-31,returned_order,0.02,2.6,routine
2305,2,2019-07-31,prep_waste,0.43,45.88,routine
2306,2,2019-07-31,unsold_cooked,0.12,18.61,routine
2307,2,2019-07-31,spoilage,0.05,6.85,routine
2308,2,2019-07-31,returned_order,0.02,2.16,routine
2309,1,2019-08-01,prep_waste,0.2,22.84,routine
2310,1,2019-08-01,unsold_cooked,0.19,28.11,routine
2311,1,2019-08-01,spoilage,0.04,5.89,routine
2312,1,2019-08-01,returned_order,0.78,109.78,routine
2313,2,2019-08-01,prep_waste,0.41,53.88,routine
2314,2,2019-08-01,unsold_cooked,0.16,24.81,routine
2315,2,2019-08-01,spoilage,0.08,10.38,routine
2316,2,2019-08-01,returned_order,0.02,2.95,routine
2317,1,2019-08-02,prep_waste,0.34,43.69,routine
2318,1,2019-08-02,unsold_cooked,0.15,23.16,routine
2319,1,2019-08-02,spoilage,0.05,6.58,routine
2320,1,2019-08-02,returned_order,0.02,2.86,routine
2321,2,2019-08-02,prep_waste,0.31,46.26,routine
2322,2,2019-08-02,unsold_cooked,0.23,32.42,routine
2323,2,2019-08-02,spoilage,0.07,8.69,routine
2324,2,2019-08-02,returned_order,0.02,2.36,routine
2325,1,2019-08-03,prep_waste,0.35,39.6,routine
2326,1,2019-08-03,unsold_cooked,0.19,24.28,routine
2327,1,2019-08-03,spoilage,0.07,9.32,routine
2328,1,2019-08-03,returned_order,0.02,2.72,routine
2329,2,2019-08-03,prep_waste,0.3,37.11,routine
2330,2,2019-08-03,unsold_cooked,0.24,25.51,routine
2331,2,2019-08-03,spoilage,0.04,5.71,routine
2332,2,2019-08-03,returned_order,0.02,2.13,routine
2333,1,2019-08-04,prep_waste,0.23,30.69,routine
2334,1,2019-08-04,unsold_cooked,0.2,29.2,routine
2335,1,2019-08-04,spoilage,0.05,5.28,routine
2336,1,2019-08-04,returned_order,2.6,284.44,routine
2337,2,2019-08-04,prep_waste,0.24,30.93,routine
2338,2,2019-08-04,unsold_cooked,0.2,25.9,routine
2339,2,2019-08-04,spoilage,0.04,3.95,routine
2340,2,2019-08-04,returned_order,0.02,2.35,routine
2341,1,2019-08-05,prep_waste,0.18,25.32,routine
2342,1,2019-08-05,unsold_cooked,0.1,10.59,routine
2343,1,2019-08-05,spoilage,0.05,7.12,routine
2344,1,2019-08-05,returned_order,0.66,82.47,routine
2345,2,2019-08-05,prep_waste,0.3,44.02,routine
2346,2,2019-08-05,unsold_cooked,0.14,15.4,routine
2347,2,2019-08-05,spoilage,0.06,8.36,routine
2348,2,2019-08-05,returned_order,0.02,2.93,routine
2349,1,2019-08-06,prep_waste,0.19,21.85,routine
2350,1,2019-08-06,unsold_cooked,0.19,25.26,routine
2351,1,2019-08-06,spoilage,0.05,6.79,routine
2352,1,2019-08-06,returned_order,0.67,71.66,routine
2353,2,2019-08-06,prep_waste,0.2,22.67,routine
2354,2,2019-08-06,unsold_cooked,0.21,28.08,routine
2355,2,2019-08-06,spoilage,0.06,6.5,routine
2356,2,2019-08-06,returned_order,0.02,2.26,routine
2357,1,2019-08-07,prep_waste,0.44,61.96,routine
2358,1,2019-08-07,unsold_cooked,0.17,23.06,routine
2359,1,2019-08-07,spoilage,0.06,6.43,routine
2360,1,2019-08-07,returned_order,0.02,2.5,routine
2361,2,2019-08-07,prep_waste,0.44,60.15,routine
2362,2,2019-08-07,unsold_cooked,0.21,31.84,routine
2363,2,2019-08-07,spoilage,0.07,10.08,routine
2364,2,2019-08-07,returned_order,0.02,2.78,routine
2365,1,2019-08-08,prep_waste,0.31,44.82,routine
2366,1,2019-08-08,unsold_cooked,0.15,19.01,routine
2367,1,2019-08-08,spoilage,0.04,5.21,routine
2368,1,2019-08-08,returned_order,0.02,3.0,routine
2369,2,2019-08-08,prep_waste,0.36,50.2,routine
2370,2,2019-08-08,unsold_cooked,0.19,27.69,routine
2371,2,2019-08-08,spoilage,0.04,5.18,routine
2372,2,2019-08-08,returned_order,0.02,2.5,routine
2373,1,2019-08-09,prep_waste,0.39,49.29,routine
2374,1,2019-08-09,unsold_cooked,0.11,15.76,routine
2375,1,2019-08-09,spoilage,0.07,9.39,routine
2376,1,2019-08-09,returned_order,0.02,2.18,routine
2377,2,2019-08-09,prep_waste,0.38,52.82,routine
2378,2,2019-08-09,unsold_cooked,0.14,15.19,routine
2379,2,2019-08-09,spoilage,0.07,7.71,routine
2380,2,2019-08-09,returned_order,0.02,2.37,routine
2381,1,2019-08-10,prep_waste,0.23,35.29,routine
2382,1,2019-08-10,unsold_cooked,0.24,29.02,routine
2383,1,2019-08-10,spoilage,0.04,4.18,routine
2384,1,2019-08-10,returned_order,0.02,2.95,routine
2385,2,2019-08-10,prep_waste,0.2,24.74,routine
2386,2,2019-08-10,unsold_cooked,0.21,28.55,routine
2387,2,2019-08-10,spoilage,0.04,5.42,routine
2388,2,2019-08-10,returned_order,0.62,84.54,routine
2389,1,2019-08-11,prep_waste,0.19,27.72,routine
2390,1,2019-08-11,unsold_cooked,0.16,23.86,routine
2391,1,2019-08-11,spoilage,0.04,5.32,routine
2392,1,2019-08-11,returned_order,0.75,89.46,routine
2393,2,2019-08-11,prep_waste,0.44,62.75,routine
2394,2,2019-08-11,unsold_cooked,0.12,12.94,routine
2395,2,2019-08-11,spoilage,0.05,6.16,routine
2396,2,2019-08-11,returned_order,0.02,2.72,routine
2397,1,2019-08-12,prep_waste,0.27,35.23,routine
2398,1,2019-08-12,unsold_cooked,0.23,35.96,routine
2399,1,2019-08-12,spoilage,0.04,5.31,routine
2400,1,2019-08-12,returned_order,0.02,2.64,routine
2401,2,2019-08-12,prep_waste,0.29,34.5,routine
2402,2,2019-08-12,unsold_cooked,0.2,22.87,routine
2403,2,2019-08-12,spoilage,0.05,5.73,routine
2404,2,2019-08-12,returned_order,0.02,2.85,routine
2405,1,2019-08-13,prep_waste,0.18,24.58,routine
2406,1,2019-08-13,unsold_cooked,0.13,17.77,routine
2407,1,2019-08-13,spoilage,0.07,9.63,routine
2408,1,2019-08-13,returned_order,0.02,2.27,routine
2409,2,2019-08-13,prep_waste,0.24,27.95,routine
2410,2,2019-08-13,unsold_cooked,0.11,16.76,routine
2411,2,2019-08-13,spoilage,0.04,4.07,routine
2412,2,2019-08-13,returned_order,0.02,2.81,routine
2413,1,2019-08-14,prep_waste,0.2,22.33,routine
2414,1,2019-08-14,unsold_cooked,0.24,33.55,routine
2415,1,2019-08-14,spoilage,0.05,6.09,routine
2416,1,2019-08-14,returned_order,0.02,2.14,routine
2417,2,2019-08-14,prep_waste,0.32,34.71,routine
2418,2,2019-08-14,unsold_cooked,0.23,32.75,routine
2419,2,2019-08-14,spoilage,0.07,8.17,routine
2420,2,2019-08-14,returned_order,0.02,2.12,routine
2421,1,2019-08-15,prep_waste,0.4,49.05,routine
2422,1,2019-08-15,unsold_cooked,0.15,18.79,routine
2423,1,2019-08-15,spoilage,0.06,7.82,routine
2424,1,2019-08-15,returned_order,0.51,58.59,routine
2425,2,2019-08-15,prep_waste,0.33,38.28,routine
2426,2,2019-08-15,unsold_cooked,0.24,28.35,routine
2427,2,2019-08-15,spoilage,0.06,6.89,routine
2428,2,2019-08-15,returned_order,0.02,2.61,routine
2429,1,2019-08-16,prep_waste,0.39,54.34,routine
2430,1,2019-08-16,unsold_cooked,0.13,13.62,routine
2431,1,2019-08-16,spoilage,0.07,8.29,routine
2432,1,2019-08-16,returned_order,0.52,74.63,routine
2433,2,2019-08-16,prep_waste,0.31,41.33,routine
2434,2,2019-08-16,unsold_cooked,0.22,32.58,routine
2435,2,2019-08-16,spoilage,0.05,6.51,routine
2436,2,2019-08-16,returned_order,0.02,2.16,routine
2437,1,2019-08-17,prep_waste,0.35,50.26,routine
2438,1,2019-08-17,unsold_cooked,0.16,23.77,routine
2439,1,2019-08-17,spoilage,0.08,11.54,routine
2440,1,2019-08-17,returned_order,0.02,2.59,routine
2441,2,2019-08-17,prep_waste,0.3,35.96,routine
2442,2,2019-08-17,unsold_cooked,0.21,31.87,routine
2443,2,2019-08-17,spoilage,0.04,4.62,routine
2444,2,2019-08-17,returned_order,0.02,2.26,routine
2445,1,2019-08-18,prep_waste,0.19,25.19,routine
2446,1,2019-08-18,unsold_cooked,0.12,18.02,routine
2447,1,2019-08-18,spoilage,0.05,6.68,routine
2448,1,2019-08-18,returned_order,0.83,121.27,routine
2449,2,2019-08-18,prep_waste,0.4,45.51,routine
2450,2,2019-08-18,unsold_cooked,0.19,26.53,routine
2451,2,2019-08-18,spoilage,0.07,10.09,routine
2452,2,2019-08-18,returned_order,0.02,2.73,routine
2453,1,2019-08-19,prep_waste,0.2,22.66,routine
2454,1,2019-08-19,unsold_cooked,0.14,20.2,routine
2455,1,2019-08-19,spoilage,0.03,4.45,routine
2456,1,2019-08-19,returned_order,0.02,2.41,routine
2457,2,2019-08-19,prep_waste,0.24,27.83,routine
2458,2,2019-08-19,unsold_cooked,0.2,22.81,routine
2459,2,2019-08-19,spoilage,0.04,4.94,routine
2460,2,2019-08-19,returned_order,0.02,2.63,routine
2461,1,2019-08-20,prep_waste,0.44,48.51,routine
2462,1,2019-08-20,unsold_cooked,0.22,25.62,routine
2463,1,2019-08-20,spoilage,0.06,8.3,routine
2464,1,2019-08-20,returned_order,0.02,2.27,routine
2465,2,2019-08-20,prep_waste,0.43,52.03,routine
2466,2,2019-08-20,unsold_cooked,0.16,17.48,routine
2467,2,2019-08-20,spoilage,0.06,8.0,routine
2468,2,2019-08-20,returned_order,0.83,113.86,routine
2469,1,2019-08-21,prep_waste,0.32,39.67,routine
2470,1,2019-08-21,unsold_cooked,0.21,24.94,routine
2471,1,2019-08-21,spoilage,0.05,7.57,routine
2472,1,2019-08-21,returned_order,0.83,103.83,routine
2473,2,2019-08-21,prep_waste,0.34,50.22,routine
2474,2,2019-08-21,unsold_cooked,0.14,17.04,routine
2475,2,2019-08-21,spoilage,0.04,4.6,routine
2476,2,2019-08-21,returned_order,0.02,2.65,routine
2477,1,2019-08-22,prep_waste,0.28,30.52,routine
2478,1,2019-08-22,unsold_cooked,0.24,31.67,routine
2479,1,2019-08-22,spoilage,0.07,9.01,routine
2480,1,2019-08-22,returned_order,0.02,2.33,routine
2481,2,2019-08-22,prep_waste,0.29,43.65,routine
2482,2,2019-08-22,unsold_cooked,0.22,29.75,routine
2483,2,2019-08-22,spoilage,0.06,6.93,routine
2484,2,2019-08-22,returned_order,0.63,71.69,routine
2485,1,2019-08-23,prep_waste,0.39,52.38,routine
2486,1,2019-08-23,unsold_cooked,0.19,24.28,routine
2487,1,2019-08-23,spoilage,0.04,6.5,routine
2488,1,2019-08-23,returned_order,0.02,2.85,routine
2489,2,2019-08-23,prep_waste,0.43,49.19,routine
2490,2,2019-08-23,unsold_cooked,0.11,12.37,routine
2491,2,2019-08-23,spoilage,0.08,8.9,routine
2492,2,2019-08-23,returned_order,0.02,3.07,routine
2493,1,2019-08-24,prep_waste,0.31,41.21,routine
2494,1,2019-08-24,unsold_cooked,0.12,15.28,routine
2495,1,2019-08-24,spoilage,0.04,6.21,routine
2496,1,2019-08-24,returned_order,0.02,2.64,routine
2497,2,2019-08-24,prep_waste,0.39,55.5,routine
2498,2,2019-08-24,unsold_cooked,0.14,19.17,routine
2499,2,2019-08-24,spoilage,0.05,5.05,routine
2500,2,2019-08-24,returned_order,0.87,99.47,routine
2501,1,2019-08-25,prep_waste,0.35,41.76,routine
2502,1,2019-08-25,unsold_cooked,0.35,51.18,routine
2503,1,2019-08-25,spoilage,0.04,5.08,routine
2504,1,2019-08-25,returned_order,0.75,100.74,routine
2505,2,2019-08-25,prep_waste,0.33,41.84,routine
2506,2,2019-08-25,unsold_cooked,0.15,21.78,routine
2507,2,2019-08-25,spoilage,0.07,8.15,routine
2508,2,2019-08-25,returned_order,0.02,3.02,routine
2509,1,2019-08-26,prep_waste,0.36,46.4,routine
2510,1,2019-08-26,unsold_cooked,0.12,13.33,routine
2511,1,2019-08-26,spoilage,0.07,10.76,routine
2512,1,2019-08-26,returned_order,0.02,2.54,routine
2513,2,2019-08-26,prep_waste,0.37,55.05,routine
2514,2,2019-08-26,unsold_cooked,0.2,28.05,routine
2515,2,2019-08-26,spoilage,0.07,8.0,routine
2516,2,2019-08-26,returned_order,0.02,3.05,routine
2517,1,2019-08-27,prep_waste,0.27,32.1,routine
2518,1,2019-08-27,unsold_cooked,0.19,28.08,routine
2519,1,2019-08-27,spoilage,0.04,5.79,routine
2520,1,2019-08-27,returned_order,0.54,74.82,routine
2521,2,2019-08-27,prep_waste,0.22,32.22,routine
2522,2,2019-08-27,unsold_cooked,0.23,31.43,routine
2523,2,2019-08-27,spoilage,0.08,10.79,routine
2524,2,2019-08-27,returned_order,0.9,108.5,routine
2525,1,2019-08-28,prep_waste,0.29,42.55,routine
2526,1,2019-08-28,unsold_cooked,0.12,16.65,routine
2527,1,2019-08-28,spoilage,0.05,6.3,routine
2528,1,2019-08-28,returned_order,0.02,2.14,routine
2529,2,2019-08-28,prep_waste,0.32,42.82,routine
2530,2,2019-08-28,unsold_cooked,0.17,20.8,routine
2531,2,2019-08-28,spoilage,0.06,8.55,routine
2532,2,2019-08-28,returned_order,0.67,82.12,routine
2533,1,2019-08-29,prep_waste,0.24,26.14,routine
2534,1,2019-08-29,unsold_cooked,0.21,29.28,routine
2535,1,2019-08-29,spoilage,0.08,8.62,routine
2536,1,2019-08-29,returned_order,0.02,2.28,routine
2537,2,2019-08-29,prep_waste,0.29,37.03,routine
2538,2,2019-08-29,unsold_cooked,0.18,20.21,routine
2539,2,2019-08-29,spoilage,0.05,6.84,routine
2540,2,2019-08-29,returned_order,0.02,2.72,routine
2541,1,2019-08-30,prep_waste,0.35,42.81,routine
2542,1,2019-08-30,unsold_cooked,0.24,28.4,routine
2543,1,2019-08-30,spoilage,0.04,5.43,routine
2544,1,2019-08-30,returned_order,0.02,2.27,routine
2545,2,2019-08-30,prep_waste,0.18,25.99,routine
2546,2,2019-08-30,unsold_cooked,0.13,19.44,routine
2547,2,2019-08-30,spoilage,0.07,9.01,routine
2548,2,2019-08-30,returned_order,0.02,2.91,routine
2549,1,2019-08-31,prep_waste,0.3,35.51,routine
2550,1,2019-08-31,unsold_cooked,0.26,38.85,routine
2551,1,2019-08-31,spoilage,0.07,8.91,routine
2552,1,2019-08-31,returned_order,0.02,2.88,routine
2553,2,2019-08-31,prep_waste,0.39,59.2,routine
2554,2,2019-08-31,unsold_cooked,0.21,29.03,routine
2555,2,2019-08-31,spoilage,0.04,4.7,routine
2556,2,2019-08-31,returned_order,0.02,2.6,routine
2557,1,2019-09-01,prep_waste,0.19,29.16,routine
2558,1,2019-09-01,unsold_cooked,0.13,17.84,routine
2559,1,2019-09-01,spoilage,0.04,5.93,routine
2560,1,2019-09-01,returned_order,0.54,83.02,routine
2561,2,2019-09-01,prep_waste,0.34,40.66,routine
2562,2,2019-09-01,unsold_cooked,0.27,29.44,routine
2563,2,2019-09-01,spoilage,0.07,10.29,routine
2564,2,2019-09-01,returned_order,0.02,2.85,routine
2565,1,2019-09-02,prep_waste,0.24,27.13,routine
2566,1,2019-09-02,unsold_cooked,0.11,15.38,routine
2567,1,2019-09-02,spoilage,0.06,7.0,routine
2568,1,2019-09-02,returned_order,0.02,2.59,routine
2569,2,2019-09-02,prep_waste,0.24,32.74,routine
2570,2,2019-09-02,unsold_cooked,0.16,21.32,routine
2571,2,2019-09-02,spoilage,0.06,9.06,routine
2572,2,2019-09-02,returned_order,0.02,2.78,routine
2573,1,2019-09-03,prep_waste,0.27,36.97,routine
2574,1,2019-09-03,unsold_cooked,0.24,30.26,routine
2575,1,2019-09-03,spoilage,0.07,7.08,routine
2576,1,2019-09-03,returned_order,0.02,2.72,routine
2577,2,2019-09-03,prep_waste,0.37,43.22,routine
2578,2,2019-09-03,unsold_cooked,0.11,12.51,routine
2579,2,2019-09-03,spoilage,0.07,9.8,routine
2580,2,2019-09-03,returned_order,0.02,2.92,routine
2581,1,2019-09-04,prep_waste,0.36,41.63,routine
2582,1,2019-09-04,unsold_cooked,0.27,28.76,routine
2583,1,2019-09-04,spoilage,0.04,5.53,routine
2584,1,2019-09-04,returned_order,0.02,2.53,routine
2585,2,2019-09-04,prep_waste,0.26,33.15,routine
2586,2,2019-09-04,unsold_cooked,0.12,16.3,routine
2587,2,2019-09-04,spoilage,0.05,5.72,routine
2588,2,2019-09-04,returned_order,0.02,2.26,routine
2589,1,2019-09-05,prep_waste,0.4,56.49,routine
2590,1,2019-09-05,unsold_cooked,0.18,23.64,routine
2591,1,2019-09-05,spoilage,0.04,5.03,routine
2592,1,2019-09-05,returned_order,0.02,2.78,routine
2593,2,2019-09-05,prep_waste,0.25,29.33,routine
2594,2,2019-09-05,unsold_cooked,0.19,25.61,routine
2595,2,2019-09-05,spoilage,0.06,7.51,routine
2596,2,2019-09-05,returned_order,0.02,2.48,routine
2597,1,2019-09-06,prep_waste,0.25,27.48,routine
2598,1,2019-09-06,unsold_cooked,0.13,14.11,routine
2599,1,2019-09-06,spoilage,0.03,4.23,routine
2600,1,2019-09-06,returned_order,0.02,2.74,routine
2601,2,2019-09-06,prep_waste,0.22,26.02,routine
2602,2,2019-09-06,unsold_cooked,0.17,21.67,routine
2603,2,2019-09-06,spoilage,0.05,5.18,routine
2604,2,2019-09-06,returned_order,0.02,2.8,routine
2605,1,2019-09-07,prep_waste,0.34,36.64,routine
2606,1,2019-09-07,unsold_cooked,0.15,19.15,routine
2607,1,2019-09-07,spoilage,0.06,8.57,routine
2608,1,2019-09-07,returned_order,0.59,78.0,routine
2609,2,2019-09-07,prep_waste,0.21,27.34,routine
2610,2,2019-09-07,unsold_cooked,0.18,25.7,routine
2611,2,2019-09-07,spoilage,0.08,10.66,routine
2612,2,2019-09-07,returned_order,0.02,2.89,routine
2613,1,2019-09-08,prep_waste,0.37,44.66,routine
2614,1,2019-09-08,unsold_cooked,0.23,28.27,routine
2615,1,2019-09-08,spoilage,0.07,10.7,routine
2616,1,2019-09-08,returned_order,0.82,119.77,routine
2617,2,2019-09-08,prep_waste,0.2,22.26,routine
2618,2,2019-09-08,unsold_cooked,0.15,20.35,routine
2619,2,2019-09-08,spoilage,0.07,8.99,routine
2620,2,2019-09-08,returned_order,0.02,2.62,routine
2621,1,2019-09-09,prep_waste,0.21,31.1,routine
2622,1,2019-09-09,unsold_cooked,0.17,21.2,routine
2623,1,2019-09-09,spoilage,0.07,10.11,routine
2624,1,2019-09-09,returned_order,0.73,87.41,routine
2625,2,2019-09-09,prep_waste,0.22,30.0,routine
2626,2,2019-09-09,unsold_cooked,0.11,13.01,routine
2627,2,2019-09-09,spoilage,0.08,9.75,routine
2628,2,2019-09-09,returned_order,0.02,2.86,routine
2629,1,2019-09-10,prep_waste,0.39,43.38,routine
2630,1,2019-09-10,unsold_cooked,0.2,28.94,routine
2631,1,2019-09-10,spoilage,0.08,9.19,routine
2632,1,2019-09-10,returned_order,0.83,108.49,routine
2633,2,2019-09-10,prep_waste,0.2,21.26,routine
2634,2,2019-09-10,unsold_cooked,0.19,21.55,routine
2635,2,2019-09-10,spoilage,0.07,10.07,routine
2636,2,2019-09-10,returned_order,0.02,2.98,routine
2637,1,2019-09-11,prep_waste,0.24,32.26,routine
2638,1,2019-09-11,unsold_cooked,0.23,28.19,routine
2639,1,2019-09-11,spoilage,0.04,5.61,routine
2640,1,2019-09-11,returned_order,0.02,2.78,routine
2641,2,2019-09-11,prep_waste,0.34,45.87,routine
2642,2,2019-09-11,unsold_cooked,0.23,31.88,routine
2643,2,2019-09-11,spoilage,0.04,5.54,routine
2644,2,2019-09-11,returned_order,0.02,2.93,routine
2645,1,2019-09-12,prep_waste,0.23,31.09,routine
2646,1,2019-09-12,unsold_cooked,0.14,18.56,routine
2647,1,2019-09-12,spoilage,0.04,4.67,routine
2648,1,2019-09-12,returned_order,0.02,2.1,routine
2649,2,2019-09-12,prep_waste,0.34,43.15,routine
2650,2,2019-09-12,unsold_cooked,0.23,34.3,routine
2651,2,2019-09-12,spoilage,0.08,8.66,routine
2652,2,2019-09-12,returned_order,0.02,2.28,routine
2653,1,2019-09-13,prep_waste,0.2,28.21,routine
2654,1,2019-09-13,unsold_cooked,0.22,30.06,routine
2655,1,2019-09-13,spoilage,0.04,5.12,routine
2656,1,2019-09-13,returned_order,0.02,2.14,routine
2657,2,2019-09-13,prep_waste,0.43,61.65,routine
2658,2,2019-09-13,unsold_cooked,0.19,21.51,routine
2659,2,2019-09-13,spoilage,0.07,8.95,routine
2660,2,2019-09-13,returned_order,0.02,2.56,routine
2661,1,2019-09-14,prep_waste,0.39,53.5,routine
2662,1,2019-09-14,unsold_cooked,0.11,13.54,routine
2663,1,2019-09-14,spoilage,0.07,7.41,routine
2664,1,2019-09-14,returned_order,1.18,172.56,routine
2665,2,2019-09-14,prep_waste,0.25,36.6,routine
2666,2,2019-09-14,unsold_cooked,0.16,19.15,routine
2667,2,2019-09-14,spoilage,0.07,8.33,routine
2668,2,2019-09-14,returned_order,0.02,2.24,routine
2669,1,2019-09-15,prep_waste,0.21,26.86,routine
2670,1,2019-09-15,unsold_cooked,0.17,21.85,routine
2671,1,2019-09-15,spoilage,0.03,4.45,routine
2672,1,2019-09-15,returned_order,4.32,555.59,routine
2673,2,2019-09-15,prep_waste,0.21,23.5,routine
2674,2,2019-09-15,unsold_cooked,0.2,26.64,routine
2675,2,2019-09-15,spoilage,0.06,8.81,routine
2676,2,2019-09-15,returned_order,0.02,2.3,routine
2677,1,2019-09-16,prep_waste,0.28,33.64,routine
2678,1,2019-09-16,unsold_cooked,0.24,25.49,routine
2679,1,2019-09-16,spoilage,0.06,8.27,routine
2680,1,2019-09-16,returned_order,0.02,2.38,routine
2681,2,2019-09-16,prep_waste,0.2,27.3,routine
2682,2,2019-09-16,unsold_cooked,0.12,17.43,routine
2683,2,2019-09-16,spoilage,0.05,6.13,routine
2684,2,2019-09-16,returned_order,0.02,3.02,routine
2685,1,2019-09-17,prep_waste,0.41,48.19,routine
2686,1,2019-09-17,unsold_cooked,0.11,12.35,routine
2687,1,2019-09-17,spoilage,0.06,6.35,routine
2688,1,2019-09-17,returned_order,0.02,2.2,routine
2689,2,2019-09-17,prep_waste,0.41,57.21,routine
2690,2,2019-09-17,unsold_cooked,0.22,27.66,routine
2691,2,2019-09-17,spoilage,0.04,4.32,routine
2692,2,2019-09-17,returned_order,0.66,91.67,routine
2693,1,2019-09-18,prep_waste,0.2,27.92,routine
2694,1,2019-09-18,unsold_cooked,0.16,17.16,routine
2695,1,2019-09-18,spoilage,0.04,6.18,routine
2696,1,2019-09-18,returned_order,0.02,2.26,routine
2697,2,2019-09-18,prep_waste,0.38,51.89,routine
2698,2,2019-09-18,unsold_cooked,0.1,14.94,routine
2699,2,2019-09-18,spoilage,0.04,6.14,routine
2700,2,2019-09-18,returned_order,0.02,2.91,routine
2701,1,2019-09-19,prep_waste,0.39,44.05,routine
2702,1,2019-09-19,unsold_cooked,0.14,14.86,routine
2703,1,2019-09-19,spoilage,0.08,8.27,routine
2704,1,2019-09-19,returned_order,0.02,2.86,routine
2705,2,2019-09-19,prep_waste,0.43,58.14,routine
2706,2,2019-09-19,unsold_cooked,0.13,16.83,routine
2707,2,2019-09-19,spoilage,0.06,8.9,routine
2708,2,2019-09-19,returned_order,0.02,2.3,routine
2709,1,2019-09-20,prep_waste,0.37,50.59,routine
2710,1,2019-09-20,unsold_cooked,0.19,24.19,routine
2711,1,2019-09-20,spoilage,0.06,6.92,routine
2712,1,2019-09-20,returned_order,0.02,2.84,routine
2713,2,2019-09-20,prep_waste,0.26,29.1,routine
2714,2,2019-09-20,unsold_cooked,0.17,18.66,routine
2715,2,2019-09-20,spoilage,0.06,6.86,routine
2716,2,2019-09-20,returned_order,0.02,2.73,routine
2717,1,2019-09-21,prep_waste,0.32,41.96,routine
2718,1,2019-09-21,unsold_cooked,0.25,33.67,routine
2719,1,2019-09-21,spoilage,0.05,6.61,routine
2720,1,2019-09-21,returned_order,1.24,170.51,routine
2721,2,2019-09-21,prep_waste,0.32,43.8,routine
2722,2,2019-09-21,unsold_cooked,0.11,14.45,routine
2723,2,2019-09-21,spoilage,0.04,5.15,routine
2724,2,2019-09-21,returned_order,0.02,2.52,routine
2725,1,2019-09-22,prep_waste,0.36,52.74,routine
2726,1,2019-09-22,unsold_cooked,0.22,23.74,routine
2727,1,2019-09-22,spoilage,0.05,6.1,routine
2728,1,2019-09-22,returned_order,0.02,2.92,routine
2729,2,2019-09-22,prep_waste,0.44,51.22,routine
2730,2,2019-09-22,unsold_cooked,0.18,23.86,routine
2731,2,2019-09-22,spoilage,0.04,6.6,routine
2732,2,2019-09-22,returned_order,0.02,2.58,routine
2733,1,2019-09-23,prep_waste,0.42,62.47,routine
2734,1,2019-09-23,unsold_cooked,0.23,31.66,routine
2735,1,2019-09-23,spoilage,0.04,5.03,routine
2736,1,2019-09-23,returned_order,0.75,107.64,routine
2737,2,2019-09-23,prep_waste,0.31,38.43,routine
2738,2,2019-09-23,unsold_cooked,0.13,17.58,routine
2739,2,2019-09-23,spoilage,0.05,5.06,routine
2740,2,2019-09-23,returned_order,0.68,77.97,routine
2741,1,2019-09-24,prep_waste,0.32,44.46,routine
2742,1,2019-09-24,unsold_cooked,0.24,29.53,routine
2743,1,2019-09-24,spoilage,0.07,10.56,routine
2744,1,2019-09-24,returned_order,0.02,2.49,routine
2745,2,2019-09-24,prep_waste,0.33,46.4,routine
2746,2,2019-09-24,unsold_cooked,0.1,14.42,routine
2747,2,2019-09-24,spoilage,0.04,6.07,routine
2748,2,2019-09-24,returned_order,1.75,185.31,routine
2749,1,2019-09-25,prep_waste,0.43,49.46,routine
2750,1,2019-09-25,unsold_cooked,0.21,29.42,routine
2751,1,2019-09-25,spoilage,0.03,4.49,routine
2752,1,2019-09-25,returned_order,0.58,88.46,routine
2753,2,2019-09-25,prep_waste,0.3,43.11,routine
2754,2,2019-09-25,unsold_cooked,0.14,19.24,routine
2755,2,2019-09-25,spoilage,0.06,7.97,routine
2756,2,2019-09-25,returned_order,1.11,141.29,routine
2757,1,2019-09-26,prep_waste,0.31,44.07,routine
2758,1,2019-09-26,unsold_cooked,0.15,20.84,routine
2759,1,2019-09-26,spoilage,0.05,6.68,routine
2760,1,2019-09-26,returned_order,1.68,199.81,routine
2761,2,2019-09-26,prep_waste,0.3,40.42,routine
2762,2,2019-09-26,unsold_cooked,0.13,13.49,routine
2763,2,2019-09-26,spoilage,0.06,8.99,routine
2764,2,2019-09-26,returned_order,0.02,2.62,routine
2765,1,2019-09-27,prep_waste,0.34,43.81,routine
2766,1,2019-09-27,unsold_cooked,0.12,15.34,routine
2767,1,2019-09-27,spoilage,0.05,6.08,routine
2768,1,2019-09-27,returned_order,0.55,67.97,routine
2769,2,2019-09-27,prep_waste,0.19,21.35,routine
2770,2,2019-09-27,unsold_cooked,0.22,31.48,routine
2771,2,2019-09-27,spoilage,0.06,8.19,routine
2772,2,2019-09-27,returned_order,0.02,2.78,routine
2773,1,2019-09-28,prep_waste,0.31,39.24,routine
2774,1,2019-09-28,unsold_cooked,0.1,13.7,routine
2775,1,2019-09-28,spoilage,0.04,5.41,routine
2776,1,2019-09-28,returned_order,0.89,113.23,routine
2777,2,2019-09-28,prep_waste,0.42,48.52,routine
2778,2,2019-09-28,unsold_cooked,0.14,17.45,routine
2779,2,2019-09-28,spoilage,0.05,5.16,routine
2780,2,2019-09-28,returned_order,0.02,2.73,routine
2781,1,2019-09-29,prep_waste,0.36,50.66,routine
2782,1,2019-09-29,unsold_cooked,0.14,15.19,routine
2783,1,2019-09-29,spoilage,0.06,9.41,routine
2784,1,2019-09-29,returned_order,0.02,2.12,routine
2785,2,2019-09-29,prep_waste,0.43,46.05,routine
2786,2,2019-09-29,unsold_cooked,0.11,16.55,routine
2787,2,2019-09-29,spoilage,0.05,5.5,routine
2788,2,2019-09-29,returned_order,0.02,2.28,routine
2789,1,2019-09-30,prep_waste,0.33,48.56,routine
2790,1,2019-09-30,unsold_cooked,0.23,24.85,routine
2791,1,2019-09-30,spoilage,0.05,7.55,routine
2792,1,2019-09-30,returned_order,0.6,91.33,routine
2793,2,2019-09-30,prep_waste,0.27,34.74,routine
2794,2,2019-09-30,unsold_cooked,0.23,24.23,routine
2795,2,2019-09-30,spoilage,0.05,5.86,routine
2796,2,2019-09-30,returned_order,0.02,2.57,routine
2797,1,2019-10-01,prep_waste,0.2,28.37,routine
2798,1,2019-10-01,unsold_cooked,0.18,19.42,routine
2799,1,2019-10-01,spoilage,0.03,4.87,routine
2800,1,2019-10-01,returned_order,0.02,2.36,routine
2801,2,2019-10-01,prep_waste,0.21,27.29,routine
2802,2,2019-10-01,unsold_cooked,0.15,19.52,routine
2803,2,2019-10-01,spoilage,0.07,8.76,routine
2804,2,2019-10-01,returned_order,0.02,2.31,routine
2805,1,2019-10-02,prep_waste,0.22,23.83,routine
2806,1,2019-10-02,unsold_cooked,0.17,20.33,routine
2807,1,2019-10-02,spoilage,0.07,7.27,routine
2808,1,2019-10-02,returned_order,0.02,2.39,routine
2809,2,2019-10-02,prep_waste,0.35,36.82,routine
2810,2,2019-10-02,unsold_cooked,0.22,31.71,routine
2811,2,2019-10-02,spoilage,0.08,8.5,routine
2812,2,2019-10-02,returned_order,0.02,2.49,routine
2813,1,2019-10-03,prep_waste,0.43,56.86,routine
2814,1,2019-10-03,unsold_cooked,0.2,29.32,routine
2815,1,2019-10-03,spoilage,0.07,9.95,routine
2816,1,2019-10-03,returned_order,0.56,72.59,routine
2817,2,2019-10-03,prep_waste,0.27,39.39,routine
2818,2,2019-10-03,unsold_cooked,0.15,22.3,routine
2819,2,2019-10-03,spoilage,0.06,8.74,routine
2820,2,2019-10-03,returned_order,0.02,2.13,routine
2821,1,2019-10-04,prep_waste,0.19,28.46,routine
2822,1,2019-10-04,unsold_cooked,0.11,15.38,routine
2823,1,2019-10-04,spoilage,0.08,11.52,routine
2824,1,2019-10-04,returned_order,0.02,3.03,routine
2825,2,2019-10-04,prep_waste,0.43,55.6,routine
2826,2,2019-10-04,unsold_cooked,0.1,12.18,routine
2827,2,2019-10-04,spoilage,0.07,8.56,routine
2828,2,2019-10-04,returned_order,0.02,2.38,routine
2829,1,2019-10-05,prep_waste,0.29,41.86,routine
2830,1,2019-10-05,unsold_cooked,0.17,25.71,routine
2831,1,2019-10-05,spoilage,0.04,5.21,routine
2832,1,2019-10-05,returned_order,0.02,2.13,routine
2833,2,2019-10-05,prep_waste,0.19,25.11,routine
2834,2,2019-10-05,unsold_cooked,0.17,20.43,routine
2835,2,2019-10-05,spoilage,0.07,8.92,routine
2836,2,2019-10-05,returned_order,0.02,2.64,routine
2837,1,2019-10-06,prep_waste,0.41,57.0,routine
2838,1,2019-10-06,unsold_cooked,0.15,22.43,routine
2839,1,2019-10-06,spoilage,0.07,9.34,routine
2840,1,2019-10-06,returned_order,2.5,340.22,routine
2841,2,2019-10-06,prep_waste,0.32,48.95,routine
2842,2,2019-10-06,unsold_cooked,0.1,12.73,routine
2843,2,2019-10-06,spoilage,0.04,4.51,routine
2844,2,2019-10-06,returned_order,0.02,2.55,routine
2845,1,2019-10-07,prep_waste,0.36,41.07,routine
2846,1,2019-10-07,unsold_cooked,0.16,18.77,routine
2847,1,2019-10-07,spoilage,0.08,9.66,routine
2848,1,2019-10-07,returned_order,0.02,2.8,routine
2849,2,2019-10-07,prep_waste,0.21,26.05,routine
2850,2,2019-10-07,unsold_cooked,0.14,18.82,routine
2851,2,2019-10-07,spoilage,0.07,8.42,routine
2852,2,2019-10-07,returned_order,0.02,2.53,routine
2853,1,2019-10-08,prep_waste,0.18,20.9,routine
2854,1,2019-10-08,unsold_cooked,0.17,20.18,routine
2855,1,2019-10-08,spoilage,0.07,7.81,routine
2856,1,2019-10-08,returned_order,0.02,2.35,routine
2857,2,2019-10-08,prep_waste,0.24,35.88,routine
2858,2,2019-10-08,unsold_cooked,0.12,12.92,routine
2859,2,2019-10-08,spoilage,0.06,6.75,routine
2860,2,2019-10-08,returned_order,0.78,96.74,routine
2861,1,2019-10-09,prep_waste,0.42,63.48,routine
2862,1,2019-10-09,unsold_cooked,0.19,21.04,routine
2863,1,2019-10-09,spoilage,0.04,6.05,routine
2864,1,2019-10-09,returned_order,0.02,2.87,routine
2865,2,2019-10-09,prep_waste,0.37,44.83,routine
2866,2,2019-10-09,unsold_cooked,0.16,18.0,routine
2867,2,2019-10-09,spoilage,0.07,10.84,routine
2868,2,2019-10-09,returned_order,0.02,2.12,routine
2869,1,2019-10-10,prep_waste,0.19,23.73,routine
2870,1,2019-10-10,unsold_cooked,0.22,27.96,routine
2871,1,2019-10-10,spoilage,0.05,6.41,routine
2872,1,2019-10-10,returned_order,0.02,2.24,routine
2873,2,2019-10-10,prep_waste,0.35,38.41,routine
2874,2,2019-10-10,unsold_cooked,0.16,20.06,routine
2875,2,2019-10-10,spoilage,0.08,11.65,routine
2876,2,2019-10-10,returned_order,0.02,2.13,routine
2877,1,2019-10-11,prep_waste,0.37,47.51,routine
2878,1,2019-10-11,unsold_cooked,0.2,24.59,routine
2879,1,2019-10-11,spoilage,0.06,6.53,routine
2880,1,2019-10-11,returned_order,0.02,2.77,routine
2881,2,2019-10-11,prep_waste,0.4,55.85,routine
2882,2,2019-10-11,unsold_cooked,0.11,17.15,routine
2883,2,2019-10-11,spoilage,0.05,7.18,routine
2884,2,2019-10-11,returned_order,0.02,2.4,routine
2885,1,2019-10-12,prep_waste,0.43,48.78,routine
2886,1,2019-10-12,unsold_cooked,0.14,18.35,routine
2887,1,2019-10-12,spoilage,0.06,5.98,routine
2888,1,2019-10-12,returned_order,0.02,2.28,routine
2889,2,2019-10-12,prep_waste,0.27,41.16,routine
2890,2,2019-10-12,unsold_cooked,0.11,16.42,routine
2891,2,2019-10-12,spoilage,0.06,7.87,routine
2892,2,2019-10-12,returned_order,0.02,2.12,routine
2893,1,2019-10-13,prep_waste,0.42,49.58,routine
2894,1,2019-10-13,unsold_cooked,0.12,16.13,routine
2895,1,2019-10-13,spoilage,0.07,8.18,routine
2896,1,2019-10-13,returned_order,0.02,2.18,routine
2897,2,2019-10-13,prep_waste,0.3,40.88,routine
2898,2,2019-10-13,unsold_cooked,0.12,16.51,routine
2899,2,2019-10-13,spoilage,0.05,8.11,routine
2900,2,2019-10-13,returned_order,0.02,2.36,routine
2901,1,2019-10-14,prep_waste,0.4,52.83,routine
2902,1,2019-10-14,unsold_cooked,0.27,41.29,routine
2903,1,2019-10-14,spoilage,0.05,6.95,routine
2904,1,2019-10-14,returned_order,0.02,2.46,routine
2905,2,2019-10-14,prep_waste,0.38,51.39,routine
2906,2,2019-10-14,unsold_cooked,0.11,16.93,routine
2907,2,2019-10-14,spoilage,0.05,6.0,routine
2908,2,2019-10-14,returned_order,0.02,2.92,routine
2909,1,2019-10-15,prep_waste,0.37,50.28,routine
2910,1,2019-10-15,unsold_cooked,0.14,18.76,routine
2911,1,2019-10-15,spoilage,0.04,4.77,routine
2912,1,2019-10-15,returned_order,0.02,2.67,routine
2913,2,2019-10-15,prep_waste,0.22,32.26,routine
2914,2,2019-10-15,unsold_cooked,0.16,20.92,routine
2915,2,2019-10-15,spoilage,0.03,4.64,routine
2916,2,2019-10-15,returned_order,0.02,2.57,routine
2917,1,2019-10-16,prep_waste,0.42,63.64,routine
2918,1,2019-10-16,unsold_cooked,0.15,19.53,routine
2919,1,2019-10-16,spoilage,0.04,5.14,routine
2920,1,2019-10-16,returned_order,0.02,2.2,routine
2921,2,2019-10-16,prep_waste,0.27,36.03,routine
2922,2,2019-10-16,unsold_cooked,0.23,32.65,routine
2923,2,2019-10-16,spoilage,0.08,8.96,routine
2924,2,2019-10-16,returned_order,0.82,118.73,routine
2925,1,2019-10-17,prep_waste,0.37,45.81,routine
2926,1,2019-10-17,unsold_cooked,0.14,16.11,routine
2927,1,2019-10-17,spoilage,0.04,4.35,routine
2928,1,2019-10-17,returned_order,1.76,247.98,routine
2929,2,2019-10-17,prep_waste,0.4,48.01,routine
2930,2,2019-10-17,unsold_cooked,0.11,16.75,routine
2931,2,2019-10-17,spoilage,0.06,8.03,routine
2932,2,2019-10-17,returned_order,0.02,2.31,routine
2933,1,2019-10-18,prep_waste,0.25,29.45,routine
2934,1,2019-10-18,unsold_cooked,0.16,17.51,routine
2935,1,2019-10-18,spoilage,0.06,8.3,routine
2936,1,2019-10-18,returned_order,0.86,126.21,routine
2937,2,2019-10-18,prep_waste,0.3,35.46,routine
2938,2,2019-10-18,unsold_cooked,0.18,19.37,routine
2939,2,2019-10-18,spoilage,0.04,6.59,routine
2940,2,2019-10-18,returned_order,0.02,2.4,routine
2941,1,2019-10-19,prep_waste,0.27,41.21,routine
2942,1,2019-10-19,unsold_cooked,0.23,26.83,routine
2943,1,2019-10-19,spoilage,0.07,7.74,routine
2944,1,2019-10-19,returned_order,0.68,82.22,routine
2945,2,2019-10-19,prep_waste,0.25,37.2,routine
2946,2,2019-10-19,unsold_cooked,0.14,19.41,routine
2947,2,2019-10-19,spoilage,0.06,6.24,routine
2948,2,2019-10-19,returned_order,0.69,105.67,routine
2949,1,2019-10-20,prep_waste,0.31,39.75,routine
2950,1,2019-10-20,unsold_cooked,0.15,21.41,routine
2951,1,2019-10-20,spoilage,0.05,6.81,routine
2952,1,2019-10-20,returned_order,0.7,75.02,routine
2953,2,2019-10-20,prep_waste,0.41,54.48,routine
2954,2,2019-10-20,unsold_cooked,0.2,26.12,routine
2955,2,2019-10-20,spoilage,0.07,8.64,routine
2956,2,2019-10-20,returned_order,0.02,2.68,routine
2957,1,2019-10-21,prep_waste,0.35,49.33,routine
2958,1,2019-10-21,unsold_cooked,0.15,20.73,routine
2959,1,2019-10-21,spoilage,0.06,7.98,routine
2960,1,2019-10-21,returned_order,0.02,2.18,routine
2961,2,2019-10-21,prep_waste,0.44,64.75,routine
2962,2,2019-10-21,unsold_cooked,0.24,29.32,routine
2963,2,2019-10-21,spoilage,0.06,6.95,routine
2964,2,2019-10-21,returned_order,0.02,2.13,routine
2965,1,2019-10-22,prep_waste,0.39,41.66,routine
2966,1,2019-10-22,unsold_cooked,0.12,15.85,routine
2967,1,2019-10-22,spoilage,0.05,7.76,routine
2968,1,2019-10-22,returned_order,0.02,2.84,routine
2969,2,2019-10-22,prep_waste,0.29,30.87,routine
2970,2,2019-10-22,unsold_cooked,0.19,27.54,routine
2971,2,2019-10-22,spoilage,0.05,5.97,routine
2972,2,2019-10-22,returned_order,0.02,2.32,routine
2973,1,2019-10-23,prep_waste,0.34,42.17,routine
2974,1,2019-10-23,unsold_cooked,0.2,21.7,routine
2975,1,2019-10-23,spoilage,0.07,11.44,routine
2976,1,2019-10-23,returned_order,0.02,2.45,routine
2977,2,2019-10-23,prep_waste,0.23,29.88,routine
2978,2,2019-10-23,unsold_cooked,0.16,20.16,routine
2979,2,2019-10-23,spoilage,0.03,4.19,routine
2980,2,2019-10-23,returned_order,0.02,2.9,routine
2981,1,2019-10-24,prep_waste,0.23,24.69,routine
2982,1,2019-10-24,unsold_cooked,0.15,23.35,routine
2983,1,2019-10-24,spoilage,0.06,9.82,routine
2984,1,2019-10-24,returned_order,0.02,3.07,routine
2985,2,2019-10-24,prep_waste,0.34,47.96,routine
2986,2,2019-10-24,unsold_cooked,0.24,26.08,routine
2987,2,2019-10-24,spoilage,0.08,10.82,routine
2988,2,2019-10-24,returned_order,0.02,2.34,routine
2989,1,2019-10-25,prep_waste,0.19,22.45,routine
2990,1,2019-10-25,unsold_cooked,0.15,16.43,routine
2991,1,2019-10-25,spoilage,0.06,8.33,routine
2992,1,2019-10-25,returned_order,0.02,2.72,routine
2993,2,2019-10-25,prep_waste,0.28,42.27,routine
2994,2,2019-10-25,unsold_cooked,0.12,17.28,routine
2995,2,2019-10-25,spoilage,0.04,6.32,routine
2996,2,2019-10-25,returned_order,0.02,2.82,routine
2997,1,2019-10-26,prep_waste,0.22,28.92,routine
2998,1,2019-10-26,unsold_cooked,0.19,24.13,routine
2999,1,2019-10-26,spoilage,0.07,7.86,routine
3000,1,2019-10-26,returned_order,0.02,2.63,routine
3001,2,2019-10-26,prep_waste,0.3,38.64,routine
3002,2,2019-10-26,unsold_cooked,0.2,25.32,routine
3003,2,2019-10-26,spoilage,0.04,5.68,routine
3004,2,2019-10-26,returned_order,0.02,3.01,routine
3005,1,2019-10-27,prep_waste,0.3,35.26,routine
3006,1,2019-10-27,unsold_cooked,0.23,31.59,routine
3007,1,2019-10-27,spoilage,0.04,5.58,routine
3008,1,2019-10-27,returned_order,1.1,162.83,routine
3009,2,2019-10-27,prep_waste,0.25,26.61,routine
3010,2,2019-10-27,unsold_cooked,0.19,28.85,routine
3011,2,2019-10-27,spoilage,0.07,8.56,routine
3012,2,2019-10-27,returned_order,0.02,2.46,routine
3013,1,2019-10-28,prep_waste,0.26,40.46,routine
3014,1,2019-10-28,unsold_cooked,0.19,28.83,routine
3015,1,2019-10-28,spoilage,0.05,6.97,routine
3016,1,2019-10-28,returned_order,0.02,2.31,routine
3017,2,2019-10-28,prep_waste,0.28,36.91,routine
3018,2,2019-10-28,unsold_cooked,0.11,14.25,routine
3019,2,2019-10-28,spoilage,0.04,5.73,routine
3020,2,2019-10-28,returned_order,0.02,2.19,routine
3021,1,2019-10-29,prep_waste,0.44,54.58,routine
3022,1,2019-10-29,unsold_cooked,0.12,17.18,routine
3023,1,2019-10-29,spoilage,0.04,6.07,routine
3024,1,2019-10-29,returned_order,0.82,108.09,routine
3025,2,2019-10-29,prep_waste,0.22,30.99,routine
3026,2,2019-10-29,unsold_cooked,0.19,24.26,routine
3027,2,2019-10-29,spoilage,0.08,9.59,routine
3028,2,2019-10-29,returned_order,0.02,2.95,routine
3029,1,2019-10-30,prep_waste,0.44,47.07,routine
3030,1,2019-10-30,unsold_cooked,0.27,36.55,routine
3031,1,2019-10-30,spoilage,0.04,5.55,routine
3032,1,2019-10-30,returned_order,0.68,79.0,routine
3033,2,2019-10-30,prep_waste,0.42,56.08,routine
3034,2,2019-10-30,unsold_cooked,0.16,21.58,routine
3035,2,2019-10-30,spoilage,0.07,9.41,routine
3036,2,2019-10-30,returned_order,0.02,2.52,routine
3037,1,2019-10-31,prep_waste,0.25,33.36,routine
3038,1,2019-10-31,unsold_cooked,0.22,25.7,routine
3039,1,2019-10-31,spoilage,0.06,6.85,routine
3040,1,2019-10-31,returned_order,0.02,2.44,routine
3041,2,2019-10-31,prep_waste,0.2,24.16,routine
3042,2,2019-10-31,unsold_cooked,0.19,23.33,routine
3043,2,2019-10-31,spoilage,0.05,7.64,routine
3044,2,2019-10-31,returned_order,0.02,2.8,routine
3045,1,2019-11-01,prep_waste,0.24,27.72,routine
3046,1,2019-11-01,unsold_cooked,0.24,30.31,routine
3047,1,2019-11-01,spoilage,0.05,6.32,routine
3048,1,2019-11-01,returned_order,0.02,2.28,routine
3049,2,2019-11-01,prep_waste,0.19,28.95,routine
3050,2,2019-11-01,unsold_cooked,0.13,14.92,routine
3051,2,2019-11-01,spoilage,0.05,6.84,routine
3052,2,2019-11-01,returned_order,0.02,2.16,routine
3053,1,2019-11-02,prep_waste,0.29,39.31,routine
3054,1,2019-11-02,unsold_cooked,0.21,32.29,routine
3055,1,2019-11-02,spoilage,0.07,9.96,routine
3056,1,2019-11-02,returned_order,0.02,2.43,routine
3057,2,2019-11-02,prep_waste,0.39,48.2,routine
3058,2,2019-11-02,unsold_cooked,0.24,34.89,routine
3059,2,2019-11-02,spoilage,0.04,4.68,routine
3060,2,2019-11-02,returned_order,0.02,2.83,routine
3061,1,2019-11-03,prep_waste,0.39,59.69,routine
3062,1,2019-11-03,unsold_cooked,0.14,16.52,routine
3063,1,2019-11-03,spoilage,0.04,4.78,routine
3064,1,2019-11-03,returned_order,0.64,75.99,routine
3065,2,2019-11-03,prep_waste,0.44,62.66,routine
3066,2,2019-11-03,unsold_cooked,0.13,19.11,routine
3067,2,2019-11-03,spoilage,0.05,6.1,routine
3068,2,2019-11-03,returned_order,0.02,2.71,routine
3069,1,2019-11-04,prep_waste,0.35,51.91,routine
3070,1,2019-11-04,unsold_cooked,0.12,15.9,routine
3071,1,2019-11-04,spoilage,0.07,10.31,routine
3072,1,2019-11-04,returned_order,0.6,81.28,routine
3073,2,2019-11-04,prep_waste,0.38,56.41,routine
3074,2,2019-11-04,unsold_cooked,0.18,20.71,routine
3075,2,2019-11-04,spoilage,0.06,6.65,routine
3076,2,2019-11-04,returned_order,0.02,2.28,routine
3077,1,2019-11-05,prep_waste,0.36,48.54,routine
3078,1,2019-11-05,unsold_cooked,0.2,22.77,routine
3079,1,2019-11-05,spoilage,0.03,4.99,routine
3080,1,2019-11-05,returned_order,0.56,77.91,routine
3081,2,2019-11-05,prep_waste,0.35,48.42,routine
3082,2,2019-11-05,unsold_cooked,0.11,11.44,routine
3083,2,2019-11-05,spoilage,0.04,5.22,routine
3084,2,2019-11-05,returned_order,0.02,2.53,routine
3085,1,2019-11-06,prep_waste,0.43,59.67,routine
3086,1,2019-11-06,unsold_cooked,0.14,18.72,routine
3087,1,2019-11-06,spoilage,0.08,9.78,routine
3088,1,2019-11-06,returned_order,0.02,2.88,routine
3089,2,2019-11-06,prep_waste,0.29,41.91,routine
3090,2,2019-11-06,unsold_cooked,0.21,22.23,routine
3091,2,2019-11-06,spoilage,0.08,10.86,routine
3092,2,2019-11-06,returned_order,0.02,2.39,routine
3093,1,2019-11-07,prep_waste,0.19,20.4,routine
3094,1,2019-11-07,unsold_cooked,0.2,27.94,routine
3095,1,2019-11-07,spoilage,0.05,5.29,routine
3096,1,2019-11-07,returned_order,0.02,2.72,routine
3097,2,2019-11-07,prep_waste,0.18,24.62,routine
3098,2,2019-11-07,unsold_cooked,0.13,18.1,routine
3099,2,2019-11-07,spoilage,0.04,5.47,routine
3100,2,2019-11-07,returned_order,0.02,2.71,routine
3101,1,2019-11-08,prep_waste,0.36,44.74,routine
3102,1,2019-11-08,unsold_cooked,0.2,27.23,routine
3103,1,2019-11-08,spoilage,0.07,8.91,routine
3104,1,2019-11-08,returned_order,0.78,84.61,routine
3105,2,2019-11-08,prep_waste,0.4,52.28,routine
3106,2,2019-11-08,unsold_cooked,0.17,20.46,routine
3107,2,2019-11-08,spoilage,0.05,4.93,routine
3108,2,2019-11-08,returned_order,0.02,2.59,routine
3109,1,2019-11-09,prep_waste,0.3,35.33,routine
3110,1,2019-11-09,unsold_cooked,0.22,33.25,routine
3111,1,2019-11-09,spoilage,0.07,9.06,routine
3112,1,2019-11-09,returned_order,0.02,2.28,routine
3113,2,2019-11-09,prep_waste,0.43,46.68,routine
3114,2,2019-11-09,unsold_cooked,0.14,20.2,routine
3115,2,2019-11-09,spoilage,0.07,7.7,routine
3116,2,2019-11-09,returned_order,0.02,2.48,routine
3117,1,2019-11-10,prep_waste,0.29,37.23,routine
3118,1,2019-11-10,unsold_cooked,0.14,16.9,routine
3119,1,2019-11-10,spoilage,0.08,8.41,routine
3120,1,2019-11-10,returned_order,1.05,127.18,routine
3121,2,2019-11-10,prep_waste,0.36,41.63,routine
3122,2,2019-11-10,unsold_cooked,0.2,25.67,routine
3123,2,2019-11-10,spoilage,0.03,4.7,routine
3124,2,2019-11-10,returned_order,0.71,87.55,routine
3125,1,2019-11-11,prep_waste,0.44,59.81,routine
3126,1,2019-11-11,unsold_cooked,0.17,24.79,routine
3127,1,2019-11-11,spoilage,0.04,5.17,routine
3128,1,2019-11-11,returned_order,0.02,3.07,routine
3129,2,2019-11-11,prep_waste,0.33,49.11,routine
3130,2,2019-11-11,unsold_cooked,0.1,15.36,routine
3131,2,2019-11-11,spoilage,0.04,4.43,routine
3132,2,2019-11-11,returned_order,0.84,124.52,routine
3133,1,2019-11-12,prep_waste,0.31,33.6,routine
3134,1,2019-11-12,unsold_cooked,0.12,18.74,routine
3135,1,2019-11-12,spoilage,0.08,11.68,routine
3136,1,2019-11-12,returned_order,1.55,230.12,routine
3137,2,2019-11-12,prep_waste,0.31,38.53,routine
3138,2,2019-11-12,unsold_cooked,0.18,20.05,routine
3139,2,2019-11-12,spoilage,0.08,10.25,routine
3140,2,2019-11-12,returned_order,0.65,92.94,routine
3141,1,2019-11-13,prep_waste,0.42,57.69,routine
3142,1,2019-11-13,unsold_cooked,0.11,12.82,routine
3143,1,2019-11-13,spoilage,0.05,5.38,routine
3144,1,2019-11-13,returned_order,0.51,77.82,routine
3145,2,2019-11-13,prep_waste,0.44,59.93,routine
3146,2,2019-11-13,unsold_cooked,0.18,24.2,routine
3147,2,2019-11-13,spoilage,0.08,10.53,routine
3148,2,2019-11-13,returned_order,0.02,2.38,routine
3149,1,2019-11-14,prep_waste,0.4,60.14,routine
3150,1,2019-11-14,unsold_cooked,0.19,20.9,routine
3151,1,2019-11-14,spoilage,0.06,8.38,routine
3152,1,2019-11-14,returned_order,0.02,2.89,routine
3153,2,2019-11-14,prep_waste,0.25,31.56,routine
3154,2,2019-11-14,unsold_cooked,0.24,29.7,routine
3155,2,2019-11-14,spoilage,0.07,8.2,routine
3156,2,2019-11-14,returned_order,0.02,2.59,routine
3157,1,2019-11-15,prep_waste,0.43,57.82,routine
3158,1,2019-11-15,unsold_cooked,0.15,20.73,routine
3159,1,2019-11-15,spoilage,0.05,6.3,routine
3160,1,2019-11-15,returned_order,0.02,3.09,routine
3161,2,2019-11-15,prep_waste,0.42,47.52,routine
3162,2,2019-11-15,unsold_cooked,0.19,28.09,routine
3163,2,2019-11-15,spoilage,0.04,4.86,routine
3164,2,2019-11-15,returned_order,0.02,2.18,routine
3165,1,2019-11-16,prep_waste,0.32,35.28,routine
3166,1,2019-11-16,unsold_cooked,0.17,19.67,routine
3167,1,2019-11-16,spoilage,0.07,10.23,routine
3168,1,2019-11-16,returned_order,0.82,88.76,routine
3169,2,2019-11-16,prep_waste,0.42,62.14,routine
3170,2,2019-11-16,unsold_cooked,0.14,17.46,routine
3171,2,2019-11-16,spoilage,0.08,12.19,routine
3172,2,2019-11-16,returned_order,0.02,2.74,routine
3173,1,2019-11-17,prep_waste,0.35,38.15,routine
3174,1,2019-11-17,unsold_cooked,0.19,23.16,routine
3175,1,2019-11-17,spoilage,0.04,5.41,routine
3176,1,2019-11-17,returned_order,0.74,80.51,routine
3177,2,2019-11-17,prep_waste,0.27,30.82,routine
3178,2,2019-11-17,unsold_cooked,0.18,25.72,routine
3179,2,2019-11-17,spoilage,0.08,9.1,routine
3180,2,2019-11-17,returned_order,0.02,2.34,routine
3181,1,2019-11-18,prep_waste,0.26,29.67,routine
3182,1,2019-11-18,unsold_cooked,0.21,31.95,routine
3183,1,2019-11-18,spoilage,0.05,6.2,routine
3184,1,2019-11-18,returned_order,0.02,2.21,routine
3185,2,2019-11-18,prep_waste,0.2,25.55,routine
3186,2,2019-11-18,unsold_cooked,0.21,22.96,routine
3187,2,2019-11-18,spoilage,0.04,6.24,routine
3188,2,2019-11-18,returned_order,0.02,2.73,routine
3189,1,2019-11-19,prep_waste,0.29,40.86,routine
3190,1,2019-11-19,unsold_cooked,0.15,18.87,routine
3191,1,2019-11-19,spoilage,0.05,7.01,routine
3192,1,2019-11-19,returned_order,0.76,89.52,routine
3193,2,2019-11-19,prep_waste,0.19,20.21,routine
3194,2,2019-11-19,unsold_cooked,0.2,23.63,routine
3195,2,2019-11-19,spoilage,0.06,6.93,routine
3196,2,2019-11-19,returned_order,0.53,63.41,routine
3197,1,2019-11-20,prep_waste,0.31,46.53,routine
3198,1,2019-11-20,unsold_cooked,0.18,19.51,routine
3199,1,2019-11-20,spoilage,0.07,10.44,routine
3200,1,2019-11-20,returned_order,0.02,2.76,routine
3201,2,2019-11-20,prep_waste,0.43,54.8,routine
3202,2,2019-11-20,unsold_cooked,0.18,21.85,routine
3203,2,2019-11-20,spoilage,0.05,6.14,routine
3204,2,2019-11-20,returned_order,0.02,2.45,routine
3205,1,2019-11-21,prep_waste,0.25,31.1,routine
3206,1,2019-11-21,unsold_cooked,0.16,22.74,routine
3207,1,2019-11-21,spoilage,0.05,5.37,routine
3208,1,2019-11-21,returned_order,1.02,126.47,routine
3209,2,2019-11-21,prep_waste,0.24,36.41,routine
3210,2,2019-11-21,unsold_cooked,0.2,26.74,routine
3211,2,2019-11-21,spoilage,0.05,8.16,routine
3212,2,2019-11-21,returned_order,0.02,2.99,routine
3213,1,2019-11-22,prep_waste,0.44,61.33,routine
3214,1,2019-11-22,unsold_cooked,0.12,15.61,routine
3215,1,2019-11-22,spoilage,0.06,7.25,routine
3216,1,2019-11-22,returned_order,0.02,2.8,routine
3217,2,2019-11-22,prep_waste,0.37,46.55,routine
3218,2,2019-11-22,unsold_cooked,0.21,27.96,routine
3219,2,2019-11-22,spoilage,0.05,7.81,routine
3220,2,2019-11-22,returned_order,0.02,2.74,routine
3221,1,2019-11-23,prep_waste,0.29,41.65,routine
3222,1,2019-11-23,unsold_cooked,0.24,31.66,routine
3223,1,2019-11-23,spoilage,0.05,8.0,routine
3224,1,2019-11-23,returned_order,0.02,2.58,routine
3225,2,2019-11-23,prep_waste,0.35,47.84,routine
3226,2,2019-11-23,unsold_cooked,0.24,26.96,routine
3227,2,2019-11-23,spoilage,0.06,8.31,routine
3228,2,2019-11-23,returned_order,0.55,58.68,routine
3229,1,2019-11-24,prep_waste,0.43,60.78,routine
3230,1,2019-11-24,unsold_cooked,0.11,13.78,routine
3231,1,2019-11-24,spoilage,0.03,4.19,routine
3232,1,2019-11-24,returned_order,1.31,169.67,routine
3233,2,2019-11-24,prep_waste,0.3,41.39,routine
3234,2,2019-11-24,unsold_cooked,0.27,33.13,routine
3235,2,2019-11-24,spoilage,0.06,6.16,routine
3236,2,2019-11-24,returned_order,1.31,200.77,routine
3237,1,2019-11-25,prep_waste,0.3,37.95,routine
3238,1,2019-11-25,unsold_cooked,0.13,18.0,routine
3239,1,2019-11-25,spoilage,0.07,9.81,routine
3240,1,2019-11-25,returned_order,0.02,3.08,routine
3241,2,2019-11-25,prep_waste,0.43,63.85,routine
3242,2,2019-11-25,unsold_cooked,0.23,28.6,routine
3243,2,2019-11-25,spoilage,0.04,6.8,routine
3244,2,2019-11-25,returned_order,0.02,2.89,routine
3245,1,2019-11-26,prep_waste,0.42,55.0,routine
3246,1,2019-11-26,unsold_cooked,0.11,15.65,routine
3247,1,2019-11-26,spoilage,0.04,4.7,routine
3248,1,2019-11-26,returned_order,0.02,3.03,routine
3249,2,2019-11-26,prep_waste,0.26,36.05,routine
3250,2,2019-11-26,unsold_cooked,0.18,21.53,routine
3251,2,2019-11-26,spoilage,0.06,5.98,routine
3252,2,2019-11-26,returned_order,0.55,59.59,routine
3253,1,2019-11-27,prep_waste,0.26,38.41,routine
3254,1,2019-11-27,unsold_cooked,0.2,21.65,routine
3255,1,2019-11-27,spoilage,0.06,7.85,routine
3256,1,2019-11-27,returned_order,0.02,2.71,routine
3257,2,2019-11-27,prep_waste,0.43,49.86,routine
3258,2,2019-11-27,unsold_cooked,0.24,37.07,routine
3259,2,2019-11-27,spoilage,0.03,4.65,routine
3260,2,2019-11-27,returned_order,0.02,2.8,routine
3261,1,2019-11-28,prep_waste,0.41,53.29,routine
3262,1,2019-11-28,unsold_cooked,0.21,28.62,routine
3263,1,2019-11-28,spoilage,0.04,6.05,routine
3264,1,2019-11-28,returned_order,0.02,2.53,routine
3265,2,2019-11-28,prep_waste,0.19,27.17,routine
3266,2,2019-11-28,unsold_cooked,0.18,25.89,routine
3267,2,2019-11-28,spoilage,0.08,10.06,routine
3268,2,2019-11-28,returned_order,0.02,2.16,routine
3269,1,2019-11-29,prep_waste,0.29,34.17,routine
3270,1,2019-11-29,unsold_cooked,0.17,20.91,routine
3271,1,2019-11-29,spoilage,0.07,9.69,routine
3272,1,2019-11-29,returned_order,0.02,2.27,routine
3273,2,2019-11-29,prep_waste,0.27,34.51,routine
3274,2,2019-11-29,unsold_cooked,0.24,33.93,routine
3275,2,2019-11-29,spoilage,0.06,7.33,routine
3276,2,2019-11-29,returned_order,0.02,2.33,routine
3277,1,2019-11-30,prep_waste,0.42,56.13,routine
3278,1,2019-11-30,unsold_cooked,0.2,30.22,routine
3279,1,2019-11-30,spoilage,0.08,8.36,routine
3280,1,2019-11-30,returned_order,0.7,78.4,routine
3281,2,2019-11-30,prep_waste,0.36,43.53,routine
3282,2,2019-11-30,unsold_cooked,0.17,19.43,routine
3283,2,2019-11-30,spoilage,0.06,6.55,routine
3284,2,2019-11-30,returned_order,0.02,2.68,routine
3285,1,2019-12-01,prep_waste,0.31,47.65,routine
3286,1,2019-12-01,unsold_cooked,0.15,21.92,routine
3287,1,2019-12-01,spoilage,0.08,9.76,routine
3288,1,2019-12-01,returned_order,1.44,181.9,routine
3289,2,2019-12-01,prep_waste,0.34,39.68,routine
3290,2,2019-12-01,unsold_cooked,0.11,12.9,routine
3291,2,2019-12-01,spoilage,0.03,4.9,routine
3292,2,2019-12-01,returned_order,0.53,61.12,routine
3293,1,2019-12-02,prep_waste,0.23,25.4,routine
3294,1,2019-12-02,unsold_cooked,0.14,14.97,routine
3295,1,2019-12-02,spoilage,0.04,5.36,routine
3296,1,2019-12-02,returned_order,0.02,2.14,routine
3297,2,2019-12-02,prep_waste,0.26,28.4,routine
3298,2,2019-12-02,unsold_cooked,0.22,23.81,routine
3299,2,2019-12-02,spoilage,0.05,7.43,routine
3300,2,2019-12-02,returned_order,0.02,3.03,routine
3301,1,2019-12-03,prep_waste,0.34,41.72,routine
3302,1,2019-12-03,unsold_cooked,0.14,20.02,routine
3303,1,2019-12-03,spoilage,0.06,7.7,routine
3304,1,2019-12-03,returned_order,0.02,2.53,routine
3305,2,2019-12-03,prep_waste,0.32,33.43,routine
3306,2,2019-12-03,unsold_cooked,0.16,21.02,routine
3307,2,2019-12-03,spoilage,0.03,4.72,routine
3308,2,2019-12-03,returned_order,0.02,2.62,routine
3309,1,2019-12-04,prep_waste,0.3,31.59,routine
3310,1,2019-12-04,unsold_cooked,0.14,15.5,routine
3311,1,2019-12-04,spoilage,0.07,9.45,routine
3312,1,2019-12-04,returned_order,0.89,100.87,routine
3313,2,2019-12-04,prep_waste,0.42,60.31,routine
3314,2,2019-12-04,unsold_cooked,0.18,20.42,routine
3315,2,2019-12-04,spoilage,0.06,8.54,routine
3316,2,2019-12-04,returned_order,0.02,2.15,routine
3317,1,2019-12-05,prep_waste,0.35,47.08,routine
3318,1,2019-12-05,unsold_cooked,0.12,14.51,routine
3319,1,2019-12-05,spoilage,0.07,8.99,routine
3320,1,2019-12-05,returned_order,0.02,2.52,routine
3321,2,2019-12-05,prep_waste,0.4,54.11,routine
3322,2,2019-12-05,unsold_cooked,0.23,24.86,routine
3323,2,2019-12-05,spoilage,0.07,11.1,routine
3324,2,2019-12-05,returned_order,0.67,88.71,routine
3325,1,2019-12-06,prep_waste,0.34,38.21,routine
3326,1,2019-12-06,unsold_cooked,0.18,19.88,routine
3327,1,2019-12-06,spoilage,0.05,5.77,routine
3328,1,2019-12-06,returned_order,0.02,3.01,routine
3329,2,2019-12-06,prep_waste,0.34,39.1,routine
3330,2,2019-12-06,unsold_cooked,0.14,19.5,routine
3331,2,2019-12-06,spoilage,0.05,8.03,routine
3332,2,2019-12-06,returned_order,0.02,2.6,routine
3333,1,2019-12-07,prep_waste,0.27,40.89,routine
3334,1,2019-12-07,unsold_cooked,0.29,43.27,routine
3335,1,2019-12-07,spoilage,0.05,5.6,routine
3336,1,2019-12-07,returned_order,0.74,113.81,routine
3337,2,2019-12-07,prep_waste,0.37,39.51,routine
3338,2,2019-12-07,unsold_cooked,0.24,28.98,routine
3339,2,2019-12-07,spoilage,0.05,5.01,routine
3340,2,2019-12-07,returned_order,0.02,2.32,routine
3341,1,2019-12-08,prep_waste,0.33,46.32,routine
3342,1,2019-12-08,unsold_cooked,0.2,21.71,routine
3343,1,2019-12-08,spoilage,0.04,4.95,routine
3344,1,2019-12-08,returned_order,0.02,2.43,routine
3345,2,2019-12-08,prep_waste,0.33,37.67,routine
3346,2,2019-12-08,unsold_cooked,0.2,30.22,routine
3347,2,2019-12-08,spoilage,0.06,7.61,routine
3348,2,2019-12-08,returned_order,0.02,2.87,routine
3349,1,2019-12-09,prep_waste,0.35,53.08,routine
3350,1,2019-12-09,unsold_cooked,0.13,17.35,routine
3351,1,2019-12-09,spoilage,0.05,6.26,routine
3352,1,2019-12-09,returned_order,0.02,2.85,routine
3353,2,2019-12-09,prep_waste,0.44,56.81,routine
3354,2,2019-12-09,unsold_cooked,0.24,32.99,routine
3355,2,2019-12-09,spoilage,0.07,8.35,routine
3356,2,2019-12-09,returned_order,0.02,2.2,routine
3357,1,2019-12-10,prep_waste,0.38,54.19,routine
3358,1,2019-12-10,unsold_cooked,0.16,18.54,routine
3359,1,2019-12-10,spoilage,0.08,10.23,routine
3360,1,2019-12-10,returned_order,0.86,121.51,routine
3361,2,2019-12-10,prep_waste,0.39,52.99,routine
3362,2,2019-12-10,unsold_cooked,0.19,25.87,routine
3363,2,2019-12-10,spoilage,0.05,6.14,routine
3364,2,2019-12-10,returned_order,0.02,2.52,routine
3365,1,2019-12-11,prep_waste,0.33,42.97,routine
3366,1,2019-12-11,unsold_cooked,0.19,22.48,routine
3367,1,2019-12-11,spoilage,0.06,9.65,routine
3368,1,2019-12-11,returned_order,1.71,249.36,routine
3369,2,2019-12-11,prep_waste,0.41,52.19,routine
3370,2,2019-12-11,unsold_cooked,0.17,26.17,routine
3371,2,2019-12-11,spoilage,0.05,6.62,routine
3372,2,2019-12-11,returned_order,0.02,2.4,routine
3373,1,2019-12-12,prep_waste,0.18,26.16,routine
3374,1,2019-12-12,unsold_cooked,0.24,29.89,routine
3375,1,2019-12-12,spoilage,0.07,10.1,routine
3376,1,2019-12-12,returned_order,0.71,80.71,routine
3377,2,2019-12-12,prep_waste,0.32,47.3,routine
3378,2,2019-12-12,unsold_cooked,0.22,29.35,routine
3379,2,2019-12-12,spoilage,0.04,5.18,routine
3380,2,2019-12-12,returned_order,0.52,67.44,routine
3381,1,2019-12-13,prep_waste,0.4,58.4,routine
3382,1,2019-12-13,unsold_cooked,0.22,30.19,routine
3383,1,2019-12-13,spoilage,0.06,6.7,routine
3384,1,2019-12-13,returned_order,0.58,67.22,routine
3385,2,2019-12-13,prep_waste,0.19,22.15,routine
3386,2,2019-12-13,unsold_cooked,0.18,25.81,routine
3387,2,2019-12-13,spoilage,0.06,9.35,routine
3388,2,2019-12-13,returned_order,0.02,2.18,routine
3389,1,2019-12-14,prep_waste,0.4,49.09,routine
3390,1,2019-12-14,unsold_cooked,0.24,26.5,routine
3391,1,2019-12-14,spoilage,0.04,5.18,routine
3392,1,2019-12-14,returned_order,0.82,110.41,routine
3393,2,2019-12-14,prep_waste,0.26,36.75,routine
3394,2,2019-12-14,unsold_cooked,0.19,28.77,routine
3395,2,2019-12-14,spoilage,0.07,9.47,routine
3396,2,2019-12-14,returned_order,0.88,101.35,routine
3397,1,2019-12-15,prep_waste,0.34,51.08,routine
3398,1,2019-12-15,unsold_cooked,0.17,17.72,routine
3399,1,2019-12-15,spoilage,0.06,8.64,routine
3400,1,2019-12-15,returned_order,0.02,2.69,routine
3401,2,2019-12-15,prep_waste,0.36,38.42,routine
3402,2,2019-12-15,unsold_cooked,0.14,20.63,routine
3403,2,2019-12-15,spoilage,0.06,8.14,routine
3404,2,2019-12-15,returned_order,0.59,89.75,routine
3405,1,2019-12-16,prep_waste,0.43,52.76,routine
3406,1,2019-12-16,unsold_cooked,0.22,25.77,routine
3407,1,2019-12-16,spoilage,0.04,3.87,routine
3408,1,2019-12-16,returned_order,1.77,227.06,routine
3409,2,2019-12-16,prep_waste,0.32,42.44,routine
3410,2,2019-12-16,unsold_cooked,0.22,33.38,routine
3411,2,2019-12-16,spoilage,0.06,8.36,routine
3412,2,2019-12-16,returned_order,0.02,2.82,routine
3413,1,2019-12-17,prep_waste,0.29,41.25,routine
3414,1,2019-12-17,unsold_cooked,0.22,30.54,routine
3415,1,2019-12-17,spoilage,0.07,10.56,routine
3416,1,2019-12-17,returned_order,0.02,2.23,routine
3417,2,2019-12-17,prep_waste,0.19,28.04,routine
3418,2,2019-12-17,unsold_cooked,0.1,15.39,routine
3419,2,2019-12-17,spoilage,0.04,5.37,routine
3420,2,2019-12-17,returned_order,0.59,91.51,routine
3421,1,2019-12-18,prep_waste,0.32,43.11,routine
3422,1,2019-12-18,unsold_cooked,0.25,28.32,routine
3423,1,2019-12-18,spoilage,0.08,10.92,routine
3424,1,2019-12-18,returned_order,0.02,2.12,routine
3425,2,2019-12-18,prep_waste,0.21,24.17,routine
3426,2,2019-12-18,unsold_cooked,0.16,21.1,routine
3427,2,2019-12-18,spoilage,0.05,7.82,routine
3428,2,2019-12-18,returned_order,0.02,2.45,routine
3429,1,2019-12-19,prep_waste,0.41,51.22,routine
3430,1,2019-12-19,unsold_cooked,0.1,11.15,routine
3431,1,2019-12-19,spoilage,0.05,6.2,routine
3432,1,2019-12-19,returned_order,0.63,90.63,routine
3433,2,2019-12-19,prep_waste,0.18,20.31,routine
3434,2,2019-12-19,unsold_cooked,0.13,14.59,routine
3435,2,2019-12-19,spoilage,0.05,5.18,routine
3436,2,2019-12-19,returned_order,0.74,104.66,routine
3437,1,2019-12-20,prep_waste,0.26,32.71,routine
3438,1,2019-12-20,unsold_cooked,0.12,13.56,routine
3439,1,2019-12-20,spoilage,0.05,7.98,routine
3440,1,2019-12-20,returned_order,0.9,130.51,routine
3441,2,2019-12-20,prep_waste,0.25,27.16,routine
3442,2,2019-12-20,unsold_cooked,0.22,25.91,routine
3443,2,2019-12-20,spoilage,0.07,8.63,routine
3444,2,2019-12-20,returned_order,0.69,95.18,routine
3445,1,2019-12-21,prep_waste,0.18,22.26,routine
3446,1,2019-12-21,unsold_cooked,0.22,28.51,routine
3447,1,2019-12-21,spoilage,0.05,6.74,routine
3448,1,2019-12-21,returned_order,0.74,79.4,routine
3449,2,2019-12-21,prep_waste,0.29,38.01,routine
3450,2,2019-12-21,unsold_cooked,0.11,14.44,routine
3451,2,2019-12-21,spoilage,0.04,4.83,routine
3452,2,2019-12-21,returned_order,0.02,2.24,routine
3453,1,2019-12-22,prep_waste,0.42,50.6,routine
3454,1,2019-12-22,unsold_cooked,0.28,36.45,routine
3455,1,2019-12-22,spoilage,0.05,6.54,routine
3456,1,2019-12-22,returned_order,0.02,2.98,routine
3457,2,2019-12-22,prep_waste,0.29,44.27,routine
3458,2,2019-12-22,unsold_cooked,0.23,24.32,routine
3459,2,2019-12-22,spoilage,0.06,6.19,routine
3460,2,2019-12-22,returned_order,0.02,2.97,routine
3461,1,2019-12-23,prep_waste,0.41,58.06,routine
3462,1,2019-12-23,unsold_cooked,0.16,17.5,routine
3463,1,2019-12-23,spoilage,0.06,7.45,routine
3464,1,2019-12-23,returned_order,0.02,2.21,routine
3465,2,2019-12-23,prep_waste,0.35,37.21,routine
3466,2,2019-12-23,unsold_cooked,0.2,21.78,routine
3467,2,2019-12-23,spoilage,0.04,5.22,routine
3468,2,2019-12-23,returned_order,0.02,2.41,routine
3469,1,2019-12-24,prep_waste,0.22,28.98,routine
3470,1,2019-12-24,unsold_cooked,0.18,19.8,routine
3471,1,2019-12-24,spoilage,0.07,10.03,routine
3472,1,2019-12-24,returned_order,0.66,89.44,routine
3473,2,2019-12-24,prep_waste,0.37,53.84,routine
3474,2,2019-12-24,unsold_cooked,0.19,24.0,routine
3475,2,2019-12-24,spoilage,0.03,3.54,routine
3476,2,2019-12-24,returned_order,0.02,2.29,routine
3477,1,2019-12-25,prep_waste,0.22,24.05,routine
3478,1,2019-12-25,unsold_cooked,0.22,31.63,routine
3479,1,2019-12-25,spoilage,0.06,9.54,routine
3480,1,2019-12-25,returned_order,0.02,2.89,routine
3481,2,2019-12-25,prep_waste,0.25,27.98,routine
3482,2,2019-12-25,unsold_cooked,0.22,25.39,routine
3483,2,2019-12-25,spoilage,0.05,7.4,routine
3484,2,2019-12-25,returned_order,0.65,94.64,routine
3485,1,2019-12-26,prep_waste,0.44,66.14,routine
3486,1,2019-12-26,unsold_cooked,0.16,23.21,routine
3487,1,2019-12-26,spoilage,0.05,6.84,routine
3488,1,2019-12-26,returned_order,0.69,100.36,routine
3489,2,2019-12-26,prep_waste,0.27,41.4,routine
3490,2,2019-12-26,unsold_cooked,0.16,22.68,routine
3491,2,2019-12-26,spoilage,0.08,9.07,routine
3492,2,2019-12-26,returned_order,0.02,2.28,routine
3493,1,2019-12-27,prep_waste,0.18,25.25,routine
3494,1,2019-12-27,unsold_cooked,0.23,32.4,routine
3495,1,2019-12-27,spoilage,0.06,6.65,routine
3496,1,2019-12-27,returned_order,0.02,2.41,routine
3497,2,2019-12-27,prep_waste,0.2,26.17,routine
3498,2,2019-12-27,unsold_cooked,0.14,18.43,routine
3499,2,2019-12-27,spoilage,0.05,7.35,routine
3500,2,2019-12-27,returned_order,0.02,2.99,routine
3501,1,2019-12-28,prep_waste,0.3,32.29,routine
3502,1,2019-12-28,unsold_cooked,0.22,31.42,routine
3503,1,2019-12-28,spoilage,0.05,7.37,routine
3504,1,2019-12-28,returned_order,0.02,2.35,routine
3505,2,2019-12-28,prep_waste,0.39,47.01,routine
3506,2,2019-12-28,unsold_cooked,0.14,17.85,routine
3507,2,2019-12-28,spoilage,0.06,9.42,routine
3508,2,2019-12-28,returned_order,0.02,2.13,routine
3509,1,2019-12-29,prep_waste,0.34,36.15,routine
3510,1,2019-12-29,unsold_cooked,0.11,14.59,routine
3511,1,2019-12-29,spoilage,0.06,7.77,routine
3512,1,2019-12-29,returned_order,1.43,166.32,routine
3513,2,2019-12-29,prep_waste,0.41,51.04,routine
3514,2,2019-12-29,unsold_cooked,0.23,25.36,routine
3515,2,2019-12-29,spoilage,0.04,4.21,routine
3516,2,2019-12-29,returned_order,0.02,3.03,routine
3517,1,2019-12-30,prep_waste,0.31,40.19,routine
3518,1,2019-12-30,unsold_cooked,0.23,26.94,routine
3519,1,2019-12-30,spoilage,0.04,4.87,routine
3520,1,2019-12-30,returned_order,0.64,84.21,routine
3521,2,2019-12-30,prep_waste,0.19,27.62,routine
3522,2,2019-12-30,unsold_cooked,0.1,12.93,routine
3523,2,2019-12-30,spoilage,0.04,5.28,routine
3524,2,2019-12-30,returned_order,0.02,2.81,routine
3525,1,2019-12-31,prep_waste,0.37,55.05,routine
3526,1,2019-12-31,unsold_cooked,0.13,18.67,routine
3527,1,2019-12-31,spoilage,0.07,7.62,routine
3528,1,2019-12-31,returned_order,0.55,76.51,routine
3529,2,2019-12-31,prep_waste,0.44,58.58,routine
3530,2,2019-12-31,unsold_cooked,0.16,17.15,routine
3531,2,2019-12-31,spoilage,0.08,12.27,routine
3532,2,2019-12-31,returned_order,0.02,2.49,routine
3533,1,2020-01-01,prep_waste,0.36,44.39,routine
3534,1,2020-01-01,unsold_cooked,0.19,23.02,routine
3535,1,2020-01-01,spoilage,0.07,10.19,routine
3536,1,2020-01-01,returned_order,0.02,2.22,routine
3537,2,2020-01-01,prep_waste,0.22,28.12,routine
3538,2,2020-01-01,unsold_cooked,0.13,20.17,routine
3539,2,2020-01-01,spoilage,0.04,4.62,routine
3540,2,2020-01-01,returned_order,0.02,2.22,routine
3541,1,2020-01-02,prep_waste,0.44,64.09,routine
3542,1,2020-01-02,unsold_cooked,0.1,15.86,routine
3543,1,2020-01-02,spoilage,0.03,4.49,routine
3544,1,2020-01-02,returned_order,0.75,97.64,routine
3545,2,2020-01-02,prep_waste,0.23,25.62,routine
3546,2,2020-01-02,unsold_cooked,0.15,19.44,routine
3547,2,2020-01-02,spoilage,0.06,7.98,routine
3548,2,2020-01-02,returned_order,0.02,2.34,routine
3549,1,2020-01-03,prep_waste,0.22,33.5,routine
3550,1,2020-01-03,unsold_cooked,0.17,19.38,routine
3551,1,2020-01-03,spoilage,0.06,7.58,routine
3552,1,2020-01-03,returned_order,0.02,2.38,routine
3553,2,2020-01-03,prep_waste,0.18,23.96,routine
3554,2,2020-01-03,unsold_cooked,0.22,25.63,routine
3555,2,2020-01-03,spoilage,0.06,8.93,routine
3556,2,2020-01-03,returned_order,0.02,2.33,routine
3557,1,2020-01-04,prep_waste,0.41,46.52,routine
3558,1,2020-01-04,unsold_cooked,0.13,15.67,routine
3559,1,2020-01-04,spoilage,0.07,9.24,routine
3560,1,2020-01-04,returned_order,0.02,2.92,routine
3561,2,2020-01-04,prep_waste,0.4,44.4,routine
3562,2,2020-01-04,unsold_cooked,0.11,13.61,routine
3563,2,2020-01-04,spoilage,0.07,7.82,routine
3564,2,2020-01-04,returned_order,1.72,263.82,routine
3565,1,2020-01-05,prep_waste,0.19,24.41,routine
3566,1,2020-01-05,unsold_cooked,0.25,30.83,routine
3567,1,2020-01-05,spoilage,0.07,9.56,routine
3568,1,2020-01-05,returned_order,1.02,134.23,routine
3569,2,2020-01-05,prep_waste,0.29,35.58,routine
3570,2,2020-01-05,unsold_cooked,0.19,26.35,routine
3571,2,2020-01-05,spoilage,0.08,8.39,routine
3572,2,2020-01-05,returned_order,0.02,2.27,routine
3573,1,2020-01-06,prep_waste,0.37,47.82,routine
3574,1,2020-01-06,unsold_cooked,0.16,20.73,routine
3575,1,2020-01-06,spoilage,0.05,6.81,routine
3576,1,2020-01-06,returned_order,0.02,2.95,routine
3577,2,2020-01-06,prep_waste,0.24,28.62,routine
3578,2,2020-01-06,unsold_cooked,0.18,25.82,routine
3579,2,2020-01-06,spoilage,0.08,11.18,routine
3580,2,2020-01-06,returned_order,0.02,2.32,routine
3581,1,2020-01-07,prep_waste,0.35,38.85,routine
3582,1,2020-01-07,unsold_cooked,0.1,13.35,routine
3583,1,2020-01-07,spoilage,0.04,5.72,routine
3584,1,2020-01-07,returned_order,0.02,2.33,routine
3585,2,2020-01-07,prep_waste,0.36,39.31,routine
3586,2,2020-01-07,unsold_cooked,0.2,21.82,routine
3587,2,2020-01-07,spoilage,0.07,7.95,routine
3588,2,2020-01-07,returned_order,1.19,148.85,routine
3589,1,2020-01-08,prep_waste,0.43,61.32,routine
3590,1,2020-01-08,unsold_cooked,0.27,33.89,routine
3591,1,2020-01-08,spoilage,0.06,8.75,routine
3592,1,2020-01-08,returned_order,0.68,98.91,routine
3593,2,2020-01-08,prep_waste,0.41,59.41,routine
3594,2,2020-01-08,unsold_cooked,0.14,21.38,routine
3595,2,2020-01-08,spoilage,0.06,6.49,routine
3596,2,2020-01-08,returned_order,0.65,97.54,routine
3597,1,2020-01-09,prep_waste,0.28,30.8,routine
3598,1,2020-01-09,unsold_cooked,0.14,21.04,routine
3599,1,2020-01-09,spoilage,0.04,4.24,routine
3600,1,2020-01-09,returned_order,0.02,2.35,routine
3601,2,2020-01-09,prep_waste,0.23,30.79,routine
3602,2,2020-01-09,unsold_cooked,0.23,27.14,routine
3603,2,2020-01-09,spoilage,0.06,6.99,routine
3604,2,2020-01-09,returned_order,0.02,2.38,routine
3605,1,2020-01-10,prep_waste,0.42,50.84,routine
3606,1,2020-01-10,unsold_cooked,0.23,29.85,routine
3607,1,2020-01-10,spoilage,0.07,8.57,routine
3608,1,2020-01-10,returned_order,0.02,2.33,routine
3609,2,2020-01-10,prep_waste,0.3,32.41,routine
3610,2,2020-01-10,unsold_cooked,0.21,31.08,routine
3611,2,2020-01-10,spoilage,0.04,5.32,routine
3612,2,2020-01-10,returned_order,0.02,2.84,routine
3613,1,2020-01-11,prep_waste,0.39,41.81,routine
3614,1,2020-01-11,unsold_cooked,0.12,17.78,routine
3615,1,2020-01-11,spoilage,0.08,12.24,routine
3616,1,2020-01-11,returned_order,0.02,2.83,routine
3617,2,2020-01-11,prep_waste,0.37,52.89,routine
3618,2,2020-01-11,unsold_cooked,0.16,18.46,routine
3619,2,2020-01-11,spoilage,0.06,7.81,routine
3620,2,2020-01-11,returned_order,0.02,3.05,routine
3621,1,2020-01-12,prep_waste,0.44,47.0,routine
3622,1,2020-01-12,unsold_cooked,0.3,42.26,routine
3623,1,2020-01-12,spoilage,0.06,7.74,routine
3624,1,2020-01-12,returned_order,0.02,2.54,routine
3625,2,2020-01-12,prep_waste,0.41,44.12,routine
3626,2,2020-01-12,unsold_cooked,0.15,19.14,routine
3627,2,2020-01-12,spoilage,0.04,4.45,routine
3628,2,2020-01-12,returned_order,1.66,222.8,routine
3629,1,2020-01-13,prep_waste,0.28,31.44,routine
3630,1,2020-01-13,unsold_cooked,0.19,21.97,routine
3631,1,2020-01-13,spoilage,0.06,9.71,routine
3632,1,2020-01-13,returned_order,0.02,2.48,routine
3633,2,2020-01-13,prep_waste,0.38,51.56,routine
3634,2,2020-01-13,unsold_cooked,0.23,34.25,routine
3635,2,2020-01-13,spoilage,0.06,8.58,routine
3636,2,2020-01-13,returned_order,0.51,59.92,routine
3637,1,2020-01-14,prep_waste,0.24,25.76,routine
3638,1,2020-01-14,unsold_cooked,0.14,17.08,routine
3639,1,2020-01-14,spoilage,0.06,7.18,routine
3640,1,2020-01-14,returned_order,0.02,2.36,routine
3641,2,2020-01-14,prep_waste,0.34,39.96,routine
3642,2,2020-01-14,unsold_cooked,0.23,33.21,routine
3643,2,2020-01-14,spoilage,0.06,6.45,routine
3644,2,2020-01-14,returned_order,0.02,2.41,routine
3645,1,2020-01-15,prep_waste,0.25,33.58,routine
3646,1,2020-01-15,unsold_cooked,0.11,15.64,routine
3647,1,2020-01-15,spoilage,0.04,4.81,routine
3648,1,2020-01-15,returned_order,0.02,2.59,routine
3649,2,2020-01-15,prep_waste,0.35,49.3,routine
3650,2,2020-01-15,unsold_cooked,0.24,26.6,routine
3651,2,2020-01-15,spoilage,0.05,5.79,routine
3652,2,2020-01-15,returned_order,0.02,3.0,routine
3653,1,2020-01-16,prep_waste,0.23,29.53,routine
3654,1,2020-01-16,unsold_cooked,0.22,31.36,routine
3655,1,2020-01-16,spoilage,0.05,5.76,routine
3656,1,2020-01-16,returned_order,0.52,73.53,routine
3657,2,2020-01-16,prep_waste,0.2,22.63,routine
3658,2,2020-01-16,unsold_cooked,0.2,27.77,routine
3659,2,2020-01-16,spoilage,0.04,5.27,routine
3660,2,2020-01-16,returned_order,1.46,221.06,routine
3661,1,2020-01-17,prep_waste,0.35,41.45,routine
3662,1,2020-01-17,unsold_cooked,0.13,18.83,routine
3663,1,2020-01-17,spoilage,0.04,5.72,routine
3664,1,2020-01-17,returned_order,0.02,2.38,routine
3665,2,2020-01-17,prep_waste,0.45,67.33,routine
3666,2,2020-01-17,unsold_cooked,0.23,25.51,routine
3667,2,2020-01-17,spoilage,0.07,7.56,routine
3668,2,2020-01-17,returned_order,0.02,2.95,routine
3669,1,2020-01-18,prep_waste,0.27,40.44,routine
3670,1,2020-01-18,unsold_cooked,0.19,26.33,routine
3671,1,2020-01-18,spoilage,0.07,9.68,routine
3672,1,2020-01-18,returned_order,0.8,107.45,routine
3673,2,2020-01-18,prep_waste,0.21,27.77,routine
3674,2,2020-01-18,unsold_cooked,0.15,16.55,routine
3675,2,2020-01-18,spoilage,0.06,7.15,routine
3676,2,2020-01-18,returned_order,0.02,2.8,routine
3677,1,2020-01-19,prep_waste,0.41,61.89,routine
3678,1,2020-01-19,unsold_cooked,0.2,30.24,routine
3679,1,2020-01-19,spoilage,0.07,9.75,routine
3680,1,2020-01-19,returned_order,0.84,102.32,routine
3681,2,2020-01-19,prep_waste,0.32,47.8,routine
3682,2,2020-01-19,unsold_cooked,0.12,13.33,routine
3683,2,2020-01-19,spoilage,0.04,4.63,routine
3684,2,2020-01-19,returned_order,0.02,2.94,routine
3685,1,2020-01-20,prep_waste,0.42,51.77,routine
3686,1,2020-01-20,unsold_cooked,0.23,30.61,routine
3687,1,2020-01-20,spoilage,0.06,7.06,routine
3688,1,2020-01-20,returned_order,0.02,2.27,routine
3689,2,2020-01-20,prep_waste,0.39,42.7,routine
3690,2,2020-01-20,unsold_cooked,0.16,21.37,routine
3691,2,2020-01-20,spoilage,0.08,10.55,routine
3692,2,2020-01-20,returned_order,0.02,2.54,routine
3693,1,2020-01-21,prep_waste,0.34,39.59,routine
3694,1,2020-01-21,unsold_cooked,0.18,26.79,routine
3695,1,2020-01-21,spoilage,0.04,5.3,routine
3696,1,2020-01-21,returned_order,0.02,2.69,routine
3697,2,2020-01-21,prep_waste,0.4,49.51,routine
3698,2,2020-01-21,unsold_cooked,0.2,27.35,routine
3699,2,2020-01-21,spoilage,0.05,6.44,routine
3700,2,2020-01-21,returned_order,0.02,2.86,routine
3701,1,2020-01-22,prep_waste,0.26,30.21,routine
3702,1,2020-01-22,unsold_cooked,0.11,12.63,routine
3703,1,2020-01-22,spoilage,0.04,4.66,routine
3704,1,2020-01-22,returned_order,0.75,99.98,routine
3705,2,2020-01-22,prep_waste,0.29,38.82,routine
3706,2,2020-01-22,unsold_cooked,0.13,17.19,routine
3707,2,2020-01-22,spoilage,0.08,8.62,routine
3708,2,2020-01-22,returned_order,0.7,96.12,routine
3709,1,2020-01-23,prep_waste,0.42,45.7,routine
3710,1,2020-01-23,unsold_cooked,0.19,28.87,routine
3711,1,2020-01-23,spoilage,0.06,8.83,routine
3712,1,2020-01-23,returned_order,1.11,129.42,routine
3713,2,2020-01-23,prep_waste,0.18,19.96,routine
3714,2,2020-01-23,unsold_cooked,0.17,23.88,routine
3715,2,2020-01-23,spoilage,0.05,7.51,routine
3716,2,2020-01-23,returned_order,0.02,3.0,routine
3717,1,2020-01-24,prep_waste,0.21,25.75,routine
3718,1,2020-01-24,unsold_cooked,0.14,15.25,routine
3719,1,2020-01-24,spoilage,0.05,5.49,routine
3720,1,2020-01-24,returned_order,0.02,2.62,routine
3721,2,2020-01-24,prep_waste,0.19,28.26,routine
3722,2,2020-01-24,unsold_cooked,0.11,15.84,routine
3723,2,2020-01-24,spoilage,0.07,8.06,routine
3724,2,2020-01-24,returned_order,0.72,98.09,routine
3725,1,2020-01-25,prep_waste,0.35,41.47,routine
3726,1,2020-01-25,unsold_cooked,0.23,31.59,routine
3727,1,2020-01-25,spoilage,0.05,5.18,routine
3728,1,2020-01-25,returned_order,0.78,90.51,routine
3729,2,2020-01-25,prep_waste,0.4,60.4,routine
3730,2,2020-01-25,unsold_cooked,0.1,13.34,routine
3731,2,2020-01-25,spoilage,0.04,4.97,routine
3732,2,2020-01-25,returned_order,0.02,2.36,routine
3733,1,2020-01-26,prep_waste,0.23,35.3,routine
3734,1,2020-01-26,unsold_cooked,0.15,22.43,routine
3735,1,2020-01-26,spoilage,0.05,5.21,routine
3736,1,2020-01-26,returned_order,1.48,211.1,routine
3737,2,2020-01-26,prep_waste,0.26,31.84,routine
3738,2,2020-01-26,unsold_cooked,0.2,22.57,routine
3739,2,2020-01-26,spoilage,0.07,7.66,routine
3740,2,2020-01-26,returned_order,0.79,84.69,routine
3741,1,2020-01-27,prep_waste,0.23,29.69,routine
3742,1,2020-01-27,unsold_cooked,0.17,25.26,routine
3743,1,2020-01-27,spoilage,0.07,9.44,routine
3744,1,2020-01-27,returned_order,1.6,170.25,routine
3745,2,2020-01-27,prep_waste,0.36,47.1,routine
3746,2,2020-01-27,unsold_cooked,0.16,25.32,routine
3747,2,2020-01-27,spoilage,0.04,4.97,routine
3748,2,2020-01-27,returned_order,0.02,2.83,routine
3749,1,2020-01-28,prep_waste,0.44,55.13,routine
3750,1,2020-01-28,unsold_cooked,0.11,14.74,routine
3751,1,2020-01-28,spoilage,0.08,10.75,routine
3752,1,2020-01-28,returned_order,0.02,2.99,routine
3753,2,2020-01-28,prep_waste,0.39,46.9,routine
3754,2,2020-01-28,unsold_cooked,0.18,23.37,routine
3755,2,2020-01-28,spoilage,0.06,7.46,routine
3756,2,2020-01-28,returned_order,0.02,2.89,routine
3757,1,2020-01-29,prep_waste,0.25,34.32,routine
3758,1,2020-01-29,unsold_cooked,0.13,18.88,routine
3759,1,2020-01-29,spoilage,0.03,5.26,routine
3760,1,2020-01-29,returned_order,0.02,2.9,routine
3761,2,2020-01-29,prep_waste,0.32,44.22,routine
3762,2,2020-01-29,unsold_cooked,0.12,13.9,routine
3763,2,2020-01-29,spoilage,0.07,8.17,routine
3764,2,2020-01-29,returned_order,0.02,2.28,routine
3765,1,2020-01-30,prep_waste,0.23,29.2,routine
3766,1,2020-01-30,unsold_cooked,0.19,26.08,routine
3767,1,2020-01-30,spoilage,0.07,10.02,routine
3768,1,2020-01-30,returned_order,0.53,71.97,routine
3769,2,2020-01-30,prep_waste,0.36,53.41,routine
3770,2,2020-01-30,unsold_cooked,0.14,18.83,routine
3771,2,2020-01-30,spoilage,0.04,4.44,routine
3772,2,2020-01-30,returned_order,0.02,2.16,routine
3773,1,2020-01-31,prep_waste,0.26,34.36,routine
3774,1,2020-01-31,unsold_cooked,0.2,20.82,routine
3775,1,2020-01-31,spoilage,0.08,10.36,routine
3776,1,2020-01-31,returned_order,0.02,2.79,routine
3777,2,2020-01-31,prep_waste,0.36,41.42,routine
3778,2,2020-01-31,unsold_cooked,0.21,31.02,routine
3779,2,2020-01-31,spoilage,0.04,4.84,routine
3780,2,2020-01-31,returned_order,0.02,2.45,routine
3781,1,2020-02-01,prep_waste,0.19,27.97,routine
3782,1,2020-02-01,unsold_cooked,0.22,31.49,routine
3783,1,2020-02-01,spoilage,0.05,7.61,routine
3784,1,2020-02-01,returned_order,0.02,2.62,routine
3785,2,2020-02-01,prep_waste,0.24,32.58,routine
3786,2,2020-02-01,unsold_cooked,0.11,17.22,routine
3787,2,2020-02-01,spoilage,0.06,9.94,routine
3788,2,2020-02-01,returned_order,0.02,2.19,routine
3789,1,2020-02-02,prep_waste,0.41,56.01,routine
3790,1,2020-02-02,unsold_cooked,0.14,21.19,routine
3791,1,2020-02-02,spoilage,0.07,8.21,routine
3792,1,2020-02-02,returned_order,0.02,2.24,routine
3793,2,2020-02-02,prep_waste,0.28,41.36,routine
3794,2,2020-02-02,unsold_cooked,0.24,36.03,routine
3795,2,2020-02-02,spoilage,0.08,9.72,routine
3796,2,2020-02-02,returned_order,0.76,112.5,routine
3797,1,2020-02-03,prep_waste,0.2,26.19,routine
3798,1,2020-02-03,unsold_cooked,0.19,27.4,routine
3799,1,2020-02-03,spoilage,0.04,5.41,routine
3800,1,2020-02-03,returned_order,0.02,2.51,routine
3801,2,2020-02-03,prep_waste,0.23,28.19,routine
3802,2,2020-02-03,unsold_cooked,0.19,28.07,routine
3803,2,2020-02-03,spoilage,0.06,8.55,routine
3804,2,2020-02-03,returned_order,0.02,2.98,routine
3805,1,2020-02-04,prep_waste,0.36,51.79,routine
3806,1,2020-02-04,unsold_cooked,0.18,23.78,routine
3807,1,2020-02-04,spoilage,0.04,5.13,routine
3808,1,2020-02-04,returned_order,1.62,181.95,routine
3809,2,2020-02-04,prep_waste,0.23,35.88,routine
3810,2,2020-02-04,unsold_cooked,0.1,14.08,routine
3811,2,2020-02-04,spoilage,0.04,4.81,routine
3812,2,2020-02-04,returned_order,0.02,2.87,routine
3813,1,2020-02-05,prep_waste,0.31,45.77,routine
3814,1,2020-02-05,unsold_cooked,0.17,23.32,routine
3815,1,2020-02-05,spoilage,0.05,5.62,routine
3816,1,2020-02-05,returned_order,0.02,2.66,routine
3817,2,2020-02-05,prep_waste,0.29,41.31,routine
3818,2,2020-02-05,unsold_cooked,0.19,25.23,routine
3819,2,2020-02-05,spoilage,0.05,7.31,routine
3820,2,2020-02-05,returned_order,0.02,3.0,routine
3821,1,2020-02-06,prep_waste,0.37,49.07,routine
3822,1,2020-02-06,unsold_cooked,0.21,27.96,routine
3823,1,2020-02-06,spoilage,0.06,7.09,routine
3824,1,2020-02-06,returned_order,0.02,2.49,routine
3825,2,2020-02-06,prep_waste,0.18,23.55,routine
3826,2,2020-02-06,unsold_cooked,0.11,13.2,routine
3827,2,2020-02-06,spoilage,0.08,9.26,routine
3828,2,2020-02-06,returned_order,0.02,2.46,routine
3829,1,2020-02-07,prep_waste,0.21,26.67,routine
3830,1,2020-02-07,unsold_cooked,0.2,20.89,routine
3831,1,2020-02-07,spoilage,0.05,5.72,routine
3832,1,2020-02-07,returned_order,0.02,2.64,routine
3833,2,2020-02-07,prep_waste,0.34,51.85,routine
3834,2,2020-02-07,unsold_cooked,0.15,19.48,routine
3835,2,2020-02-07,spoilage,0.05,5.8,routine
3836,2,2020-02-07,returned_order,0.02,2.62,routine
3837,1,2020-02-08,prep_waste,0.2,24.48,routine
3838,1,2020-02-08,unsold_cooked,0.12,13.1,routine
3839,1,2020-02-08,spoilage,0.05,8.2,routine
3840,1,2020-02-08,returned_order,2.16,277.73,routine
3841,2,2020-02-08,prep_waste,0.36,43.8,routine
3842,2,2020-02-08,unsold_cooked,0.19,27.93,routine
3843,2,2020-02-08,spoilage,0.07,9.65,routine
3844,2,2020-02-08,returned_order,0.02,2.67,routine
3845,1,2020-02-09,prep_waste,0.19,27.81,routine
3846,1,2020-02-09,unsold_cooked,0.23,32.92,routine
3847,1,2020-02-09,spoilage,0.04,5.4,routine
3848,1,2020-02-09,returned_order,2.33,272.87,routine
3849,2,2020-02-09,prep_waste,0.21,26.43,routine
3850,2,2020-02-09,unsold_cooked,0.25,26.85,routine
3851,2,2020-02-09,spoilage,0.08,8.87,routine
3852,2,2020-02-09,returned_order,0.55,68.43,routine
3853,1,2020-02-10,prep_waste,0.35,54.12,routine
3854,1,2020-02-10,unsold_cooked,0.17,20.22,routine
3855,1,2020-02-10,spoilage,0.05,7.14,routine
3856,1,2020-02-10,returned_order,0.02,2.64,routine
3857,2,2020-02-10,prep_waste,0.39,42.18,routine
3858,2,2020-02-10,unsold_cooked,0.14,17.85,routine
3859,2,2020-02-10,spoilage,0.04,4.47,routine
3860,2,2020-02-10,returned_order,0.7,91.75,routine
3861,1,2020-02-11,prep_waste,0.37,50.11,routine
3862,1,2020-02-11,unsold_cooked,0.23,34.83,routine
3863,1,2020-02-11,spoilage,0.05,5.18,routine
3864,1,2020-02-11,returned_order,0.02,2.92,routine
3865,2,2020-02-11,prep_waste,0.29,38.83,routine
3866,2,2020-02-11,unsold_cooked,0.25,30.16,routine
3867,2,2020-02-11,spoilage,0.05,5.91,routine
3868,2,2020-02-11,returned_order,0.02,2.41,routine
3869,1,2020-02-12,prep_waste,0.33,38.39,routine
3870,1,2020-02-12,unsold_cooked,0.19,22.45,routine
3871,1,2020-02-12,spoilage,0.07,9.75,routine
3872,1,2020-02-12,returned_order,0.02,3.08,routine
3873,2,2020-02-12,prep_waste,0.19,21.92,routine
3874,2,2020-02-12,unsold_cooked,0.11,11.65,routine
3875,2,2020-02-12,spoilage,0.04,4.81,routine
3876,2,2020-02-12,returned_order,0.02,2.97,routine
3877,1,2020-02-13,prep_waste,0.39,46.48,routine
3878,1,2020-02-13,unsold_cooked,0.1,11.22,routine
3879,1,2020-02-13,spoilage,0.04,5.19,routine
3880,1,2020-02-13,returned_order,0.02,2.96,routine
3881,2,2020-02-13,prep_waste,0.3,40.07,routine
3882,2,2020-02-13,unsold_cooked,0.14,19.68,routine
3883,2,2020-02-13,spoilage,0.07,9.23,routine
3884,2,2020-02-13,returned_order,0.02,2.88,routine
3885,1,2020-02-14,prep_waste,0.24,30.29,routine
3886,1,2020-02-14,unsold_cooked,0.2,25.32,routine
3887,1,2020-02-14,spoilage,0.06,8.25,routine
3888,1,2020-02-14,returned_order,0.66,81.19,routine
3889,2,2020-02-14,prep_waste,0.4,49.07,routine
3890,2,2020-02-14,unsold_cooked,0.22,33.25,routine
3891,2,2020-02-14,spoilage,0.05,6.52,routine
3892,2,2020-02-14,returned_order,0.02,2.39,routine
3893,1,2020-02-15,prep_waste,0.28,43.71,routine
3894,1,2020-02-15,unsold_cooked,0.24,31.83,routine
3895,1,2020-02-15,spoilage,0.04,5.08,routine
3896,1,2020-02-15,returned_order,0.55,77.56,routine
3897,2,2020-02-15,prep_waste,0.39,43.97,routine
3898,2,2020-02-15,unsold_cooked,0.17,18.99,routine
3899,2,2020-02-15,spoilage,0.05,6.55,routine
3900,2,2020-02-15,returned_order,0.56,60.52,routine
3901,1,2020-02-16,prep_waste,0.33,44.15,routine
3902,1,2020-02-16,unsold_cooked,0.22,27.28,routine
3903,1,2020-02-16,spoilage,0.07,11.1,routine
3904,1,2020-02-16,returned_order,3.02,434.26,routine
3905,2,2020-02-16,prep_waste,0.29,38.79,routine
3906,2,2020-02-16,unsold_cooked,0.11,12.32,routine
3907,2,2020-02-16,spoilage,0.07,7.71,routine
3908,2,2020-02-16,returned_order,0.02,2.57,routine
3909,1,2020-02-17,prep_waste,0.28,28.9,routine
3910,1,2020-02-17,unsold_cooked,0.27,40.24,routine
3911,1,2020-02-17,spoilage,0.05,6.06,routine
3912,1,2020-02-17,returned_order,0.02,2.97,routine
3913,2,2020-02-17,prep_waste,0.25,31.96,routine
3914,2,2020-02-17,unsold_cooked,0.1,13.69,routine
3915,2,2020-02-17,spoilage,0.08,9.38,routine
3916,2,2020-02-17,returned_order,0.02,3.01,routine
3917,1,2020-02-18,prep_waste,0.43,48.57,routine
3918,1,2020-02-18,unsold_cooked,0.15,20.04,routine
3919,1,2020-02-18,spoilage,0.04,4.67,routine
3920,1,2020-02-18,returned_order,1.12,169.21,routine
3921,2,2020-02-18,prep_waste,0.19,27.85,routine
3922,2,2020-02-18,unsold_cooked,0.16,23.75,routine
3923,2,2020-02-18,spoilage,0.06,7.34,routine
3924,2,2020-02-18,returned_order,0.02,2.23,routine
3925,1,2020-02-19,prep_waste,0.35,40.05,routine
3926,1,2020-02-19,unsold_cooked,0.19,22.87,routine
3927,1,2020-02-19,spoilage,0.06,7.2,routine
3928,1,2020-02-19,returned_order,0.51,71.08,routine
3929,2,2020-02-19,prep_waste,0.19,22.65,routine
3930,2,2020-02-19,unsold_cooked,0.1,15.04,routine
3931,2,2020-02-19,spoilage,0.08,8.24,routine
3932,2,2020-02-19,returned_order,0.81,86.69,routine
3933,1,2020-02-20,prep_waste,0.29,45.02,routine
3934,1,2020-02-20,unsold_cooked,0.2,28.68,routine
3935,1,2020-02-20,spoilage,0.06,8.57,routine
3936,1,2020-02-20,returned_order,0.79,95.77,routine
3937,2,2020-02-20,prep_waste,0.25,31.87,routine
3938,2,2020-02-20,unsold_cooked,0.17,23.15,routine
3939,2,2020-02-20,spoilage,0.05,6.93,routine
3940,2,2020-02-20,returned_order,0.02,2.94,routine
3941,1,2020-02-21,prep_waste,0.28,40.09,routine
3942,1,2020-02-21,unsold_cooked,0.1,14.71,routine
3943,1,2020-02-21,spoilage,0.07,7.72,routine
3944,1,2020-02-21,returned_order,0.02,3.0,routine
3945,2,2020-02-21,prep_waste,0.44,49.48,routine
3946,2,2020-02-21,unsold_cooked,0.15,18.69,routine
3947,2,2020-02-21,spoilage,0.03,4.49,routine
3948,2,2020-02-21,returned_order,0.84,120.25,routine
3949,1,2020-02-22,prep_waste,0.24,32.88,routine
3950,1,2020-02-22,unsold_cooked,0.15,15.8,routine
3951,1,2020-02-22,spoilage,0.06,8.59,routine
3952,1,2020-02-22,returned_order,1.32,142.77,routine
3953,2,2020-02-22,prep_waste,0.21,29.7,routine
3954,2,2020-02-22,unsold_cooked,0.12,13.35,routine
3955,2,2020-02-22,spoilage,0.04,4.36,routine
3956,2,2020-02-22,returned_order,1.08,161.35,routine
3957,1,2020-02-23,prep_waste,0.29,43.57,routine
3958,1,2020-02-23,unsold_cooked,0.14,17.1,routine
3959,1,2020-02-23,spoilage,0.06,9.85,routine
3960,1,2020-02-23,returned_order,0.02,2.14,routine
3961,2,2020-02-23,prep_waste,0.3,40.54,routine
3962,2,2020-02-23,unsold_cooked,0.23,31.09,routine
3963,2,2020-02-23,spoilage,0.06,8.2,routine
3964,2,2020-02-23,returned_order,0.02,3.04,routine
3965,1,2020-02-24,prep_waste,0.41,56.51,routine
3966,1,2020-02-24,unsold_cooked,0.22,30.97,routine
3967,1,2020-02-24,spoilage,0.05,5.84,routine
3968,1,2020-02-24,returned_order,0.66,75.36,routine
3969,2,2020-02-24,prep_waste,0.41,58.36,routine
3970,2,2020-02-24,unsold_cooked,0.14,15.28,routine
3971,2,2020-02-24,spoilage,0.06,6.43,routine
3972,2,2020-02-24,returned_order,0.64,66.82,routine
3973,1,2020-02-25,prep_waste,0.25,30.66,routine
3974,1,2020-02-25,unsold_cooked,0.17,24.66,routine
3975,1,2020-02-25,spoilage,0.07,9.55,routine
3976,1,2020-02-25,returned_order,0.02,2.54,routine
3977,2,2020-02-25,prep_waste,0.42,47.91,routine
3978,2,2020-02-25,unsold_cooked,0.2,24.2,routine
3979,2,2020-02-25,spoilage,0.07,10.43,routine
3980,2,2020-02-25,returned_order,0.84,90.08,routine
3981,1,2020-02-26,prep_waste,0.23,32.02,routine
3982,1,2020-02-26,unsold_cooked,0.27,32.02,routine
3983,1,2020-02-26,spoilage,0.05,7.04,routine
3984,1,2020-02-26,returned_order,0.02,3.0,routine
3985,2,2020-02-26,prep_waste,0.28,39.91,routine
3986,2,2020-02-26,unsold_cooked,0.18,26.65,routine
3987,2,2020-02-26,spoilage,0.06,8.21,routine
3988,2,2020-02-26,returned_order,0.75,95.56,routine
3989,1,2020-02-27,prep_waste,0.25,34.41,routine
3990,1,2020-02-27,unsold_cooked,0.16,22.45,routine
3991,1,2020-02-27,spoilage,0.04,4.86,routine
3992,1,2020-02-27,returned_order,0.02,2.88,routine
3993,2,2020-02-27,prep_waste,0.35,42.35,routine
3994,2,2020-02-27,unsold_cooked,0.19,23.92,routine
3995,2,2020-02-27,spoilage,0.07,10.12,routine
3996,2,2020-02-27,returned_order,0.02,2.85,routine
3997,1,2020-02-28,prep_waste,0.33,44.15,routine
3998,1,2020-02-28,unsold_cooked,0.1,12.91,routine
3999,1,2020-02-28,spoilage,0.08,10.39,routine
4000,1,2020-02-28,returned_order,0.02,2.99,routine
4001,2,2020-02-28,prep_waste,0.22,23.84,routine
4002,2,2020-02-28,unsold_cooked,0.15,17.13,routine
4003,2,2020-02-28,spoilage,0.08,9.9,routine
4004,2,2020-02-28,returned_order,0.02,2.79,routine
4005,1,2020-02-29,prep_waste,0.34,45.7,routine
4006,1,2020-02-29,unsold_cooked,0.2,28.94,routine
4007,1,2020-02-29,spoilage,0.06,7.52,routine
4008,1,2020-02-29,returned_order,2.29,278.46,routine
4009,2,2020-02-29,prep_waste,0.19,22.44,routine
4010,2,2020-02-29,unsold_cooked,0.13,14.14,routine
4011,2,2020-02-29,spoilage,0.03,3.93,routine
4012,2,2020-02-29,returned_order,0.63,83.84,routine
4013,1,2020-03-01,prep_waste,0.26,29.05,routine
4014,1,2020-03-01,unsold_cooked,0.22,26.26,routine
4015,1,2020-03-01,spoilage,0.04,4.44,routine
4016,1,2020-03-01,returned_order,0.9,118.33,routine
4017,2,2020-03-01,prep_waste,0.38,41.4,routine
4018,2,2020-03-01,unsold_cooked,0.21,23.36,routine
4019,2,2020-03-01,spoilage,0.06,7.31,routine
4020,2,2020-03-01,returned_order,0.02,2.45,routine
4021,1,2020-03-02,prep_waste,0.23,31.18,routine
4022,1,2020-03-02,unsold_cooked,0.14,15.65,routine
4023,1,2020-03-02,spoilage,0.07,9.72,routine
4024,1,2020-03-02,returned_order,0.02,2.93,routine
4025,2,2020-03-02,prep_waste,0.26,36.52,routine
4026,2,2020-03-02,unsold_cooked,0.12,15.54,routine
4027,2,2020-03-02,spoilage,0.05,6.45,routine
4028,2,2020-03-02,returned_order,0.58,85.67,routine
4029,1,2020-03-03,prep_waste,0.38,57.74,routine
4030,1,2020-03-03,unsold_cooked,0.13,15.88,routine
4031,1,2020-03-03,spoilage,0.06,8.63,routine
4032,1,2020-03-03,returned_order,0.02,2.44,routine
4033,2,2020-03-03,prep_waste,0.26,33.56,routine
4034,2,2020-03-03,unsold_cooked,0.11,16.26,routine
4035,2,2020-03-03,spoilage,0.05,5.56,routine
4036,2,2020-03-03,returned_order,0.02,2.56,routine
4037,1,2020-03-04,prep_waste,0.22,32.02,routine
4038,1,2020-03-04,unsold_cooked,0.16,16.76,routine
4039,1,2020-03-04,spoilage,0.05,5.54,routine
4040,1,2020-03-04,returned_order,0.02,3.06,routine
4041,2,2020-03-04,prep_waste,0.19,22.3,routine
4042,2,2020-03-04,unsold_cooked,0.16,22.29,routine
4043,2,2020-03-04,spoilage,0.08,8.62,routine
4044,2,2020-03-04,returned_order,0.02,2.4,routine
4045,1,2020-03-05,prep_waste,0.22,33.05,routine
4046,1,2020-03-05,unsold_cooked,0.16,21.69,routine
4047,1,2020-03-05,spoilage,0.05,7.56,routine
4048,1,2020-03-05,returned_order,0.53,82.56,routine
4049,2,2020-03-05,prep_waste,0.38,51.68,routine
4050,2,2020-03-05,unsold_cooked,0.19,20.48,routine
4051,2,2020-03-05,spoilage,0.07,8.44,routine
4052,2,2020-03-05,returned_order,0.02,2.14,routine
4053,1,2020-03-06,prep_waste,0.28,30.01,routine
4054,1,2020-03-06,unsold_cooked,0.23,29.85,routine
4055,1,2020-03-06,spoilage,0.07,8.2,routine
4056,1,2020-03-06,returned_order,0.02,2.48,routine
4057,2,2020-03-06,prep_waste,0.25,28.69,routine
4058,2,2020-03-06,unsold_cooked,0.13,19.69,routine
4059,2,2020-03-06,spoilage,0.05,6.93,routine
4060,2,2020-03-06,returned_order,0.02,2.47,routine
4061,1,2020-03-07,prep_waste,0.41,57.49,routine
4062,1,2020-03-07,unsold_cooked,0.21,22.61,routine
4063,1,2020-03-07,spoilage,0.07,9.24,routine
4064,1,2020-03-07,returned_order,0.02,2.83,routine
4065,2,2020-03-07,prep_waste,0.43,47.15,routine
4066,2,2020-03-07,unsold_cooked,0.21,23.18,routine
4067,2,2020-03-07,spoilage,0.06,6.75,routine
4068,2,2020-03-07,returned_order,0.02,2.56,routine
4069,1,2020-03-08,prep_waste,0.22,29.23,routine
4070,1,2020-03-08,unsold_cooked,0.27,38.48,routine
4071,1,2020-03-08,spoilage,0.03,4.46,routine
4072,1,2020-03-08,returned_order,0.02,2.15,routine
4073,2,2020-03-08,prep_waste,0.4,46.84,routine
4074,2,2020-03-08,unsold_cooked,0.12,15.86,routine
4075,2,2020-03-08,spoilage,0.06,7.17,routine
4076,2,2020-03-08,returned_order,0.02,2.11,routine
4077,1,2020-03-09,prep_waste,0.25,32.25,routine
4078,1,2020-03-09,unsold_cooked,0.16,17.01,routine
4079,1,2020-03-09,spoilage,0.07,8.87,routine
4080,1,2020-03-09,returned_order,0.02,2.3,routine
4081,2,2020-03-09,prep_waste,0.19,21.25,routine
4082,2,2020-03-09,unsold_cooked,0.18,24.39,routine
4083,2,2020-03-09,spoilage,0.06,6.38,routine
4084,2,2020-03-09,returned_order,0.02,2.1,routine
4085,1,2020-03-10,prep_waste,0.45,65.36,routine
4086,1,2020-03-10,unsold_cooked,0.14,15.43,routine
4087,1,2020-03-10,spoilage,0.07,7.39,routine
4088,1,2020-03-10,returned_order,0.02,2.83,routine
4089,2,2020-03-10,prep_waste,0.34,38.78,routine
4090,2,2020-03-10,unsold_cooked,0.19,23.53,routine
4091,2,2020-03-10,spoilage,0.06,9.52,routine
4092,2,2020-03-10,returned_order,0.02,2.42,routine
4093,1,2020-03-11,prep_waste,0.43,53.42,routine
4094,1,2020-03-11,unsold_cooked,0.14,20.2,routine
4095,1,2020-03-11,spoilage,0.04,5.06,routine
4096,1,2020-03-11,returned_order,0.02,2.23,routine
4097,2,2020-03-11,prep_waste,0.34,36.84,routine
4098,2,2020-03-11,unsold_cooked,0.12,18.13,routine
4099,2,2020-03-11,spoilage,0.05,6.85,routine
4100,2,2020-03-11,returned_order,0.02,2.23,routine
4101,1,2020-03-12,prep_waste,0.44,48.62,routine
4102,1,2020-03-12,unsold_cooked,0.16,19.51,routine
4103,1,2020-03-12,spoilage,0.04,6.44,routine
4104,1,2020-03-12,returned_order,0.02,2.99,routine
4105,2,2020-03-12,prep_waste,0.21,31.5,routine
4106,2,2020-03-12,unsold_cooked,0.21,27.16,routine
4107,2,2020-03-12,spoilage,0.06,8.98,routine
4108,2,2020-03-12,returned_order,0.02,2.48,routine
4109,1,2020-03-13,prep_waste,0.29,32.56,routine
4110,1,2020-03-13,unsold_cooked,0.17,19.03,routine
4111,1,2020-03-13,spoilage,0.05,5.73,routine
4112,1,2020-03-13,returned_order,0.02,2.5,routine
4113,2,2020-03-13,prep_waste,0.4,52.17,routine
4114,2,2020-03-13,unsold_cooked,0.22,28.0,routine
4115,2,2020-03-13,spoilage,0.06,7.56,routine
4116,2,2020-03-13,returned_order,0.02,2.78,routine
4117,1,2020-03-14,prep_waste,0.22,24.02,routine
4118,1,2020-03-14,unsold_cooked,0.25,32.05,routine
4119,1,2020-03-14,spoilage,0.05,6.43,routine
4120,1,2020-03-14,returned_order,0.53,68.83,routine
4121,2,2020-03-14,prep_waste,0.41,52.71,routine
4122,2,2020-03-14,unsold_cooked,0.15,19.11,routine
4123,2,2020-03-14,spoilage,0.06,8.26,routine
4124,2,2020-03-14,returned_order,0.55,68.13,routine
4125,1,2020-03-15,prep_waste,0.39,48.91,routine
4126,1,2020-03-15,unsold_cooked,0.23,29.91,routine
4127,1,2020-03-15,spoilage,0.06,8.24,routine
4128,1,2020-03-15,returned_order,0.02,2.51,routine
4129,2,2020-03-15,prep_waste,0.36,43.68,routine
4130,2,2020-03-15,unsold_cooked,0.23,35.94,routine
4131,2,2020-03-15,spoilage,0.08,10.39,routine
4132,2,2020-03-15,returned_order,0.02,2.12,routine
4133,1,2020-03-16,prep_waste,0.22,23.76,routine
4134,1,2020-03-16,unsold_cooked,0.11,15.28,routine
4135,1,2020-03-16,spoilage,0.06,7.04,routine
4136,1,2020-03-16,returned_order,0.02,2.24,routine
4137,2,2020-03-16,prep_waste,0.42,63.04,routine
4138,2,2020-03-16,unsold_cooked,0.19,24.12,routine
4139,2,2020-03-16,spoilage,0.07,8.56,routine
4140,2,2020-03-16,returned_order,0.02,2.33,routine
4141,1,2020-03-17,prep_waste,0.35,41.0,routine
4142,1,2020-03-17,unsold_cooked,0.21,32.37,routine
4143,1,2020-03-17,spoilage,0.07,7.78,routine
4144,1,2020-03-17,returned_order,0.02,2.18,routine
4145,2,2020-03-17,prep_waste,0.41,44.06,routine
4146,2,2020-03-17,unsold_cooked,0.24,25.8,routine
4147,2,2020-03-17,spoilage,0.08,11.65,routine
4148,2,2020-03-17,returned_order,0.02,2.46,routine
4149,1,2020-03-18,prep_waste,0.32,47.5,routine
4150,1,2020-03-18,unsold_cooked,0.1,12.17,routine
4151,1,2020-03-18,spoilage,0.07,9.79,routine
4152,1,2020-03-18,returned_order,0.02,2.47,routine
4153,2,2020-03-18,prep_waste,0.44,52.28,routine
4154,2,2020-03-18,unsold_cooked,0.23,35.4,routine
4155,2,2020-03-18,spoilage,0.05,5.6,routine
4156,2,2020-03-18,returned_order,0.02,2.12,routine
4157,1,2020-03-19,prep_waste,0.23,35.14,routine
4158,1,2020-03-19,unsold_cooked,0.21,26.7,routine
4159,1,2020-03-19,spoilage,0.07,9.14,routine
4160,1,2020-03-19,returned_order,0.79,97.36,routine
4161,2,2020-03-19,prep_waste,0.23,28.98,routine
4162,2,2020-03-19,unsold_cooked,0.15,18.3,routine
4163,2,2020-03-19,spoilage,0.05,5.71,routine
4164,2,2020-03-19,returned_order,0.02,2.96,routine
4165,1,2020-03-20,prep_waste,0.22,26.63,routine
4166,1,2020-03-20,unsold_cooked,0.19,20.1,routine
4167,1,2020-03-20,spoilage,0.07,7.75,routine
4168,1,2020-03-20,returned_order,0.02,2.74,routine
4169,2,2020-03-20,prep_waste,0.22,29.81,routine
4170,2,2020-03-20,unsold_cooked,0.17,25.78,routine
4171,2,2020-03-20,spoilage,0.06,8.66,routine
4172,2,2020-03-20,returned_order,0.02,2.42,routine
4173,1,2020-03-21,prep_waste,0.29,35.27,routine
4174,1,2020-03-21,unsold_cooked,0.1,11.03,routine
4175,1,2020-03-21,spoilage,0.07,9.73,routine
4176,1,2020-03-21,returned_order,0.02,2.56,routine
4177,2,2020-03-21,prep_waste,0.44,56.96,routine
4178,2,2020-03-21,unsold_cooked,0.24,36.04,routine
4179,2,2020-03-21,spoilage,0.05,7.3,routine
4180,2,2020-03-21,returned_order,0.02,2.42,routine
4181,1,2020-03-22,prep_waste,0.36,38.32,routine
4182,1,2020-03-22,unsold_cooked,0.22,30.05,routine
4183,1,2020-03-22,spoilage,0.08,8.44,routine
4184,1,2020-03-22,returned_order,0.02,2.71,routine
4185,2,2020-03-22,prep_waste,0.29,42.75,routine
4186,2,2020-03-22,unsold_cooked,0.16,19.48,routine
4187,2,2020-03-22,spoilage,0.03,5.04,routine
4188,2,2020-03-22,returned_order,0.02,2.35,routine
4189,1,2020-03-23,prep_waste,0.37,51.25,routine
4190,1,2020-03-23,unsold_cooked,0.19,20.08,routine
4191,1,2020-03-23,spoilage,0.07,9.54,routine
4192,1,2020-03-23,returned_order,0.02,2.37,routine
4193,2,2020-03-23,prep_waste,0.21,23.65,routine
4194,2,2020-03-23,unsold_cooked,0.23,26.12,routine
4195,2,2020-03-23,spoilage,0.03,4.54,routine
4196,2,2020-03-23,returned_order,0.02,2.75,routine
4197,1,2020-03-24,prep_waste,0.27,28.63,routine
4198,1,2020-03-24,unsold_cooked,0.14,18.87,routine
4199,1,2020-03-24,spoilage,0.04,5.6,routine
4200,1,2020-03-24,returned_order,0.02,2.3,routine
4201,2,2020-03-24,prep_waste,0.4,45.16,routine
4202,2,2020-03-24,unsold_cooked,0.21,22.38,routine
4203,2,2020-03-24,spoilage,0.05,5.91,routine
4204,2,2020-03-24,returned_order,0.02,3.09,routine
4205,1,2020-03-25,prep_waste,0.23,35.1,routine
4206,1,2020-03-25,unsold_cooked,0.18,19.42,routine
4207,1,2020-03-25,spoilage,0.08,10.0,routine
4208,1,2020-03-25,returned_order,0.02,2.1,routine
4209,2,2020-03-25,prep_waste,0.28,34.93,routine
4210,2,2020-03-25,unsold_cooked,0.17,26.1,routine
4211,2,2020-03-25,spoilage,0.05,6.28,routine
4212,2,2020-03-25,returned_order,0.02,2.91,routine
4213,1,2020-03-26,prep_waste,0.21,29.67,routine
4214,1,2020-03-26,unsold_cooked,0.13,15.22,routine
4215,1,2020-03-26,spoilage,0.07,10.49,routine
4216,1,2020-03-26,returned_order,0.02,2.49,routine
4217,2,2020-03-26,prep_waste,0.43,52.37,routine
4218,2,2020-03-26,unsold_cooked,0.21,22.87,routine
4219,2,2020-03-26,spoilage,0.07,8.37,routine
4220,2,2020-03-26,returned_order,0.02,2.94,routine
4221,1,2020-03-27,prep_waste,0.41,52.86,routine
4222,1,2020-03-27,unsold_cooked,0.24,29.76,routine
4223,1,2020-03-27,spoilage,0.04,4.44,routine
4224,1,2020-03-27,returned_order,0.02,2.21,routine
4225,2,2020-03-27,prep_waste,0.39,55.28,routine
4226,2,2020-03-27,unsold_cooked,0.11,12.89,routine
4227,2,2020-03-27,spoilage,0.03,4.5,routine
4228,2,2020-03-27,returned_order,0.02,3.07,routine
4229,1,2020-03-28,prep_waste,0.22,24.36,routine
4230,1,2020-03-28,unsold_cooked,0.17,23.89,routine
4231,1,2020-03-28,spoilage,0.06,8.43,routine
4232,1,2020-03-28,returned_order,0.65,95.71,routine
4233,2,2020-03-28,prep_waste,0.22,33.33,routine
4234,2,2020-03-28,unsold_cooked,0.24,36.36,routine
4235,2,2020-03-28,spoilage,0.06,8.37,routine
4236,2,2020-03-28,returned_order,0.76,86.4,routine
4237,1,2020-03-29,prep_waste,0.35,46.23,routine
4238,1,2020-03-29,unsold_cooked,0.22,28.06,routine
4239,1,2020-03-29,spoilage,0.06,8.34,routine
4240,1,2020-03-29,returned_order,0.68,72.12,routine
4241,2,2020-03-29,prep_waste,0.38,54.42,routine
4242,2,2020-03-29,unsold_cooked,0.13,19.29,routine
4243,2,2020-03-29,spoilage,0.05,5.36,routine
4244,2,2020-03-29,returned_order,0.02,2.36,routine
4245,1,2020-03-30,prep_waste,0.35,38.15,routine
4246,1,2020-03-30,unsold_cooked,0.14,21.52,routine
4247,1,2020-03-30,spoilage,0.07,10.27,routine
4248,1,2020-03-30,returned_order,0.02,2.67,routine
4249,2,2020-03-30,prep_waste,0.18,26.42,routine
4250,2,2020-03-30,unsold_cooked,0.22,29.07,routine
4251,2,2020-03-30,spoilage,0.07,9.16,routine
4252,2,2020-03-30,returned_order,0.02,2.44,routine
4253,1,2020-03-31,prep_waste,0.28,33.37,routine
4254,1,2020-03-31,unsold_cooked,0.17,25.91,routine
4255,1,2020-03-31,spoilage,0.07,7.24,routine
4256,1,2020-03-31,returned_order,0.62,85.51,routine
4257,2,2020-03-31,prep_waste,0.27,32.89,routine
4258,2,2020-03-31,unsold_cooked,0.17,18.11,routine
4259,2,2020-03-31,spoilage,0.07,10.65,routine
4260,2,2020-03-31,returned_order,0.02,2.81,routine
4261,1,2020-04-01,prep_waste,0.38,55.64,routine
4262,1,2020-04-01,unsold_cooked,0.22,29.06,routine
4263,1,2020-04-01,spoilage,0.08,8.92,routine
4264,1,2020-04-01,returned_order,0.02,2.26,routine
4265,2,2020-04-01,prep_waste,0.42,50.02,routine
4266,2,2020-04-01,unsold_cooked,0.16,23.03,routine
4267,2,2020-04-01,spoilage,0.06,6.74,routine
4268,2,2020-04-01,returned_order,0.02,2.84,routine
4269,1,2020-04-02,prep_waste,0.25,33.26,routine
4270,1,2020-04-02,unsold_cooked,0.13,19.89,routine
4271,1,2020-04-02,spoilage,0.04,6.33,routine
4272,1,2020-04-02,returned_order,0.02,2.67,routine
4273,2,2020-04-02,prep_waste,0.19,28.57,routine
4274,2,2020-04-02,unsold_cooked,0.24,27.08,routine
4275,2,2020-04-02,spoilage,0.05,6.5,routine
4276,2,2020-04-02,returned_order,0.02,3.03,routine
4277,1,2020-04-03,prep_waste,0.27,39.98,routine
4278,1,2020-04-03,unsold_cooked,0.11,13.96,routine
4279,1,2020-04-03,spoilage,0.04,4.95,routine
4280,1,2020-04-03,returned_order,0.02,2.57,routine
4281,2,2020-04-03,prep_waste,0.21,23.0,routine
4282,2,2020-04-03,unsold_cooked,0.13,14.21,routine
4283,2,2020-04-03,spoilage,0.07,7.29,routine
4284,2,2020-04-03,returned_order,0.02,2.23,routine
4285,1,2020-04-04,prep_waste,0.37,41.23,routine
4286,1,2020-04-04,unsold_cooked,0.19,23.24,routine
4287,1,2020-04-04,spoilage,0.07,8.32,routine
4288,1,2020-04-04,returned_order,0.02,2.61,routine
4289,2,2020-04-04,prep_waste,0.19,26.04,routine
4290,2,2020-04-04,unsold_cooked,0.18,19.16,routine
4291,2,2020-04-04,spoilage,0.07,9.77,routine
4292,2,2020-04-04,returned_order,0.02,2.16,routine
4293,1,2020-04-05,prep_waste,0.43,63.69,routine
4294,1,2020-04-05,unsold_cooked,0.17,24.72,routine
4295,1,2020-04-05,spoilage,0.07,8.56,routine
4296,1,2020-04-05,returned_order,0.02,2.12,routine
4297,2,2020-04-05,prep_waste,0.4,51.45,routine
4298,2,2020-04-05,unsold_cooked,0.11,14.35,routine
4299,2,2020-04-05,spoilage,0.06,6.29,routine
4300,2,2020-04-05,returned_order,0.02,2.95,routine
4301,1,2020-04-06,prep_waste,0.33,35.19,routine
4302,1,2020-04-06,unsold_cooked,0.13,19.04,routine
4303,1,2020-04-06,spoilage,0.04,5.58,routine
4304,1,2020-04-06,returned_order,0.02,2.21,routine
4305,2,2020-04-06,prep_waste,0.2,28.96,routine
4306,2,2020-04-06,unsold_cooked,0.21,25.52,routine
4307,2,2020-04-06,spoilage,0.08,11.47,routine
4308,2,2020-04-06,returned_order,0.02,2.31,routine
4309,1,2020-04-07,prep_waste,0.27,39.02,routine
4310,1,2020-04-07,unsold_cooked,0.21,32.39,routine
4311,1,2020-04-07,spoilage,0.06,7.5,routine
4312,1,2020-04-07,returned_order,0.02,3.04,routine
4313,2,2020-04-07,prep_waste,0.23,28.14,routine
4314,2,2020-04-07,unsold_cooked,0.2,29.74,routine
4315,2,2020-04-07,spoilage,0.03,4.66,routine
4316,2,2020-04-07,returned_order,0.02,2.59,routine
4317,1,2020-04-08,prep_waste,0.32,35.41,routine
4318,1,2020-04-08,unsold_cooked,0.14,19.49,routine
4319,1,2020-04-08,spoilage,0.05,7.66,routine
4320,1,2020-04-08,returned_order,0.02,2.42,routine
4321,2,2020-04-08,prep_waste,0.31,45.17,routine
4322,2,2020-04-08,unsold_cooked,0.16,22.22,routine
4323,2,2020-04-08,spoilage,0.06,8.14,routine
4324,2,2020-04-08,returned_order,0.02,2.46,routine
4325,1,2020-04-09,prep_waste,0.31,47.2,routine
4326,1,2020-04-09,unsold_cooked,0.2,21.59,routine
4327,1,2020-04-09,spoilage,0.05,6.04,routine
4328,1,2020-04-09,returned_order,0.02,2.54,routine
4329,2,2020-04-09,prep_waste,0.27,37.48,routine
4330,2,2020-04-09,unsold_cooked,0.11,12.34,routine
4331,2,2020-04-09,spoilage,0.07,10.4,routine
4332,2,2020-04-09,returned_order,0.02,2.35,routine
4333,1,2020-04-10,prep_waste,0.32,47.92,routine
4334,1,2020-04-10,unsold_cooked,0.14,20.42,routine
4335,1,2020-04-10,spoilage,0.06,7.09,routine
4336,1,2020-04-10,returned_order,0.02,2.29,routine
4337,2,2020-04-10,prep_waste,0.23,25.0,routine
4338,2,2020-04-10,unsold_cooked,0.18,18.73,routine
4339,2,2020-04-10,spoilage,0.04,6.89,routine
4340,2,2020-04-10,returned_order,0.02,2.85,routine
4341,1,2020-04-11,prep_waste,0.3,33.01,routine
4342,1,2020-04-11,unsold_cooked,0.12,14.53,routine
4343,1,2020-04-11,spoilage,0.07,9.43,routine
4344,1,2020-04-11,returned_order,0.02,3.04,routine
4345,2,2020-04-11,prep_waste,0.21,22.85,routine
4346,2,2020-04-11,unsold_cooked,0.13,15.12,routine
4347,2,2020-04-11,spoilage,0.06,7.68,routine
4348,2,2020-04-11,returned_order,0.02,2.12,routine
4349,1,2020-04-12,prep_waste,0.24,36.45,routine
4350,1,2020-04-12,unsold_cooked,0.24,30.78,routine
4351,1,2020-04-12,spoilage,0.08,10.29,routine
4352,1,2020-04-12,returned_order,0.64,96.88,routine
4353,2,2020-04-12,prep_waste,0.21,29.58,routine
4354,2,2020-04-12,unsold_cooked,0.13,15.8,routine
4355,2,2020-04-12,spoilage,0.06,8.37,routine
4356,2,2020-04-12,returned_order,0.02,2.82,routine
4357,1,2020-04-13,prep_waste,0.31,39.63,routine
4358,1,2020-04-13,unsold_cooked,0.21,27.9,routine
4359,1,2020-04-13,spoilage,0.07,9.95,routine
4360,1,2020-04-13,returned_order,0.02,2.78,routine
4361,2,2020-04-13,prep_waste,0.43,60.74,routine
4362,2,2020-04-13,unsold_cooked,0.11,14.05,routine
4363,2,2020-04-13,spoilage,0.05,5.74,routine
4364,2,2020-04-13,returned_order,0.02,2.13,routine
4365,1,2020-04-14,prep_waste,0.21,23.57,routine
4366,1,2020-04-14,unsold_cooked,0.2,27.65,routine
4367,1,2020-04-14,spoilage,0.05,5.8,routine
4368,1,2020-04-14,returned_order,0.02,2.23,routine
4369,2,2020-04-14,prep_waste,0.44,57.62,routine
4370,2,2020-04-14,unsold_cooked,0.24,31.92,routine
4371,2,2020-04-14,spoilage,0.06,7.81,routine
4372,2,2020-04-14,returned_order,0.02,3.1,routine
4373,1,2020-04-15,prep_waste,0.26,35.89,routine
4374,1,2020-04-15,unsold_cooked,0.11,15.34,routine
4375,1,2020-04-15,spoilage,0.08,8.43,routine
4376,1,2020-04-15,returned_order,0.02,2.74,routine
4377,2,2020-04-15,prep_waste,0.19,21.34,routine
4378,2,2020-04-15,unsold_cooked,0.23,28.79,routine
4379,2,2020-04-15,spoilage,0.04,5.93,routine
4380,2,2020-04-15,returned_order,0.02,2.3,routine
4381,1,2020-04-16,prep_waste,0.35,54.68,routine
4382,1,2020-04-16,unsold_cooked,0.17,20.96,routine
4383,1,2020-04-16,spoilage,0.04,5.1,routine
4384,1,2020-04-16,returned_order,0.02,2.92,routine
4385,2,2020-04-16,prep_waste,0.41,54.21,routine
4386,2,2020-04-16,unsold_cooked,0.23,24.99,routine
4387,2,2020-04-16,spoilage,0.03,3.71,routine
4388,2,2020-04-16,returned_order,0.02,2.64,routine
4389,1,2020-04-17,prep_waste,0.37,53.18,routine
4390,1,2020-04-17,unsold_cooked,0.13,16.16,routine
4391,1,2020-04-17,spoilage,0.07,9.63,routine
4392,1,2020-04-17,returned_order,0.02,2.66,routine
4393,2,2020-04-17,prep_waste,0.43,60.24,routine
4394,2,2020-04-17,unsold_cooked,0.22,33.61,routine
4395,2,2020-04-17,spoilage,0.08,9.06,routine
4396,2,2020-04-17,returned_order,0.02,2.39,routine
4397,1,2020-04-18,prep_waste,0.28,30.01,routine
4398,1,2020-04-18,unsold_cooked,0.12,17.25,routine
4399,1,2020-04-18,spoilage,0.06,8.56,routine
4400,1,2020-04-18,returned_order,0.02,2.31,routine
4401,2,2020-04-18,prep_waste,0.39,56.21,routine
4402,2,2020-04-18,unsold_cooked,0.22,32.2,routine
4403,2,2020-04-18,spoilage,0.05,6.01,routine
4404,2,2020-04-18,returned_order,0.02,2.22,routine
4405,1,2020-04-19,prep_waste,0.4,58.03,routine
4406,1,2020-04-19,unsold_cooked,0.16,21.95,routine
4407,1,2020-04-19,spoilage,0.04,5.89,routine
4408,1,2020-04-19,returned_order,0.02,2.87,routine
4409,2,2020-04-19,prep_waste,0.4,43.43,routine
4410,2,2020-04-19,unsold_cooked,0.14,14.86,routine
4411,2,2020-04-19,spoilage,0.08,8.55,routine
4412,2,2020-04-19,returned_order,0.02,2.45,routine
4413,1,2020-04-20,prep_waste,0.44,64.23,routine
4414,1,2020-04-20,unsold_cooked,0.17,23.83,routine
4415,1,2020-04-20,spoilage,0.04,5.59,routine
4416,1,2020-04-20,returned_order,0.83,97.55,routine
4417,2,2020-04-20,prep_waste,0.19,26.83,routine
4418,2,2020-04-20,unsold_cooked,0.16,23.05,routine
4419,2,2020-04-20,spoilage,0.06,6.46,routine
4420,2,2020-04-20,returned_order,0.02,2.65,routine
4421,1,2020-04-21,prep_waste,0.29,37.65,routine
4422,1,2020-04-21,unsold_cooked,0.19,22.04,routine
4423,1,2020-04-21,spoilage,0.03,3.85,routine
4424,1,2020-04-21,returned_order,0.02,2.78,routine
4425,2,2020-04-21,prep_waste,0.42,53.32,routine
4426,2,2020-04-21,unsold_cooked,0.17,20.02,routine
4427,2,2020-04-21,spoilage,0.07,7.89,routine
4428,2,2020-04-21,returned_order,0.02,2.68,routine
4429,1,2020-04-22,prep_waste,0.29,43.35,routine
4430,1,2020-04-22,unsold_cooked,0.13,16.07,routine
4431,1,2020-04-22,spoilage,0.05,7.44,routine
4432,1,2020-04-22,returned_order,0.02,2.78,routine
4433,2,2020-04-22,prep_waste,0.41,60.27,routine
4434,2,2020-04-22,unsold_cooked,0.14,14.84,routine
4435,2,2020-04-22,spoilage,0.05,7.26,routine
4436,2,2020-04-22,returned_order,0.02,2.26,routine
4437,1,2020-04-23,prep_waste,0.27,29.68,routine
4438,1,2020-04-23,unsold_cooked,0.12,16.46,routine
4439,1,2020-04-23,spoilage,0.08,10.88,routine
4440,1,2020-04-23,returned_order,0.02,2.41,routine
4441,2,2020-04-23,prep_waste,0.38,42.9,routine
4442,2,2020-04-23,unsold_cooked,0.19,28.38,routine
4443,2,2020-04-23,spoilage,0.05,6.29,routine
4444,2,2020-04-23,returned_order,0.02,2.96,routine
4445,1,2020-04-24,prep_waste,0.32,38.39,routine
4446,1,2020-04-24,unsold_cooked,0.2,23.86,routine
4447,1,2020-04-24,spoilage,0.04,5.73,routine
4448,1,2020-04-24,returned_order,0.02,2.89,routine
4449,2,2020-04-24,prep_waste,0.26,30.95,routine
4450,2,2020-04-24,unsold_cooked,0.13,16.82,routine
4451,2,2020-04-24,spoilage,0.06,8.36,routine
4452,2,2020-04-24,returned_order,0.02,2.44,routine
4453,1,2020-04-25,prep_waste,0.28,31.75,routine
4454,1,2020-04-25,unsold_cooked,0.13,17.91,routine
4455,1,2020-04-25,spoilage,0.08,10.26,routine
4456,1,2020-04-25,returned_order,0.02,2.76,routine
4457,2,2020-04-25,prep_waste,0.39,50.82,routine
4458,2,2020-04-25,unsold_cooked,0.15,22.75,routine
4459,2,2020-04-25,spoilage,0.08,9.56,routine
4460,2,2020-04-25,returned_order,0.02,2.5,routine
4461,1,2020-04-26,prep_waste,0.31,46.37,routine
4462,1,2020-04-26,unsold_cooked,0.12,13.3,routine
4463,1,2020-04-26,spoilage,0.04,4.42,routine
4464,1,2020-04-26,returned_order,0.75,104.48,routine
4465,2,2020-04-26,prep_waste,0.24,29.02,routine
4466,2,2020-04-26,unsold_cooked,0.17,18.86,routine
4467,2,2020-04-26,spoilage,0.07,7.5,routine
4468,2,2020-04-26,returned_order,0.86,123.19,routine
4469,1,2020-04-27,prep_waste,0.22,30.7,routine
4470,1,2020-04-27,unsold_cooked,0.21,25.39,routine
4471,1,2020-04-27,spoilage,0.06,9.28,routine
4472,1,2020-04-27,returned_order,0.02,2.42,routine
4473,2,2020-04-27,prep_waste,0.34,52.64,routine
4474,2,2020-04-27,unsold_cooked,0.19,22.28,routine
4475,2,2020-04-27,spoilage,0.05,6.3,routine
4476,2,2020-04-27,returned_order,0.02,3.06,routine
4477,1,2020-04-28,prep_waste,0.34,40.8,routine
4478,1,2020-04-28,unsold_cooked,0.11,13.13,routine
4479,1,2020-04-28,spoilage,0.08,11.6,routine
4480,1,2020-04-28,returned_order,0.02,2.57,routine
4481,2,2020-04-28,prep_waste,0.43,63.94,routine
4482,2,2020-04-28,unsold_cooked,0.12,18.94,routine
4483,2,2020-04-28,spoilage,0.06,8.31,routine
4484,2,2020-04-28,returned_order,0.02,3.05,routine
4485,1,2020-04-29,prep_waste,0.25,27.07,routine
4486,1,2020-04-29,unsold_cooked,0.11,16.59,routine
4487,1,2020-04-29,spoilage,0.04,5.11,routine
4488,1,2020-04-29,returned_order,0.02,2.62,routine
4489,2,2020-04-29,prep_waste,0.43,53.61,routine
4490,2,2020-04-29,unsold_cooked,0.11,11.64,routine
4491,2,2020-04-29,spoilage,0.06,7.49,routine
4492,2,2020-04-29,returned_order,0.02,3.0,routine
4493,1,2020-04-30,prep_waste,0.38,52.84,routine
4494,1,2020-04-30,unsold_cooked,0.19,22.6,routine
4495,1,2020-04-30,spoilage,0.05,5.85,routine
4496,1,2020-04-30,returned_order,0.02,2.16,routine
4497,2,2020-04-30,prep_waste,0.34,37.65,routine
4498,2,2020-04-30,unsold_cooked,0.24,28.41,routine
4499,2,2020-04-30,spoilage,0.04,4.48,routine
4500,2,2020-04-30,returned_order,0.02,2.85,routine
4501,1,2020-05-01,prep_waste,0.42,48.9,routine
4502,1,2020-05-01,unsold_cooked,0.21,29.47,routine
4503,1,2020-05-01,spoilage,0.06,7.53,routine
4504,1,2020-05-01,returned_order,0.02,2.59,routine
4505,2,2020-05-01,prep_waste,0.36,52.83,routine
4506,2,2020-05-01,unsold_cooked,0.23,30.46,routine
4507,2,2020-05-01,spoilage,0.05,5.32,routine
4508,2,2020-05-01,returned_order,0.02,2.14,routine
4509,1,2020-05-02,prep_waste,0.38,55.71,routine
4510,1,2020-05-02,unsold_cooked,0.21,33.08,routine
4511,1,2020-05-02,spoilage,0.07,9.99,routine
4512,1,2020-05-02,returned_order,0.02,2.95,routine
4513,2,2020-05-02,prep_waste,0.42,61.35,routine
4514,2,2020-05-02,unsold_cooked,0.13,18.55,routine
4515,2,2020-05-02,spoilage,0.05,6.99,routine
4516,2,2020-05-02,returned_order,0.02,2.26,routine
4517,1,2020-05-03,prep_waste,0.19,20.84,routine
4518,1,2020-05-03,unsold_cooked,0.18,19.84,routine
4519,1,2020-05-03,spoilage,0.03,3.98,routine
4520,1,2020-05-03,returned_order,0.02,3.05,routine
4521,2,2020-05-03,prep_waste,0.29,31.74,routine
4522,2,2020-05-03,unsold_cooked,0.19,22.69,routine
4523,2,2020-05-03,spoilage,0.08,9.61,routine
4524,2,2020-05-03,returned_order,0.02,2.9,routine
4525,1,2020-05-04,prep_waste,0.44,59.84,routine
4526,1,2020-05-04,unsold_cooked,0.24,32.9,routine
4527,1,2020-05-04,spoilage,0.07,10.79,routine
4528,1,2020-05-04,returned_order,0.78,108.0,routine
4529,2,2020-05-04,prep_waste,0.38,48.29,routine
4530,2,2020-05-04,unsold_cooked,0.16,24.66,routine
4531,2,2020-05-04,spoilage,0.06,7.39,routine
4532,2,2020-05-04,returned_order,0.02,2.44,routine
4533,1,2020-05-05,prep_waste,0.39,47.28,routine
4534,1,2020-05-05,unsold_cooked,0.24,27.25,routine
4535,1,2020-05-05,spoilage,0.07,11.05,routine
4536,1,2020-05-05,returned_order,0.02,2.84,routine
4537,2,2020-05-05,prep_waste,0.3,41.4,routine
4538,2,2020-05-05,unsold_cooked,0.18,21.35,routine
4539,2,2020-05-05,spoilage,0.05,6.88,routine
4540,2,2020-05-05,returned_order,0.02,2.49,routine
4541,1,2020-05-06,prep_waste,0.39,51.27,routine
4542,1,2020-05-06,unsold_cooked,0.22,31.2,routine
4543,1,2020-05-06,spoilage,0.04,5.87,routine
4544,1,2020-05-06,returned_order,0.02,2.14,routine
4545,2,2020-05-06,prep_waste,0.35,49.54,routine
4546,2,2020-05-06,unsold_cooked,0.16,20.98,routine
4547,2,2020-05-06,spoilage,0.05,6.24,routine
4548,2,2020-05-06,returned_order,0.02,2.3,routine
4549,1,2020-05-07,prep_waste,0.32,35.28,routine
4550,1,2020-05-07,unsold_cooked,0.12,17.79,routine
4551,1,2020-05-07,spoilage,0.07,11.06,routine
4552,1,2020-05-07,returned_order,0.02,2.21,routine
4553,2,2020-05-07,prep_waste,0.26,28.86,routine
4554,2,2020-05-07,unsold_cooked,0.17,21.38,routine
4555,2,2020-05-07,spoilage,0.07,10.01,routine
4556,2,2020-05-07,returned_order,0.02,3.07,routine
4557,1,2020-05-08,prep_waste,0.2,29.32,routine
4558,1,2020-05-08,unsold_cooked,0.13,18.88,routine
4559,1,2020-05-08,spoilage,0.07,7.29,routine
4560,1,2020-05-08,returned_order,0.88,128.48,routine
4561,2,2020-05-08,prep_waste,0.43,47.78,routine
4562,2,2020-05-08,unsold_cooked,0.1,14.27,routine
4563,2,2020-05-08,spoilage,0.05,6.81,routine
4564,2,2020-05-08,returned_order,0.02,2.54,routine
4565,1,2020-05-09,prep_waste,0.33,40.28,routine
4566,1,2020-05-09,unsold_cooked,0.11,17.44,routine
4567,1,2020-05-09,spoilage,0.04,5.2,routine
4568,1,2020-05-09,returned_order,0.02,3.07,routine
4569,2,2020-05-09,prep_waste,0.25,33.53,routine
4570,2,2020-05-09,unsold_cooked,0.22,31.64,routine
4571,2,2020-05-09,spoilage,0.06,6.83,routine
4572,2,2020-05-09,returned_order,0.02,2.12,routine
4573,1,2020-05-10,prep_waste,0.25,28.27,routine
4574,1,2020-05-10,unsold_cooked,0.14,19.06,routine
4575,1,2020-05-10,spoilage,0.05,5.05,routine
4576,1,2020-05-10,returned_order,0.02,2.49,routine
4577,2,2020-05-10,prep_waste,0.27,32.25,routine
4578,2,2020-05-10,unsold_cooked,0.14,16.31,routine
4579,2,2020-05-10,spoilage,0.05,6.2,routine
4580,2,2020-05-10,returned_order,0.02,3.0,routine
4581,1,2020-05-11,prep_waste,0.44,54.47,routine
4582,1,2020-05-11,unsold_cooked,0.18,26.65,routine
4583,1,2020-05-11,spoilage,0.08,8.74,routine
4584,1,2020-05-11,returned_order,0.02,2.73,routine
4585,2,2020-05-11,prep_waste,0.36,45.78,routine
4586,2,2020-05-11,unsold_cooked,0.18,23.82,routine
4587,2,2020-05-11,spoilage,0.08,9.01,routine
4588,2,2020-05-11,returned_order,0.02,2.37,routine
4589,1,2020-05-12,prep_waste,0.31,39.83,routine
4590,1,2020-05-12,unsold_cooked,0.24,35.65,routine
4591,1,2020-05-12,spoilage,0.05,5.25,routine
4592,1,2020-05-12,returned_order,0.02,2.41,routine
4593,2,2020-05-12,prep_waste,0.18,24.52,routine
4594,2,2020-05-12,unsold_cooked,0.18,25.54,routine
4595,2,2020-05-12,spoilage,0.05,6.18,routine
4596,2,2020-05-12,returned_order,0.02,2.96,routine
4597,1,2020-05-13,prep_waste,0.31,44.43,routine
4598,1,2020-05-13,unsold_cooked,0.18,25.96,routine
4599,1,2020-05-13,spoilage,0.05,7.29,routine
4600,1,2020-05-13,returned_order,0.02,2.32,routine
4601,2,2020-05-13,prep_waste,0.35,45.4,routine
4602,2,2020-05-13,unsold_cooked,0.23,32.95,routine
4603,2,2020-05-13,spoilage,0.08,10.38,routine
4604,2,2020-05-13,returned_order,0.02,2.44,routine
4605,1,2020-05-14,prep_waste,0.25,36.46,routine
4606,1,2020-05-14,unsold_cooked,0.18,22.81,routine
4607,1,2020-05-14,spoilage,0.06,6.97,routine
4608,1,2020-05-14,returned_order,0.02,2.92,routine
4609,2,2020-05-14,prep_waste,0.38,48.04,routine
4610,2,2020-05-14,unsold_cooked,0.1,11.32,routine
4611,2,2020-05-14,spoilage,0.03,5.04,routine
4612,2,2020-05-14,returned_order,0.02,2.2,routine
4613,1,2020-05-15,prep_waste,0.31,45.37,routine
4614,1,2020-05-15,unsold_cooked,0.12,16.51,routine
4615,1,2020-05-15,spoilage,0.07,9.73,routine
4616,1,2020-05-15,returned_order,0.02,2.79,routine
4617,2,2020-05-15,prep_waste,0.19,24.5,routine
4618,2,2020-05-15,unsold_cooked,0.22,24.81,routine
4619,2,2020-05-15,spoilage,0.06,7.09,routine
4620,2,2020-05-15,returned_order,1.37,166.66,routine
4621,1,2020-05-16,prep_waste,0.36,47.84,routine
4622,1,2020-05-16,unsold_cooked,0.23,34.56,routine
4623,1,2020-05-16,spoilage,0.03,5.26,routine
4624,1,2020-05-16,returned_order,0.02,2.47,routine
4625,2,2020-05-16,prep_waste,0.18,20.19,routine
4626,2,2020-05-16,unsold_cooked,0.24,30.67,routine
4627,2,2020-05-16,spoilage,0.06,7.85,routine
4628,2,2020-05-16,returned_order,0.02,2.18,routine
4629,1,2020-05-17,prep_waste,0.35,48.81,routine
4630,1,2020-05-17,unsold_cooked,0.17,22.66,routine
4631,1,2020-05-17,spoilage,0.06,9.23,routine
4632,1,2020-05-17,returned_order,0.02,2.82,routine
4633,2,2020-05-17,prep_waste,0.2,25.85,routine
4634,2,2020-05-17,unsold_cooked,0.16,19.9,routine
4635,2,2020-05-17,spoilage,0.07,10.63,routine
4636,2,2020-05-17,returned_order,0.02,2.65,routine
4637,1,2020-05-18,prep_waste,0.27,30.66,routine
4638,1,2020-05-18,unsold_cooked,0.19,21.59,routine
4639,1,2020-05-18,spoilage,0.05,7.49,routine
4640,1,2020-05-18,returned_order,0.02,2.74,routine
4641,2,2020-05-18,prep_waste,0.26,29.65,routine
4642,2,2020-05-18,unsold_cooked,0.23,24.57,routine
4643,2,2020-05-18,spoilage,0.06,8.0,routine
4644,2,2020-05-18,returned_order,0.02,2.94,routine
4645,1,2020-05-19,prep_waste,0.38,52.09,routine
4646,1,2020-05-19,unsold_cooked,0.13,16.68,routine
4647,1,2020-05-19,spoilage,0.06,8.48,routine
4648,1,2020-05-19,returned_order,0.02,2.7,routine
4649,2,2020-05-19,prep_waste,0.23,32.77,routine
4650,2,2020-05-19,unsold_cooked,0.19,28.86,routine
4651,2,2020-05-19,spoilage,0.05,5.18,routine
4652,2,2020-05-19,returned_order,0.02,3.0,routine
4653,1,2020-05-20,prep_waste,0.33,39.74,routine
4654,1,2020-05-20,unsold_cooked,0.15,20.22,routine
4655,1,2020-05-20,spoilage,0.07,8.57,routine
4656,1,2020-05-20,returned_order,0.02,3.07,routine
4657,2,2020-05-20,prep_waste,0.29,43.8,routine
4658,2,2020-05-20,unsold_cooked,0.14,15.11,routine
4659,2,2020-05-20,spoilage,0.07,9.12,routine
4660,2,2020-05-20,returned_order,0.02,2.18,routine
4661,1,2020-05-21,prep_waste,0.29,37.74,routine
4662,1,2020-05-21,unsold_cooked,0.24,36.41,routine
4663,1,2020-05-21,spoilage,0.05,5.43,routine
4664,1,2020-05-21,returned_order,0.02,2.98,routine
4665,2,2020-05-21,prep_waste,0.42,61.86,routine
4666,2,2020-05-21,unsold_cooked,0.19,24.05,routine
4667,2,2020-05-21,spoilage,0.05,7.06,routine
4668,2,2020-05-21,returned_order,0.02,3.1,routine
4669,1,2020-05-22,prep_waste,0.31,34.79,routine
4670,1,2020-05-22,unsold_cooked,0.17,20.81,routine
4671,1,2020-05-22,spoilage,0.05,5.22,routine
4672,1,2020-05-22,returned_order,0.02,2.25,routine
4673,2,2020-05-22,prep_waste,0.35,46.92,routine
4674,2,2020-05-22,unsold_cooked,0.23,34.64,routine
4675,2,2020-05-22,spoilage,0.05,6.72,routine
4676,2,2020-05-22,returned_order,0.02,2.48,routine
4677,1,2020-05-23,prep_waste,0.36,49.74,routine
4678,1,2020-05-23,unsold_cooked,0.11,13.32,routine
4679,1,2020-05-23,spoilage,0.05,8.0,routine
4680,1,2020-05-23,returned_order,0.02,3.0,routine
4681,2,2020-05-23,prep_waste,0.43,51.64,routine
4682,2,2020-05-23,unsold_cooked,0.17,25.85,routine
4683,2,2020-05-23,spoilage,0.05,5.5,routine
4684,2,2020-05-23,returned_order,0.02,2.49,routine
4685,1,2020-05-24,prep_waste,0.28,35.09,routine
4686,1,2020-05-24,unsold_cooked,0.18,26.69,routine
4687,1,2020-05-24,spoilage,0.04,5.34,routine
4688,1,2020-05-24,returned_order,0.02,2.2,routine
4689,2,2020-05-24,prep_waste,0.38,52.37,routine
4690,2,2020-05-24,unsold_cooked,0.17,25.26,routine
4691,2,2020-05-24,spoilage,0.05,5.59,routine
4692,2,2020-05-24,returned_order,0.02,2.69,routine
4693,1,2020-05-25,prep_waste,0.38,40.84,routine
4694,1,2020-05-25,unsold_cooked,0.13,14.3,routine
4695,1,2020-05-25,spoilage,0.04,5.66,routine
4696,1,2020-05-25,returned_order,0.02,2.67,routine
4697,2,2020-05-25,prep_waste,0.22,33.38,routine
4698,2,2020-05-25,unsold_cooked,0.19,22.59,routine
4699,2,2020-05-25,spoilage,0.03,3.67,routine
4700,2,2020-05-25,returned_order,0.75,94.84,routine
4701,1,2020-05-26,prep_waste,0.35,50.31,routine
4702,1,2020-05-26,unsold_cooked,0.11,11.29,routine
4703,1,2020-05-26,spoilage,0.04,5.29,routine
4704,1,2020-05-26,returned_order,0.02,2.89,routine
4705,2,2020-05-26,prep_waste,0.28,30.18,routine
4706,2,2020-05-26,unsold_cooked,0.15,17.35,routine
4707,2,2020-05-26,spoilage,0.05,6.97,routine
4708,2,2020-05-26,returned_order,0.02,2.79,routine
4709,1,2020-05-27,prep_waste,0.34,47.31,routine
4710,1,2020-05-27,unsold_cooked,0.13,19.55,routine
4711,1,2020-05-27,spoilage,0.03,4.31,routine
4712,1,2020-05-27,returned_order,0.02,2.37,routine
4713,2,2020-05-27,prep_waste,0.26,30.34,routine
4714,2,2020-05-27,unsold_cooked,0.19,20.3,routine
4715,2,2020-05-27,spoilage,0.06,8.53,routine
4716,2,2020-05-27,returned_order,0.02,2.54,routine
4717,1,2020-05-28,prep_waste,0.24,33.22,routine
4718,1,2020-05-28,unsold_cooked,0.11,12.04,routine
4719,1,2020-05-28,spoilage,0.04,4.07,routine
4720,1,2020-05-28,returned_order,0.02,2.15,routine
4721,2,2020-05-28,prep_waste,0.36,38.39,routine
4722,2,2020-05-28,unsold_cooked,0.14,15.18,routine
4723,2,2020-05-28,spoilage,0.06,8.32,routine
4724,2,2020-05-28,returned_order,0.02,2.7,routine
4725,1,2020-05-29,prep_waste,0.2,25.49,routine
4726,1,2020-05-29,unsold_cooked,0.19,22.27,routine
4727,1,2020-05-29,spoilage,0.07,10.51,routine
4728,1,2020-05-29,returned_order,0.02,2.29,routine
4729,2,2020-05-29,prep_waste,0.35,36.43,routine
4730,2,2020-05-29,unsold_cooked,0.2,24.21,routine
4731,2,2020-05-29,spoilage,0.05,7.35,routine
4732,2,2020-05-29,returned_order,0.02,2.43,routine
4733,1,2020-05-30,prep_waste,0.2,23.55,routine
4734,1,2020-05-30,unsold_cooked,0.21,27.8,routine
4735,1,2020-05-30,spoilage,0.06,6.09,routine
4736,1,2020-05-30,returned_order,0.02,2.15,routine
4737,2,2020-05-30,prep_waste,0.44,48.51,routine
4738,2,2020-05-30,unsold_cooked,0.19,21.09,routine
4739,2,2020-05-30,spoilage,0.08,10.06,routine
4740,2,2020-05-30,returned_order,0.02,2.51,routine
4741,1,2020-05-31,prep_waste,0.36,51.54,routine
4742,1,2020-05-31,unsold_cooked,0.13,14.78,routine
4743,1,2020-05-31,spoilage,0.04,4.62,routine
4744,1,2020-05-31,returned_order,0.7,80.77,routine
4745,2,2020-05-31,prep_waste,0.26,35.0,routine
4746,2,2020-05-31,unsold_cooked,0.17,25.1,routine
4747,2,2020-05-31,spoilage,0.07,7.7,routine
4748,2,2020-05-31,returned_order,0.02,2.34,routine
4749,1,2020-06-01,prep_waste,0.22,33.65,routine
4750,1,2020-06-01,unsold_cooked,0.23,28.53,routine
4751,1,2020-06-01,spoilage,0.06,8.79,routine
4752,1,2020-06-01,returned_order,0.02,3.04,routine
4753,2,2020-06-01,prep_waste,0.24,34.09,routine
4754,2,2020-06-01,unsold_cooked,0.21,32.71,routine
4755,2,2020-06-01,spoilage,0.05,5.09,routine
4756,2,2020-06-01,returned_order,0.02,2.59,routine
4757,1,2020-06-02,prep_waste,0.44,52.2,routine
4758,1,2020-06-02,unsold_cooked,0.2,31.18,routine
4759,1,2020-06-02,spoilage,0.05,7.24,routine
4760,1,2020-06-02,returned_order,0.02,2.22,routine
4761,2,2020-06-02,prep_waste,0.44,47.79,routine
4762,2,2020-06-02,unsold_cooked,0.17,22.81,routine
4763,2,2020-06-02,spoilage,0.08,8.59,routine
4764,2,2020-06-02,returned_order,0.02,2.43,routine
4765,1,2020-06-03,prep_waste,0.29,33.92,routine
4766,1,2020-06-03,unsold_cooked,0.19,20.42,routine
4767,1,2020-06-03,spoilage,0.04,5.48,routine
4768,1,2020-06-03,returned_order,0.02,2.35,routine
4769,2,2020-06-03,prep_waste,0.39,40.84,routine
4770,2,2020-06-03,unsold_cooked,0.11,14.14,routine
4771,2,2020-06-03,spoilage,0.04,3.79,routine
4772,2,2020-06-03,returned_order,0.02,2.15,routine
4773,1,2020-06-04,prep_waste,0.38,55.13,routine
4774,1,2020-06-04,unsold_cooked,0.19,25.36,routine
4775,1,2020-06-04,spoilage,0.04,4.39,routine
4776,1,2020-06-04,returned_order,0.02,2.7,routine
4777,2,2020-06-04,prep_waste,0.44,64.48,routine
4778,2,2020-06-04,unsold_cooked,0.13,14.35,routine
4779,2,2020-06-04,spoilage,0.07,7.44,routine
4780,2,2020-06-04,returned_order,0.02,2.55,routine
4781,1,2020-06-05,prep_waste,0.25,37.67,routine
4782,1,2020-06-05,unsold_cooked,0.18,23.98,routine
4783,1,2020-06-05,spoilage,0.05,5.17,routine
4784,1,2020-06-05,returned_order,0.79,97.15,routine
4785,2,2020-06-05,prep_waste,0.39,48.19,routine
4786,2,2020-06-05,unsold_cooked,0.13,14.68,routine
4787,2,2020-06-05,spoilage,0.07,7.82,routine
4788,2,2020-06-05,returned_order,0.02,2.18,routine
4789,1,2020-06-06,prep_waste,0.33,42.99,routine
4790,1,2020-06-06,unsold_cooked,0.19,27.91,routine
4791,1,2020-06-06,spoilage,0.04,4.76,routine
4792,1,2020-06-06,returned_order,0.02,2.66,routine
4793,2,2020-06-06,prep_waste,0.41,45.68,routine
4794,2,2020-06-06,unsold_cooked,0.11,11.77,routine
4795,2,2020-06-06,spoilage,0.08,10.12,routine
4796,2,2020-06-06,returned_order,0.02,2.82,routine
4797,1,2020-06-07,prep_waste,0.38,48.07,routine
4798,1,2020-06-07,unsold_cooked,0.18,20.7,routine
4799,1,2020-06-07,spoilage,0.04,6.06,routine
4800,1,2020-06-07,returned_order,0.56,70.69,routine
4801,2,2020-06-07,prep_waste,0.38,50.47,routine
4802,2,2020-06-07,unsold_cooked,0.13,18.45,routine
4803,2,2020-06-07,spoilage,0.04,4.71,routine
4804,2,2020-06-07,returned_order,0.02,2.53,routine
4805,1,2020-06-08,prep_waste,0.36,45.96,routine
4806,1,2020-06-08,unsold_cooked,0.12,15.63,routine
4807,1,2020-06-08,spoilage,0.07,8.13,routine
4808,1,2020-06-08,returned_order,0.02,2.18,routine
4809,2,2020-06-08,prep_waste,0.34,39.33,routine
4810,2,2020-06-08,unsold_cooked,0.12,17.81,routine
4811,2,2020-06-08,spoilage,0.05,5.95,routine
4812,2,2020-06-08,returned_order,0.02,2.6,routine
4813,1,2020-06-09,prep_waste,0.3,31.41,routine
4814,1,2020-06-09,unsold_cooked,0.15,16.67,routine
4815,1,2020-06-09,spoilage,0.03,5.09,routine
4816,1,2020-06-09,returned_order,0.02,2.21,routine
4817,2,2020-06-09,prep_waste,0.39,51.11,routine
4818,2,2020-06-09,unsold_cooked,0.2,22.23,routine
4819,2,2020-06-09,spoilage,0.05,7.14,routine
4820,2,2020-06-09,returned_order,0.02,2.46,routine
4821,1,2020-06-10,prep_waste,0.34,51.41,routine
4822,1,2020-06-10,unsold_cooked,0.22,32.97,routine
4823,1,2020-06-10,spoilage,0.04,4.84,routine
4824,1,2020-06-10,returned_order,0.02,2.36,routine
4825,2,2020-06-10,prep_waste,0.39,51.83,routine
4826,2,2020-06-10,unsold_cooked,0.22,25.28,routine
4827,2,2020-06-10,spoilage,0.07,9.64,routine
4828,2,2020-06-10,returned_order,0.02,2.1,routine
4829,1,2020-06-11,prep_waste,0.43,65.21,routine
4830,1,2020-06-11,unsold_cooked,0.21,32.27,routine
4831,1,2020-06-11,spoilage,0.06,6.65,routine
4832,1,2020-06-11,returned_order,0.54,77.27,routine
4833,2,2020-06-11,prep_waste,0.28,41.36,routine
4834,2,2020-06-11,unsold_cooked,0.13,17.82,routine
4835,2,2020-06-11,spoilage,0.04,6.15,routine
4836,2,2020-06-11,returned_order,0.02,2.29,routine
4837,1,2020-06-12,prep_waste,0.43,63.21,routine
4838,1,2020-06-12,unsold_cooked,0.16,18.79,routine
4839,1,2020-06-12,spoilage,0.04,4.78,routine
4840,1,2020-06-12,returned_order,0.02,2.2,routine
4841,2,2020-06-12,prep_waste,0.26,38.39,routine
4842,2,2020-06-12,unsold_cooked,0.12,13.7,routine
4843,2,2020-06-12,spoilage,0.08,9.71,routine
4844,2,2020-06-12,returned_order,0.02,2.88,routine
4845,1,2020-06-13,prep_waste,0.39,50.55,routine
4846,1,2020-06-13,unsold_cooked,0.19,21.14,routine
4847,1,2020-06-13,spoilage,0.05,5.32,routine
4848,1,2020-06-13,returned_order,0.02,2.64,routine
4849,2,2020-06-13,prep_waste,0.39,48.22,routine
4850,2,2020-06-13,unsold_cooked,0.11,14.87,routine
4851,2,2020-06-13,spoilage,0.04,4.26,routine
4852,2,2020-06-13,returned_order,0.02,2.13,routine
4853,1,2020-06-14,prep_waste,0.28,29.2,routine
4854,1,2020-06-14,unsold_cooked,0.22,31.8,routine
4855,1,2020-06-14,spoilage,0.04,4.23,routine
4856,1,2020-06-14,returned_order,0.02,2.62,routine
4857,2,2020-06-14,prep_waste,0.43,66.32,routine
4858,2,2020-06-14,unsold_cooked,0.21,22.49,routine
4859,2,2020-06-14,spoilage,0.05,5.6,routine
4860,2,2020-06-14,returned_order,0.02,2.89,routine
4861,1,2020-06-15,prep_waste,0.27,39.83,routine
4862,1,2020-06-15,unsold_cooked,0.24,26.78,routine
4863,1,2020-06-15,spoilage,0.08,10.7,routine
4864,1,2020-06-15,returned_order,0.02,2.94,routine
4865,2,2020-06-15,prep_waste,0.29,32.8,routine
4866,2,2020-06-15,unsold_cooked,0.22,24.54,routine
4867,2,2020-06-15,spoilage,0.07,10.18,routine
4868,2,2020-06-15,returned_order,0.02,2.49,routine
4869,1,2020-06-16,prep_waste,0.24,26.12,routine
4870,1,2020-06-16,unsold_cooked,0.22,29.93,routine
4871,1,2020-06-16,spoilage,0.04,4.85,routine
4872,1,2020-06-16,returned_order,0.02,2.2,routine
4873,2,2020-06-16,prep_waste,0.22,28.71,routine
4874,2,2020-06-16,unsold_cooked,0.22,32.26,routine
4875,2,2020-06-16,spoilage,0.07,8.61,routine
4876,2,2020-06-16,returned_order,0.02,2.99,routine
4877,1,2020-06-17,prep_waste,0.28,36.02,routine
4878,1,2020-06-17,unsold_cooked,0.11,17.05,routine
4879,1,2020-06-17,spoilage,0.07,11.2,routine
4880,1,2020-06-17,returned_order,0.02,3.1,routine
4881,2,2020-06-17,prep_waste,0.27,35.84,routine
4882,2,2020-06-17,unsold_cooked,0.1,10.98,routine
4883,2,2020-06-17,spoilage,0.05,7.55,routine
4884,2,2020-06-17,returned_order,0.02,2.54,routine
4885,1,2020-06-18,prep_waste,0.41,54.69,routine
4886,1,2020-06-18,unsold_cooked,0.13,14.43,routine
4887,1,2020-06-18,spoilage,0.06,7.68,routine
4888,1,2020-06-18,returned_order,0.02,2.61,routine
4889,2,2020-06-18,prep_waste,0.21,28.21,routine
4890,2,2020-06-18,unsold_cooked,0.1,14.23,routine
4891,2,2020-06-18,spoilage,0.07,8.21,routine
4892,2,2020-06-18,returned_order,0.02,3.08,routine
4893,1,2020-06-19,prep_waste,0.21,30.37,routine
4894,1,2020-06-19,unsold_cooked,0.11,12.86,routine
4895,1,2020-06-19,spoilage,0.07,9.76,routine
4896,1,2020-06-19,returned_order,0.02,2.4,routine
4897,2,2020-06-19,prep_waste,0.4,49.03,routine
4898,2,2020-06-19,unsold_cooked,0.14,16.39,routine
4899,2,2020-06-19,spoilage,0.05,6.8,routine
4900,2,2020-06-19,returned_order,0.02,2.98,routine
4901,1,2020-06-20,prep_waste,0.44,60.36,routine
4902,1,2020-06-20,unsold_cooked,0.11,14.09,routine
4903,1,2020-06-20,spoilage,0.04,4.57,routine
4904,1,2020-06-20,returned_order,0.02,2.5,routine
4905,2,2020-06-20,prep_waste,0.44,52.08,routine
4906,2,2020-06-20,unsold_cooked,0.2,28.46,routine
4907,2,2020-06-20,spoilage,0.07,10.94,routine
4908,2,2020-06-20,returned_order,0.02,2.87,routine
4909,1,2020-06-21,prep_waste,0.36,38.46,routine
4910,1,2020-06-21,unsold_cooked,0.12,18.23,routine
4911,1,2020-06-21,spoilage,0.07,10.28,routine
4912,1,2020-06-21,returned_order,0.02,2.23,routine
4913,2,2020-06-21,prep_waste,0.43,55.73,routine
4914,2,2020-06-21,unsold_cooked,0.19,19.9,routine
4915,2,2020-06-21,spoilage,0.05,7.34,routine
4916,2,2020-06-21,returned_order,0.02,2.64,routine
4917,1,2020-06-22,prep_waste,0.36,41.9,routine
4918,1,2020-06-22,unsold_cooked,0.12,14.81,routine
4919,1,2020-06-22,spoilage,0.06,6.05,routine
4920,1,2020-06-22,returned_order,0.02,2.24,routine
4921,2,2020-06-22,prep_waste,0.35,43.5,routine
4922,2,2020-06-22,unsold_cooked,0.22,27.46,routine
4923,2,2020-06-22,spoilage,0.05,7.06,routine
4924,2,2020-06-22,returned_order,0.02,2.22,routine
4925,1,2020-06-23,prep_waste,0.32,47.14,routine
4926,1,2020-06-23,unsold_cooked,0.17,25.13,routine
4927,1,2020-06-23,spoilage,0.07,7.4,routine
4928,1,2020-06-23,returned_order,0.02,2.88,routine
4929,2,2020-06-23,prep_waste,0.26,27.69,routine
4930,2,2020-06-23,unsold_cooked,0.14,20.03,routine
4931,2,2020-06-23,spoilage,0.05,5.84,routine
4932,2,2020-06-23,returned_order,0.02,2.56,routine
4933,1,2020-06-24,prep_waste,0.32,43.42,routine
4934,1,2020-06-24,unsold_cooked,0.21,28.38,routine
4935,1,2020-06-24,spoilage,0.04,5.3,routine
4936,1,2020-06-24,returned_order,0.02,3.03,routine
4937,2,2020-06-24,prep_waste,0.26,35.46,routine
4938,2,2020-06-24,unsold_cooked,0.13,19.23,routine
4939,2,2020-06-24,spoilage,0.05,6.9,routine
4940,2,2020-06-24,returned_order,0.02,2.86,routine
4941,1,2020-06-25,prep_waste,0.44,66.54,routine
4942,1,2020-06-25,unsold_cooked,0.24,35.58,routine
4943,1,2020-06-25,spoilage,0.05,6.07,routine
4944,1,2020-06-25,returned_order,0.02,2.37,routine
4945,2,2020-06-25,prep_waste,0.21,26.53,routine
4946,2,2020-06-25,unsold_cooked,0.1,13.94,routine
4947,2,2020-06-25,spoilage,0.07,7.63,routine
4948,2,2020-06-25,returned_order,0.02,2.65,routine
4949,1,2020-06-26,prep_waste,0.19,25.73,routine
4950,1,2020-06-26,unsold_cooked,0.1,13.47,routine
4951,1,2020-06-26,spoilage,0.08,10.23,routine
4952,1,2020-06-26,returned_order,0.02,2.6,routine
4953,2,2020-06-26,prep_waste,0.19,19.85,routine
4954,2,2020-06-26,unsold_cooked,0.22,31.35,routine
4955,2,2020-06-26,spoilage,0.03,3.65,routine
4956,2,2020-06-26,returned_order,0.02,2.5,routine
4957,1,2020-06-27,prep_waste,0.19,22.33,routine
4958,1,2020-06-27,unsold_cooked,0.13,14.47,routine
4959,1,2020-06-27,spoilage,0.03,3.66,routine
4960,1,2020-06-27,returned_order,0.02,2.86,routine
4961,2,2020-06-27,prep_waste,0.26,37.56,routine
4962,2,2020-06-27,unsold_cooked,0.24,33.63,routine
4963,2,2020-06-27,spoilage,0.07,8.22,routine
4964,2,2020-06-27,returned_order,0.02,2.58,routine
4965,1,2020-06-28,prep_waste,0.43,62.52,routine
4966,1,2020-06-28,unsold_cooked,0.17,17.86,routine
4967,1,2020-06-28,spoilage,0.08,9.76,routine
4968,1,2020-06-28,returned_order,0.02,3.1,routine
4969,2,2020-06-28,prep_waste,0.21,27.85,routine
4970,2,2020-06-28,unsold_cooked,0.23,25.61,routine
4971,2,2020-06-28,spoilage,0.03,4.23,routine
4972,2,2020-06-28,returned_order,0.69,76.37,routine
4973,1,2020-06-29,prep_waste,0.37,42.32,routine
4974,1,2020-06-29,unsold_cooked,0.17,17.56,routine
4975,1,2020-06-29,spoilage,0.05,6.27,routine
4976,1,2020-06-29,returned_order,0.02,2.23,routine
4977,2,2020-06-29,prep_waste,0.41,62.7,routine
4978,2,2020-06-29,unsold_cooked,0.11,13.12,routine
4979,2,2020-06-29,spoilage,0.03,4.65,routine
4980,2,2020-06-29,returned_order,0.02,2.3,routine
4981,1,2020-06-30,prep_waste,0.31,45.62,routine
4982,1,2020-06-30,unsold_cooked,0.13,19.07,routine
4983,1,2020-06-30,spoilage,0.07,11.23,routine
4984,1,2020-06-30,returned_order,0.02,2.48,routine
4985,2,2020-06-30,prep_waste,0.28,32.52,routine
4986,2,2020-06-30,unsold_cooked,0.14,20.7,routine
4987,2,2020-06-30,spoilage,0.04,6.28,routine
4988,2,2020-06-30,returned_order,0.02,2.77,routine
4989,1,2020-07-01,prep_waste,0.37,39.52,routine
4990,1,2020-07-01,unsold_cooked,0.13,14.67,routine
4991,1,2020-07-01,spoilage,0.04,6.21,routine
4992,1,2020-07-01,returned_order,0.02,2.15,routine
4993,2,2020-07-01,prep_waste,0.43,46.96,routine
4994,2,2020-07-01,unsold_cooked,0.18,21.98,routine
4995,2,2020-07-01,spoilage,0.06,6.83,routine
4996,2,2020-07-01,returned_order,0.02,2.74,routine
4997,1,2020-07-02,prep_waste,0.3,34.71,routine
4998,1,2020-07-02,unsold_cooked,0.13,17.94,routine
4999,1,2020-07-02,spoilage,0.05,7.75,routine
5000,1,2020-07-02,returned_order,0.02,2.78,routine
5001,2,2020-07-02,prep_waste,0.23,30.75,routine
5002,2,2020-07-02,unsold_cooked,0.13,14.61,routine
5003,2,2020-07-02,spoilage,0.07,7.54,routine
5004,2,2020-07-02,returned_order,0.02,2.56,routine
5005,1,2020-07-03,prep_waste,0.29,40.87,routine
5006,1,2020-07-03,unsold_cooked,0.23,28.2,routine
5007,1,2020-07-03,spoilage,0.06,7.53,routine
5008,1,2020-07-03,returned_order,0.02,2.58,routine
5009,2,2020-07-03,prep_waste,0.31,46.26,routine
5010,2,2020-07-03,unsold_cooked,0.16,17.64,routine
5011,2,2020-07-03,spoilage,0.06,7.49,routine
5012,2,2020-07-03,returned_order,0.02,2.93,routine
5013,1,2020-07-04,prep_waste,0.35,44.1,routine
5014,1,2020-07-04,unsold_cooked,0.21,22.27,routine
5015,1,2020-07-04,spoilage,0.06,6.67,routine
5016,1,2020-07-04,returned_order,0.02,2.13,routine
5017,2,2020-07-04,prep_waste,0.19,24.67,routine
5018,2,2020-07-04,unsold_cooked,0.11,14.43,routine
5019,2,2020-07-04,spoilage,0.08,10.39,routine
5020,2,2020-07-04,returned_order,0.02,2.91,routine
5021,1,2020-07-05,prep_waste,0.25,26.77,routine
5022,1,2020-07-05,unsold_cooked,0.15,17.49,routine
5023,1,2020-07-05,spoilage,0.05,6.38,routine
5024,1,2020-07-05,returned_order,0.02,3.08,routine
5025,2,2020-07-05,prep_waste,0.32,42.53,routine
5026,2,2020-07-05,unsold_cooked,0.11,14.98,routine
5027,2,2020-07-05,spoilage,0.05,7.13,routine
5028,2,2020-07-05,returned_order,0.02,2.48,routine
5029,1,2020-07-06,prep_waste,0.21,21.79,routine
5030,1,2020-07-06,unsold_cooked,0.23,34.69,routine
5031,1,2020-07-06,spoilage,0.06,9.58,routine
5032,1,2020-07-06,returned_order,0.02,2.8,routine
5033,2,2020-07-06,prep_waste,0.43,49.22,routine
5034,2,2020-07-06,unsold_cooked,0.12,17.86,routine
5035,2,2020-07-06,spoilage,0.07,7.77,routine
5036,2,2020-07-06,returned_order,0.02,2.46,routine
5037,1,2020-07-07,prep_waste,0.18,21.37,routine
5038,1,2020-07-07,unsold_cooked,0.12,17.38,routine
5039,1,2020-07-07,spoilage,0.07,8.42,routine
5040,1,2020-07-07,returned_order,0.02,2.52,routine
5041,2,2020-07-07,prep_waste,0.33,41.94,routine
5042,2,2020-07-07,unsold_cooked,0.21,28.21,routine
5043,2,2020-07-07,spoilage,0.08,11.99,routine
5044,2,2020-07-07,returned_order,0.02,2.38,routine
5045,1,2020-07-08,prep_waste,0.35,43.84,routine
5046,1,2020-07-08,unsold_cooked,0.11,12.89,routine
5047,1,2020-07-08,spoilage,0.06,7.07,routine
5048,1,2020-07-08,returned_order,0.02,2.56,routine
5049,2,2020-07-08,prep_waste,0.28,31.1,routine
5050,2,2020-07-08,unsold_cooked,0.14,19.19,routine
5051,2,2020-07-08,spoilage,0.04,4.74,routine
5052,2,2020-07-08,returned_order,0.02,3.05,routine
5053,1,2020-07-09,prep_waste,0.2,29.92,routine
5054,1,2020-07-09,unsold_cooked,0.22,29.29,routine
5055,1,2020-07-09,spoilage,0.08,10.5,routine
5056,1,2020-07-09,returned_order,0.74,91.18,routine
5057,2,2020-07-09,prep_waste,0.3,44.09,routine
5058,2,2020-07-09,unsold_cooked,0.11,15.53,routine
5059,2,2020-07-09,spoilage,0.07,9.76,routine
5060,2,2020-07-09,returned_order,0.02,2.69,routine
5061,1,2020-07-10,prep_waste,0.39,52.38,routine
5062,1,2020-07-10,unsold_cooked,0.13,13.35,routine
5063,1,2020-07-10,spoilage,0.06,8.38,routine
5064,1,2020-07-10,returned_order,0.72,109.65,routine
5065,2,2020-07-10,prep_waste,0.33,44.38,routine
5066,2,2020-07-10,unsold_cooked,0.14,20.2,routine
5067,2,2020-07-10,spoilage,0.07,7.57,routine
5068,2,2020-07-10,returned_order,0.02,2.62,routine
5069,1,2020-07-11,prep_waste,0.42,44.69,routine
5070,1,2020-07-11,unsold_cooked,0.15,18.63,routine
5071,1,2020-07-11,spoilage,0.08,10.3,routine
5072,1,2020-07-11,returned_order,0.02,2.48,routine
5073,2,2020-07-11,prep_waste,0.25,29.85,routine
5074,2,2020-07-11,unsold_cooked,0.1,11.57,routine
5075,2,2020-07-11,spoilage,0.07,8.27,routine
5076,2,2020-07-11,returned_order,0.62,65.37,routine
5077,1,2020-07-12,prep_waste,0.26,33.66,routine
5078,1,2020-07-12,unsold_cooked,0.24,33.52,routine
5079,1,2020-07-12,spoilage,0.04,5.72,routine
5080,1,2020-07-12,returned_order,0.67,86.85,routine
5081,2,2020-07-12,prep_waste,0.24,34.15,routine
5082,2,2020-07-12,unsold_cooked,0.15,21.13,routine
5083,2,2020-07-12,spoilage,0.05,6.54,routine
5084,2,2020-07-12,returned_order,0.02,2.63,routine
5085,1,2020-07-13,prep_waste,0.26,31.56,routine
5086,1,2020-07-13,unsold_cooked,0.14,16.78,routine
5087,1,2020-07-13,spoilage,0.06,6.45,routine
5088,1,2020-07-13,returned_order,0.02,3.06,routine
5089,2,2020-07-13,prep_waste,0.38,58.76,routine
5090,2,2020-07-13,unsold_cooked,0.23,32.84,routine
5091,2,2020-07-13,spoilage,0.04,5.82,routine
5092,2,2020-07-13,returned_order,0.02,2.25,routine
5093,1,2020-07-14,prep_waste,0.3,36.61,routine
5094,1,2020-07-14,unsold_cooked,0.13,16.73,routine
5095,1,2020-07-14,spoilage,0.05,6.15,routine
5096,1,2020-07-14,returned_order,0.02,3.02,routine
5097,2,2020-07-14,prep_waste,0.4,57.87,routine
5098,2,2020-07-14,unsold_cooked,0.15,17.77,routine
5099,2,2020-07-14,spoilage,0.03,3.47,routine
5100,2,2020-07-14,returned_order,0.02,2.24,routine
5101,1,2020-07-15,prep_waste,0.28,33.12,routine
5102,1,2020-07-15,unsold_cooked,0.1,11.42,routine
5103,1,2020-07-15,spoilage,0.07,8.19,routine
5104,1,2020-07-15,returned_order,0.02,2.11,routine
5105,2,2020-07-15,prep_waste,0.31,38.35,routine
5106,2,2020-07-15,unsold_cooked,0.15,22.08,routine
5107,2,2020-07-15,spoilage,0.07,8.19,routine
5108,2,2020-07-15,returned_order,0.79,106.61,routine
5109,1,2020-07-16,prep_waste,0.26,32.88,routine
5110,1,2020-07-16,unsold_cooked,0.2,30.2,routine
5111,1,2020-07-16,spoilage,0.05,5.23,routine
5112,1,2020-07-16,returned_order,0.02,2.53,routine
5113,2,2020-07-16,prep_waste,0.19,23.87,routine
5114,2,2020-07-16,unsold_cooked,0.23,31.7,routine
5115,2,2020-07-16,spoilage,0.05,7.51,routine
5116,2,2020-07-16,returned_order,0.02,2.52,routine
5117,1,2020-07-17,prep_waste,0.23,27.33,routine
5118,1,2020-07-17,unsold_cooked,0.12,12.54,routine
5119,1,2020-07-17,spoilage,0.07,7.79,routine
5120,1,2020-07-17,returned_order,0.02,2.65,routine
5121,2,2020-07-17,prep_waste,0.21,23.06,routine
5122,2,2020-07-17,unsold_cooked,0.24,31.28,routine
5123,2,2020-07-17,spoilage,0.04,4.39,routine
5124,2,2020-07-17,returned_order,0.02,2.15,routine
5125,1,2020-07-18,prep_waste,0.2,31.47,routine
5126,1,2020-07-18,unsold_cooked,0.21,26.83,routine
5127,1,2020-07-18,spoilage,0.05,7.54,routine
5128,1,2020-07-18,returned_order,0.02,3.02,routine
5129,2,2020-07-18,prep_waste,0.23,30.38,routine
5130,2,2020-07-18,unsold_cooked,0.15,18.26,routine
5131,2,2020-07-18,spoilage,0.07,8.19,routine
5132,2,2020-07-18,returned_order,0.02,2.4,routine
5133,1,2020-07-19,prep_waste,0.34,43.58,routine
5134,1,2020-07-19,unsold_cooked,0.2,29.37,routine
5135,1,2020-07-19,spoilage,0.08,9.43,routine
5136,1,2020-07-19,returned_order,0.67,98.53,routine
5137,2,2020-07-19,prep_waste,0.21,23.12,routine
5138,2,2020-07-19,unsold_cooked,0.21,23.96,routine
5139,2,2020-07-19,spoilage,0.08,10.99,routine
5140,2,2020-07-19,returned_order,0.74,87.75,routine
5141,1,2020-07-20,prep_waste,0.34,35.98,routine
5142,1,2020-07-20,unsold_cooked,0.11,16.06,routine
5143,1,2020-07-20,spoilage,0.04,4.18,routine
5144,1,2020-07-20,returned_order,0.02,2.24,routine
5145,2,2020-07-20,prep_waste,0.32,36.72,routine
5146,2,2020-07-20,unsold_cooked,0.19,25.59,routine
5147,2,2020-07-20,spoilage,0.03,4.94,routine
5148,2,2020-07-20,returned_order,0.02,2.45,routine
5149,1,2020-07-21,prep_waste,0.25,28.61,routine
5150,1,2020-07-21,unsold_cooked,0.11,13.41,routine
5151,1,2020-07-21,spoilage,0.05,6.94,routine
5152,1,2020-07-21,returned_order,0.02,2.69,routine
5153,2,2020-07-21,prep_waste,0.39,58.13,routine
5154,2,2020-07-21,unsold_cooked,0.1,14.62,routine
5155,2,2020-07-21,spoilage,0.08,10.55,routine
5156,2,2020-07-21,returned_order,0.02,2.37,routine
5157,1,2020-07-22,prep_waste,0.37,50.54,routine
5158,1,2020-07-22,unsold_cooked,0.24,30.73,routine
5159,1,2020-07-22,spoilage,0.07,7.77,routine
5160,1,2020-07-22,returned_order,0.02,2.46,routine
5161,2,2020-07-22,prep_waste,0.22,30.29,routine
5162,2,2020-07-22,unsold_cooked,0.1,11.47,routine
5163,2,2020-07-22,spoilage,0.07,9.77,routine
5164,2,2020-07-22,returned_order,0.02,2.58,routine
5165,1,2020-07-23,prep_waste,0.4,57.75,routine
5166,1,2020-07-23,unsold_cooked,0.19,23.18,routine
5167,1,2020-07-23,spoilage,0.08,11.02,routine
5168,1,2020-07-23,returned_order,0.02,2.5,routine
5169,2,2020-07-23,prep_waste,0.35,41.68,routine
5170,2,2020-07-23,unsold_cooked,0.24,29.36,routine
5171,2,2020-07-23,spoilage,0.08,10.61,routine
5172,2,2020-07-23,returned_order,0.02,2.25,routine
5173,1,2020-07-24,prep_waste,0.26,36.93,routine
5174,1,2020-07-24,unsold_cooked,0.2,22.85,routine
5175,1,2020-07-24,spoilage,0.07,9.0,routine
5176,1,2020-07-24,returned_order,0.02,2.97,routine
5177,2,2020-07-24,prep_waste,0.31,38.39,routine
5178,2,2020-07-24,unsold_cooked,0.13,14.37,routine
5179,2,2020-07-24,spoilage,0.04,4.43,routine
5180,2,2020-07-24,returned_order,0.02,2.46,routine
5181,1,2020-07-25,prep_waste,0.2,24.88,routine
5182,1,2020-07-25,unsold_cooked,0.19,22.51,routine
5183,1,2020-07-25,spoilage,0.07,8.77,routine
5184,1,2020-07-25,returned_order,1.76,257.24,routine
5185,2,2020-07-25,prep_waste,0.21,28.0,routine
5186,2,2020-07-25,unsold_cooked,0.15,17.89,routine
5187,2,2020-07-25,spoilage,0.06,7.56,routine
5188,2,2020-07-25,returned_order,0.02,2.77,routine
5189,1,2020-07-26,prep_waste,0.32,42.68,routine
5190,1,2020-07-26,unsold_cooked,0.25,28.81,routine
5191,1,2020-07-26,spoilage,0.05,4.88,routine
5192,1,2020-07-26,returned_order,0.02,2.37,routine
5193,2,2020-07-26,prep_waste,0.23,25.47,routine
5194,2,2020-07-26,unsold_cooked,0.2,30.13,routine
5195,2,2020-07-26,spoilage,0.03,4.01,routine
5196,2,2020-07-26,returned_order,0.02,2.51,routine
5197,1,2020-07-27,prep_waste,0.23,28.98,routine
5198,1,2020-07-27,unsold_cooked,0.23,29.51,routine
5199,1,2020-07-27,spoilage,0.07,7.03,routine
5200,1,2020-07-27,returned_order,0.02,2.22,routine
5201,2,2020-07-27,prep_waste,0.43,59.87,routine
5202,2,2020-07-27,unsold_cooked,0.23,33.85,routine
5203,2,2020-07-27,spoilage,0.06,9.63,routine
5204,2,2020-07-27,returned_order,0.02,2.69,routine
5205,1,2020-07-28,prep_waste,0.31,34.44,routine
5206,1,2020-07-28,unsold_cooked,0.22,24.15,routine
5207,1,2020-07-28,spoilage,0.04,6.13,routine
5208,1,2020-07-28,returned_order,0.02,2.41,routine
5209,2,2020-07-28,prep_waste,0.19,24.75,routine
5210,2,2020-07-28,unsold_cooked,0.14,18.25,routine
5211,2,2020-07-28,spoilage,0.05,6.82,routine
5212,2,2020-07-28,returned_order,0.02,2.72,routine
5213,1,2020-07-29,prep_waste,0.33,36.87,routine
5214,1,2020-07-29,unsold_cooked,0.1,13.3,routine
5215,1,2020-07-29,spoilage,0.04,6.32,routine
5216,1,2020-07-29,returned_order,0.02,2.86,routine
5217,2,2020-07-29,prep_waste,0.37,52.09,routine
5218,2,2020-07-29,unsold_cooked,0.14,15.24,routine
5219,2,2020-07-29,spoilage,0.04,4.68,routine
5220,2,2020-07-29,returned_order,0.02,2.41,routine
5221,1,2020-07-30,prep_waste,0.3,43.86,routine
5222,1,2020-07-30,unsold_cooked,0.18,24.97,routine
5223,1,2020-07-30,spoilage,0.04,6.11,routine
5224,1,2020-07-30,returned_order,0.02,2.63,routine
5225,2,2020-07-30,prep_waste,0.39,56.32,routine
5226,2,2020-07-30,unsold_cooked,0.22,28.77,routine
5227,2,2020-07-30,spoilage,0.05,6.09,routine
5228,2,2020-07-30,returned_order,0.02,2.58,routine
5229,1,2020-07-31,prep_waste,0.23,27.75,routine
5230,1,2020-07-31,unsold_cooked,0.23,31.8,routine
5231,1,2020-07-31,spoilage,0.07,9.02,routine
5232,1,2020-07-31,returned_order,0.02,2.47,routine
5233,2,2020-07-31,prep_waste,0.34,40.24,routine
5234,2,2020-07-31,unsold_cooked,0.12,17.28,routine
5235,2,2020-07-31,spoilage,0.06,7.35,routine
5236,2,2020-07-31,returned_order,0.64,67.47,routine
5237,1,2020-08-01,prep_waste,0.23,30.98,routine
5238,1,2020-08-01,unsold_cooked,0.22,33.61,routine
5239,1,2020-08-01,spoilage,0.04,4.66,routine
5240,1,2020-08-01,returned_order,0.72,93.18,routine
5241,2,2020-08-01,prep_waste,0.44,56.6,routine
5242,2,2020-08-01,unsold_cooked,0.22,33.23,routine
5243,2,2020-08-01,spoilage,0.04,4.94,routine
5244,2,2020-08-01,returned_order,0.02,2.89,routine
5245,3,2020-08-01,prep_waste,0.44,51.58,routine
5246,3,2020-08-01,unsold_cooked,0.19,28.91,routine
5247,3,2020-08-01,spoilage,0.05,5.96,routine
5248,3,2020-08-01,returned_order,0.02,2.18,routine
5249,1,2020-08-02,prep_waste,0.39,58.86,routine
5250,1,2020-08-02,unsold_cooked,0.18,22.45,routine
5251,1,2020-08-02,spoilage,0.07,8.71,routine
5252,1,2020-08-02,returned_order,0.02,3.05,routine
5253,2,2020-08-02,prep_waste,0.31,47.1,routine
5254,2,2020-08-02,unsold_cooked,0.15,15.28,routine
5255,2,2020-08-02,spoilage,0.04,5.01,routine
5256,2,2020-08-02,returned_order,0.02,2.93,routine
5257,3,2020-08-02,prep_waste,0.2,21.75,routine
5258,3,2020-08-02,unsold_cooked,0.22,31.02,routine
5259,3,2020-08-02,spoilage,0.05,5.68,routine
5260,3,2020-08-02,returned_order,0.02,2.98,routine
5261,1,2020-08-03,prep_waste,0.42,60.49,routine
5262,1,2020-08-03,unsold_cooked,0.13,15.85,routine
5263,1,2020-08-03,spoilage,0.04,4.95,routine
5264,1,2020-08-03,returned_order,0.02,2.61,routine
5265,2,2020-08-03,prep_waste,0.28,36.29,routine
5266,2,2020-08-03,unsold_cooked,0.12,17.19,routine
5267,2,2020-08-03,spoilage,0.07,8.45,routine
5268,2,2020-08-03,returned_order,0.02,2.72,routine
5269,3,2020-08-03,prep_waste,0.22,26.62,routine
5270,3,2020-08-03,unsold_cooked,0.17,23.26,routine
5271,3,2020-08-03,spoilage,0.04,5.31,routine
5272,3,2020-08-03,returned_order,0.02,2.47,routine
5273,1,2020-08-04,prep_waste,0.23,33.29,routine
5274,1,2020-08-04,unsold_cooked,0.17,25.05,routine
5275,1,2020-08-04,spoilage,0.06,6.12,routine
5276,1,2020-08-04,returned_order,0.02,2.9,routine
5277,2,2020-08-04,prep_waste,0.44,58.75,routine
5278,2,2020-08-04,unsold_cooked,0.14,14.95,routine
5279,2,2020-08-04,spoilage,0.06,7.02,routine
5280,2,2020-08-04,returned_order,0.02,3.06,routine
5281,3,2020-08-04,prep_waste,0.22,24.2,routine
5282,3,2020-08-04,unsold_cooked,0.1,15.19,routine
5283,3,2020-08-04,spoilage,0.04,5.7,routine
5284,3,2020-08-04,returned_order,0.02,2.67,routine
5285,1,2020-08-05,prep_waste,0.33,46.13,routine
5286,1,2020-08-05,unsold_cooked,0.22,32.51,routine
5287,1,2020-08-05,spoilage,0.06,7.08,routine
5288,1,2020-08-05,returned_order,0.87,127.35,routine
5289,2,2020-08-05,prep_waste,0.39,42.17,routine
5290,2,2020-08-05,unsold_cooked,0.16,23.82,routine
5291,2,2020-08-05,spoilage,0.08,12.18,routine
5292,2,2020-08-05,returned_order,0.02,2.17,routine
5293,3,2020-08-05,prep_waste,0.39,56.71,routine
5294,3,2020-08-05,unsold_cooked,0.24,36.12,routine
5295,3,2020-08-05,spoilage,0.08,9.27,routine
5296,3,2020-08-05,returned_order,0.02,3.09,routine
5297,1,2020-08-06,prep_waste,0.22,27.76,routine
5298,1,2020-08-06,unsold_cooked,0.14,14.92,routine
5299,1,2020-08-06,spoilage,0.07,8.5,routine
5300,1,2020-08-06,returned_order,0.02,2.88,routine
5301,2,2020-08-06,prep_waste,0.42,55.24,routine
5302,2,2020-08-06,unsold_cooked,0.11,16.47,routine
5303,2,2020-08-06,spoilage,0.05,5.95,routine
5304,2,2020-08-06,returned_order,0.02,2.58,routine
5305,3,2020-08-06,prep_waste,0.44,58.55,routine
5306,3,2020-08-06,unsold_cooked,0.2,26.47,routine
5307,3,2020-08-06,spoilage,0.06,9.07,routine
5308,3,2020-08-06,returned_order,0.02,2.82,routine
5309,1,2020-08-07,prep_waste,0.28,37.32,routine
5310,1,2020-08-07,unsold_cooked,0.16,17.8,routine
5311,1,2020-08-07,spoilage,0.05,6.12,routine
5312,1,2020-08-07,returned_order,0.02,3.02,routine
5313,2,2020-08-07,prep_waste,0.22,31.11,routine
5314,2,2020-08-07,unsold_cooked,0.21,30.38,routine
5315,2,2020-08-07,spoilage,0.04,5.34,routine
5316,2,2020-08-07,returned_order,0.02,2.18,routine
5317,3,2020-08-07,prep_waste,0.29,44.81,routine
5318,3,2020-08-07,unsold_cooked,0.15,22.11,routine
5319,3,2020-08-07,spoilage,0.06,8.9,routine
5320,3,2020-08-07,returned_order,0.02,2.53,routine
5321,1,2020-08-08,prep_waste,0.32,47.63,routine
5322,1,2020-08-08,unsold_cooked,0.22,29.26,routine
5323,1,2020-08-08,spoilage,0.05,6.12,routine
5324,1,2020-08-08,returned_order,0.02,3.02,routine
5325,2,2020-08-08,prep_waste,0.26,33.58,routine
5326,2,2020-08-08,unsold_cooked,0.13,19.62,routine
5327,2,2020-08-08,spoilage,0.04,4.93,routine
5328,2,2020-08-08,returned_order,0.02,2.47,routine
5329,3,2020-08-08,prep_waste,0.34,38.97,routine
5330,3,2020-08-08,unsold_cooked,0.15,19.42,routine
5331,3,2020-08-08,spoilage,0.07,8.61,routine
5332,3,2020-08-08,returned_order,0.02,2.27,routine
5333,1,2020-08-09,prep_waste,0.2,21.08,routine
5334,1,2020-08-09,unsold_cooked,0.23,28.13,routine
5335,1,2020-08-09,spoilage,0.05,5.69,routine
5336,1,2020-08-09,returned_order,0.02,2.86,routine
5337,2,2020-08-09,prep_waste,0.24,28.91,routine
5338,2,2020-08-09,unsold_cooked,0.24,27.57,routine
5339,2,2020-08-09,spoilage,0.05,5.85,routine
5340,2,2020-08-09,returned_order,0.02,2.75,routine
5341,3,2020-08-09,prep_waste,0.25,27.58,routine
5342,3,2020-08-09,unsold_cooked,0.23,26.87,routine
5343,3,2020-08-09,spoilage,0.04,5.76,routine
5344,3,2020-08-09,returned_order,0.02,2.26,routine
5345,1,2020-08-10,prep_waste,0.21,27.29,routine
5346,1,2020-08-10,unsold_cooked,0.26,33.42,routine
5347,1,2020-08-10,spoilage,0.07,8.88,routine
5348,1,2020-08-10,returned_order,0.86,112.71,routine
5349,2,2020-08-10,prep_waste,0.26,37.55,routine
5350,2,2020-08-10,unsold_cooked,0.18,24.14,routine
5351,2,2020-08-10,spoilage,0.07,7.92,routine
5352,2,2020-08-10,returned_order,0.02,2.53,routine
5353,3,2020-08-10,prep_waste,0.31,45.59,routine
5354,3,2020-08-10,unsold_cooked,0.14,20.43,routine
5355,3,2020-08-10,spoilage,0.07,10.05,routine
5356,3,2020-08-10,returned_order,0.02,2.28,routine
5357,1,2020-08-11,prep_waste,0.32,43.75,routine
5358,1,2020-08-11,unsold_cooked,0.2,30.23,routine
5359,1,2020-08-11,spoilage,0.03,3.82,routine
5360,1,2020-08-11,returned_order,0.02,2.77,routine
5361,2,2020-08-11,prep_waste,0.35,42.67,routine
5362,2,2020-08-11,unsold_cooked,0.16,18.66,routine
5363,2,2020-08-11,spoilage,0.04,4.01,routine
5364,2,2020-08-11,returned_order,0.02,2.85,routine
5365,3,2020-08-11,prep_waste,0.37,51.45,routine
5366,3,2020-08-11,unsold_cooked,0.23,35.24,routine
5367,3,2020-08-11,spoilage,0.04,5.6,routine
5368,3,2020-08-11,returned_order,0.02,2.41,routine
5369,1,2020-08-12,prep_waste,0.34,46.42,routine
5370,1,2020-08-12,unsold_cooked,0.15,22.27,routine
5371,1,2020-08-12,spoilage,0.06,6.34,routine
5372,1,2020-08-12,returned_order,0.02,2.59,routine
5373,2,2020-08-12,prep_waste,0.43,51.44,routine
5374,2,2020-08-12,unsold_cooked,0.17,20.9,routine
5375,2,2020-08-12,spoilage,0.07,7.4,routine
5376,2,2020-08-12,returned_order,0.02,2.33,routine
5377,3,2020-08-12,prep_waste,0.3,46.33,routine
5378,3,2020-08-12,unsold_cooked,0.13,14.8,routine
5379,3,2020-08-12,spoilage,0.04,4.46,routine
5380,3,2020-08-12,returned_order,0.02,2.34,routine
5381,1,2020-08-13,prep_waste,0.34,38.84,routine
5382,1,2020-08-13,unsold_cooked,0.19,27.37,routine
5383,1,2020-08-13,spoilage,0.05,7.37,routine
5384,1,2020-08-13,returned_order,0.02,2.42,routine
5385,2,2020-08-13,prep_waste,0.18,21.19,routine
5386,2,2020-08-13,unsold_cooked,0.13,19.47,routine
5387,2,2020-08-13,spoilage,0.07,8.09,routine
5388,2,2020-08-13,returned_order,0.02,2.86,routine
5389,3,2020-08-13,prep_waste,0.27,31.38,routine
5390,3,2020-08-13,unsold_cooked,0.24,30.99,routine
5391,3,2020-08-13,spoilage,0.05,7.33,routine
5392,3,2020-08-13,returned_order,0.02,2.96,routine
5393,1,2020-08-14,prep_waste,0.23,27.1,routine
5394,1,2020-08-14,unsold_cooked,0.21,29.24,routine
5395,1,2020-08-14,spoilage,0.04,5.74,routine
5396,1,2020-08-14,returned_order,0.02,2.18,routine
5397,2,2020-08-14,prep_waste,0.45,48.42,routine
5398,2,2020-08-14,unsold_cooked,0.21,25.1,routine
5399,2,2020-08-14,spoilage,0.04,4.57,routine
5400,2,2020-08-14,returned_order,1.14,163.39,routine
5401,3,2020-08-14,prep_waste,0.18,19.67,routine
5402,3,2020-08-14,unsold_cooked,0.21,24.46,routine
5403,3,2020-08-14,spoilage,0.07,10.01,routine
5404,3,2020-08-14,returned_order,0.02,2.96,routine
5405,1,2020-08-15,prep_waste,0.39,56.05,routine
5406,1,2020-08-15,unsold_cooked,0.18,19.4,routine
5407,1,2020-08-15,spoilage,0.04,5.82,routine
5408,1,2020-08-15,returned_order,0.02,2.44,routine
5409,2,2020-08-15,prep_waste,0.37,43.79,routine
5410,2,2020-08-15,unsold_cooked,0.13,16.48,routine
5411,2,2020-08-15,spoilage,0.08,10.91,routine
5412,2,2020-08-15,returned_order,0.02,2.39,routine
5413,3,2020-08-15,prep_waste,0.31,32.45,routine
5414,3,2020-08-15,unsold_cooked,0.18,23.73,routine
5415,3,2020-08-15,spoilage,0.08,10.44,routine
5416,3,2020-08-15,returned_order,0.51,70.89,routine
5417,1,2020-08-16,prep_waste,0.28,35.73,routine
5418,1,2020-08-16,unsold_cooked,0.11,13.05,routine
5419,1,2020-08-16,spoilage,0.05,5.46,routine
5420,1,2020-08-16,returned_order,1.21,143.25,routine
5421,2,2020-08-16,prep_waste,0.24,33.09,routine
5422,2,2020-08-16,unsold_cooked,0.23,31.85,routine
5423,2,2020-08-16,spoilage,0.05,5.32,routine
5424,2,2020-08-16,returned_order,0.02,2.32,routine
5425,3,2020-08-16,prep_waste,0.24,33.09,routine
5426,3,2020-08-16,unsold_cooked,0.19,25.17,routine
5427,3,2020-08-16,spoilage,0.04,6.07,routine
5428,3,2020-08-16,returned_order,0.02,3.07,routine
5429,1,2020-08-17,prep_waste,0.22,27.66,routine
5430,1,2020-08-17,unsold_cooked,0.1,13.95,routine
5431,1,2020-08-17,spoilage,0.07,9.48,routine
5432,1,2020-08-17,returned_order,0.79,116.84,routine
5433,2,2020-08-17,prep_waste,0.43,62.45,routine
5434,2,2020-08-17,unsold_cooked,0.13,15.59,routine
5435,2,2020-08-17,spoilage,0.08,9.06,routine
5436,2,2020-08-17,returned_order,0.02,2.22,routine
5437,3,2020-08-17,prep_waste,0.43,66.23,routine
5438,3,2020-08-17,unsold_cooked,0.11,15.14,routine
5439,3,2020-08-17,spoilage,0.05,6.91,routine
5440,3,2020-08-17,returned_order,0.02,2.81,routine
5441,1,2020-08-18,prep_waste,0.32,36.65,routine
5442,1,2020-08-18,unsold_cooked,0.24,31.99,routine
5443,1,2020-08-18,spoilage,0.07,8.03,routine
5444,1,2020-08-18,returned_order,0.02,2.47,routine
5445,2,2020-08-18,prep_waste,0.35,43.07,routine
5446,2,2020-08-18,unsold_cooked,0.14,20.82,routine
5447,2,2020-08-18,spoilage,0.04,5.42,routine
5448,2,2020-08-18,returned_order,0.02,2.15,routine
5449,3,2020-08-18,prep_waste,0.23,28.95,routine
5450,3,2020-08-18,unsold_cooked,0.22,25.73,routine
5451,3,2020-08-18,spoilage,0.06,7.7,routine
5452,3,2020-08-18,returned_order,0.02,2.46,routine
5453,1,2020-08-19,prep_waste,0.43,65.84,routine
5454,1,2020-08-19,unsold_cooked,0.21,27.89,routine
5455,1,2020-08-19,spoilage,0.05,6.26,routine
5456,1,2020-08-19,returned_order,0.02,2.4,routine
5457,2,2020-08-19,prep_waste,0.31,43.02,routine
5458,2,2020-08-19,unsold_cooked,0.19,22.53,routine
5459,2,2020-08-19,spoilage,0.03,3.88,routine
5460,2,2020-08-19,returned_order,0.02,2.55,routine
5461,3,2020-08-19,prep_waste,0.21,23.73,routine
5462,3,2020-08-19,unsold_cooked,0.1,12.85,routine
5463,3,2020-08-19,spoilage,0.04,5.33,routine
5464,3,2020-08-19,returned_order,0.02,2.33,routine
5465,1,2020-08-20,prep_waste,0.2,26.56,routine
5466,1,2020-08-20,unsold_cooked,0.23,31.81,routine
5467,1,2020-08-20,spoilage,0.07,9.38,routine
5468,1,2020-08-20,returned_order,0.02,2.69,routine
5469,2,2020-08-20,prep_waste,0.26,38.05,routine
5470,2,2020-08-20,unsold_cooked,0.12,15.56,routine
5471,2,2020-08-20,spoilage,0.05,5.82,routine
5472,2,2020-08-20,returned_order,0.74,107.31,routine
5473,3,2020-08-20,prep_waste,0.21,24.69,routine
5474,3,2020-08-20,unsold_cooked,0.1,12.59,routine
5475,3,2020-08-20,spoilage,0.05,5.81,routine
5476,3,2020-08-20,returned_order,0.02,2.44,routine
5477,1,2020-08-21,prep_waste,0.38,46.8,routine
5478,1,2020-08-21,unsold_cooked,0.12,12.96,routine
5479,1,2020-08-21,spoilage,0.07,8.36,routine
5480,1,2020-08-21,returned_order,0.02,2.23,routine
5481,2,2020-08-21,prep_waste,0.21,32.25,routine
5482,2,2020-08-21,unsold_cooked,0.14,20.53,routine
5483,2,2020-08-21,spoilage,0.07,11.3,routine
5484,2,2020-08-21,returned_order,0.02,2.87,routine
5485,3,2020-08-21,prep_waste,0.22,29.84,routine
5486,3,2020-08-21,unsold_cooked,0.12,12.7,routine
5487,3,2020-08-21,spoilage,0.08,10.03,routine
5488,3,2020-08-21,returned_order,0.02,2.18,routine
5489,1,2020-08-22,prep_waste,0.21,31.36,routine
5490,1,2020-08-22,unsold_cooked,0.15,16.15,routine
5491,1,2020-08-22,spoilage,0.06,9.37,routine
5492,1,2020-08-22,returned_order,0.02,2.53,routine
5493,2,2020-08-22,prep_waste,0.38,53.62,routine
5494,2,2020-08-22,unsold_cooked,0.12,14.02,routine
5495,2,2020-08-22,spoilage,0.04,5.32,routine
5496,2,2020-08-22,returned_order,0.02,2.28,routine
5497,3,2020-08-22,prep_waste,0.44,63.72,routine
5498,3,2020-08-22,unsold_cooked,0.11,12.25,routine
5499,3,2020-08-22,spoilage,0.08,10.88,routine
5500,3,2020-08-22,returned_order,0.02,2.8,routine
5501,1,2020-08-23,prep_waste,0.19,23.79,routine
5502,1,2020-08-23,unsold_cooked,0.2,24.29,routine
5503,1,2020-08-23,spoilage,0.05,6.96,routine
5504,1,2020-08-23,returned_order,0.77,83.89,routine
5505,2,2020-08-23,prep_waste,0.23,33.08,routine
5506,2,2020-08-23,unsold_cooked,0.1,10.77,routine
5507,2,2020-08-23,spoilage,0.04,4.68,routine
5508,2,2020-08-23,returned_order,0.02,2.83,routine
5509,3,2020-08-23,prep_waste,0.19,20.2,routine
5510,3,2020-08-23,unsold_cooked,0.16,21.06,routine
5511,3,2020-08-23,spoilage,0.07,8.03,routine
5512,3,2020-08-23,returned_order,0.02,3.01,routine
5513,1,2020-08-24,prep_waste,0.3,38.09,routine
5514,1,2020-08-24,unsold_cooked,0.11,14.64,routine
5515,1,2020-08-24,spoilage,0.08,9.94,routine
5516,1,2020-08-24,returned_order,0.02,3.04,routine
5517,2,2020-08-24,prep_waste,0.23,27.37,routine
5518,2,2020-08-24,unsold_cooked,0.24,35.09,routine
5519,2,2020-08-24,spoilage,0.05,6.69,routine
5520,2,2020-08-24,returned_order,0.02,2.3,routine
5521,3,2020-08-24,prep_waste,0.32,42.06,routine
5522,3,2020-08-24,unsold_cooked,0.21,23.04,routine
5523,3,2020-08-24,spoilage,0.05,5.8,routine
5524,3,2020-08-24,returned_order,0.02,2.92,routine
5525,1,2020-08-25,prep_waste,0.26,28.59,routine
5526,1,2020-08-25,unsold_cooked,0.16,25.0,routine
5527,1,2020-08-25,spoilage,0.05,7.42,routine
5528,1,2020-08-25,returned_order,0.02,2.48,routine
5529,2,2020-08-25,prep_waste,0.2,21.29,routine
5530,2,2020-08-25,unsold_cooked,0.11,16.16,routine
5531,2,2020-08-25,spoilage,0.04,4.84,routine
5532,2,2020-08-25,returned_order,0.02,2.31,routine
5533,3,2020-08-25,prep_waste,0.42,55.72,routine
5534,3,2020-08-25,unsold_cooked,0.14,17.26,routine
5535,3,2020-08-25,spoilage,0.06,8.9,routine
5536,3,2020-08-25,returned_order,0.02,2.37,routine
5537,1,2020-08-26,prep_waste,0.35,48.01,routine
5538,1,2020-08-26,unsold_cooked,0.12,18.42,routine
5539,1,2020-08-26,spoilage,0.07,8.59,routine
5540,1,2020-08-26,returned_order,0.02,2.13,routine
5541,2,2020-08-26,prep_waste,0.41,55.85,routine
5542,2,2020-08-26,unsold_cooked,0.18,27.32,routine
5543,2,2020-08-26,spoilage,0.05,5.89,routine
5544,2,2020-08-26,returned_order,0.02,3.05,routine
5545,3,2020-08-26,prep_waste,0.31,35.99,routine
5546,3,2020-08-26,unsold_cooked,0.19,25.16,routine
5547,3,2020-08-26,spoilage,0.03,5.29,routine
5548,3,2020-08-26,returned_order,0.02,2.17,routine
5549,1,2020-08-27,prep_waste,0.19,21.23,routine
5550,1,2020-08-27,unsold_cooked,0.2,23.97,routine
5551,1,2020-08-27,spoilage,0.05,5.59,routine
5552,1,2020-08-27,returned_order,0.02,2.13,routine
5553,2,2020-08-27,prep_waste,0.26,32.27,routine
5554,2,2020-08-27,unsold_cooked,0.12,16.87,routine
5555,2,2020-08-27,spoilage,0.04,3.99,routine
5556,2,2020-08-27,returned_order,0.02,2.67,routine
5557,3,2020-08-27,prep_waste,0.28,38.64,routine
5558,3,2020-08-27,unsold_cooked,0.1,13.47,routine
5559,3,2020-08-27,spoilage,0.07,8.13,routine
5560,3,2020-08-27,returned_order,0.02,2.29,routine
5561,1,2020-08-28,prep_waste,0.38,44.8,routine
5562,1,2020-08-28,unsold_cooked,0.12,12.94,routine
5563,1,2020-08-28,spoilage,0.06,7.75,routine
5564,1,2020-08-28,returned_order,0.02,2.51,routine
5565,2,2020-08-28,prep_waste,0.29,39.07,routine
5566,2,2020-08-28,unsold_cooked,0.24,28.12,routine
5567,2,2020-08-28,spoilage,0.05,7.58,routine
5568,2,2020-08-28,returned_order,0.02,2.74,routine
5569,3,2020-08-28,prep_waste,0.41,46.32,routine
5570,3,2020-08-28,unsold_cooked,0.13,20.22,routine
5571,3,2020-08-28,spoilage,0.04,5.15,routine
5572,3,2020-08-28,returned_order,0.02,2.23,routine
5573,1,2020-08-29,prep_waste,0.24,33.33,routine
5574,1,2020-08-29,unsold_cooked,0.15,19.87,routine
5575,1,2020-08-29,spoilage,0.05,7.24,routine
5576,1,2020-08-29,returned_order,0.56,58.55,routine
5577,2,2020-08-29,prep_waste,0.42,45.3,routine
5578,2,2020-08-29,unsold_cooked,0.15,20.29,routine
5579,2,2020-08-29,spoilage,0.07,8.93,routine
5580,2,2020-08-29,returned_order,0.02,2.95,routine
5581,3,2020-08-29,prep_waste,0.25,33.99,routine
5582,3,2020-08-29,unsold_cooked,0.19,23.71,routine
5583,3,2020-08-29,spoilage,0.07,8.7,routine
5584,3,2020-08-29,returned_order,0.02,2.32,routine
5585,1,2020-08-30,prep_waste,0.24,36.04,routine
5586,1,2020-08-30,unsold_cooked,0.11,12.94,routine
5587,1,2020-08-30,spoilage,0.04,5.26,routine
5588,1,2020-08-30,returned_order,0.72,95.63,routine
5589,2,2020-08-30,prep_waste,0.41,61.13,routine
5590,2,2020-08-30,unsold_cooked,0.11,15.81,routine
5591,2,2020-08-30,spoilage,0.05,6.17,routine
5592,2,2020-08-30,returned_order,0.02,2.18,routine
5593,3,2020-08-30,prep_waste,0.43,56.83,routine
5594,3,2020-08-30,unsold_cooked,0.11,15.9,routine
5595,3,2020-08-30,spoilage,0.04,6.07,routine
5596,3,2020-08-30,returned_order,0.02,2.9,routine
5597,1,2020-08-31,prep_waste,0.31,45.04,routine
5598,1,2020-08-31,unsold_cooked,0.16,19.62,routine
5599,1,2020-08-31,spoilage,0.08,10.88,routine
5600,1,2020-08-31,returned_order,0.62,65.75,routine
5601,2,2020-08-31,prep_waste,0.24,26.44,routine
5602,2,2020-08-31,unsold_cooked,0.14,15.2,routine
5603,2,2020-08-31,spoilage,0.05,7.01,routine
5604,2,2020-08-31,returned_order,0.02,2.27,routine
5605,3,2020-08-31,prep_waste,0.18,27.53,routine
5606,3,2020-08-31,unsold_cooked,0.19,20.18,routine
5607,3,2020-08-31,spoilage,0.06,7.59,routine
5608,3,2020-08-31,returned_order,0.02,2.89,routine
5609,1,2020-09-01,prep_waste,0.4,59.07,routine
5610,1,2020-09-01,unsold_cooked,0.18,27.33,routine
5611,1,2020-09-01,spoilage,0.05,7.21,routine
5612,1,2020-09-01,returned_order,0.76,98.59,routine
5613,2,2020-09-01,prep_waste,0.19,29.07,routine
5614,2,2020-09-01,unsold_cooked,0.19,21.24,routine
5615,2,2020-09-01,spoilage,0.04,4.62,routine
5616,2,2020-09-01,returned_order,0.02,2.8,routine
5617,3,2020-09-01,prep_waste,0.42,61.17,routine
5618,3,2020-09-01,unsold_cooked,0.16,17.32,routine
5619,3,2020-09-01,spoilage,0.07,9.33,routine
5620,3,2020-09-01,returned_order,0.02,2.91,routine
5621,1,2020-09-02,prep_waste,0.29,41.4,routine
5622,1,2020-09-02,unsold_cooked,0.26,30.48,routine
5623,1,2020-09-02,spoilage,0.04,4.85,routine
5624,1,2020-09-02,returned_order,0.02,2.73,routine
5625,2,2020-09-02,prep_waste,0.26,33.85,routine
5626,2,2020-09-02,unsold_cooked,0.2,25.6,routine
5627,2,2020-09-02,spoilage,0.04,4.39,routine
5628,2,2020-09-02,returned_order,0.63,92.09,routine
5629,3,2020-09-02,prep_waste,0.23,31.84,routine
5630,3,2020-09-02,unsold_cooked,0.15,19.66,routine
5631,3,2020-09-02,spoilage,0.06,7.14,routine
5632,3,2020-09-02,returned_order,0.02,2.8,routine
5633,1,2020-09-03,prep_waste,0.27,32.92,routine
5634,1,2020-09-03,unsold_cooked,0.19,21.79,routine
5635,1,2020-09-03,spoilage,0.05,7.12,routine
5636,1,2020-09-03,returned_order,0.02,2.76,routine
5637,2,2020-09-03,prep_waste,0.44,66.8,routine
5638,2,2020-09-03,unsold_cooked,0.13,16.42,routine
5639,2,2020-09-03,spoilage,0.07,10.3,routine
5640,2,2020-09-03,returned_order,0.02,2.89,routine
5641,3,2020-09-03,prep_waste,0.2,22.9,routine
5642,3,2020-09-03,unsold_cooked,0.14,14.39,routine
5643,3,2020-09-03,spoilage,0.03,4.95,routine
5644,3,2020-09-03,returned_order,0.02,2.31,routine
5645,1,2020-09-04,prep_waste,0.19,26.09,routine
5646,1,2020-09-04,unsold_cooked,0.17,20.88,routine
5647,1,2020-09-04,spoilage,0.05,6.33,routine
5648,1,2020-09-04,returned_order,0.57,85.46,routine
5649,2,2020-09-04,prep_waste,0.38,54.57,routine
5650,2,2020-09-04,unsold_cooked,0.15,16.29,routine
5651,2,2020-09-04,spoilage,0.08,10.51,routine
5652,2,2020-09-04,returned_order,0.02,2.97,routine
5653,3,2020-09-04,prep_waste,0.37,47.43,routine
5654,3,2020-09-04,unsold_cooked,0.1,13.41,routine
5655,3,2020-09-04,spoilage,0.07,9.53,routine
5656,3,2020-09-04,returned_order,0.02,2.49,routine
5657,1,2020-09-05,prep_waste,0.41,61.17,routine
5658,1,2020-09-05,unsold_cooked,0.16,21.14,routine
5659,1,2020-09-05,spoilage,0.03,4.64,routine
5660,1,2020-09-05,returned_order,0.73,99.93,routine
5661,2,2020-09-05,prep_waste,0.31,35.1,routine
5662,2,2020-09-05,unsold_cooked,0.23,33.92,routine
5663,2,2020-09-05,spoilage,0.06,7.97,routine
5664,2,2020-09-05,returned_order,0.02,2.24,routine
5665,3,2020-09-05,prep_waste,0.31,37.04,routine
5666,3,2020-09-05,unsold_cooked,0.2,29.39,routine
5667,3,2020-09-05,spoilage,0.05,6.58,routine
5668,3,2020-09-05,returned_order,0.02,2.35,routine
5669,1,2020-09-06,prep_waste,0.24,33.21,routine
5670,1,2020-09-06,unsold_cooked,0.19,22.17,routine
5671,1,2020-09-06,spoilage,0.08,8.46,routine
5672,1,2020-09-06,returned_order,1.54,206.68,routine
5673,2,2020-09-06,prep_waste,0.2,26.57,routine
5674,2,2020-09-06,unsold_cooked,0.15,22.75,routine
5675,2,2020-09-06,spoilage,0.04,4.86,routine
5676,2,2020-09-06,returned_order,0.02,2.68,routine
5677,3,2020-09-06,prep_waste,0.18,23.51,routine
5678,3,2020-09-06,unsold_cooked,0.16,20.26,routine
5679,3,2020-09-06,spoilage,0.03,4.45,routine
5680,3,2020-09-06,returned_order,0.02,2.21,routine
5681,1,2020-09-07,prep_waste,0.29,33.8,routine
5682,1,2020-09-07,unsold_cooked,0.23,31.93,routine
5683,1,2020-09-07,spoilage,0.06,7.82,routine
5684,1,2020-09-07,returned_order,0.02,2.87,routine
5685,2,2020-09-07,prep_waste,0.33,37.51,routine
5686,2,2020-09-07,unsold_cooked,0.11,13.17,routine
5687,2,2020-09-07,spoilage,0.08,11.71,routine
5688,2,2020-09-07,returned_order,0.02,2.65,routine
5689,3,2020-09-07,prep_waste,0.23,30.27,routine
5690,3,2020-09-07,unsold_cooked,0.23,24.35,routine
5691,3,2020-09-07,spoilage,0.05,7.75,routine
5692,3,2020-09-07,returned_order,0.69,72.65,routine
5693,1,2020-09-08,prep_waste,0.23,24.77,routine
5694,1,2020-09-08,unsold_cooked,0.1,13.49,routine
5695,1,2020-09-08,spoilage,0.05,5.06,routine
5696,1,2020-09-08,returned_order,0.02,2.38,routine
5697,2,2020-09-08,prep_waste,0.35,43.09,routine
5698,2,2020-09-08,unsold_cooked,0.12,15.26,routine
5699,2,2020-09-08,spoilage,0.05,6.73,routine
5700,2,2020-09-08,returned_order,0.02,2.49,routine
5701,3,2020-09-08,prep_waste,0.38,45.14,routine
5702,3,2020-09-08,unsold_cooked,0.18,22.11,routine
5703,3,2020-09-08,spoilage,0.04,5.13,routine
5704,3,2020-09-08,returned_order,0.02,2.62,routine
5705,1,2020-09-09,prep_waste,0.2,25.92,routine
5706,1,2020-09-09,unsold_cooked,0.15,19.98,routine
5707,1,2020-09-09,spoilage,0.06,6.66,routine
5708,1,2020-09-09,returned_order,0.02,2.6,routine
5709,2,2020-09-09,prep_waste,0.25,29.43,routine
5710,2,2020-09-09,unsold_cooked,0.24,31.91,routine
5711,2,2020-09-09,spoilage,0.07,8.41,routine
5712,2,2020-09-09,returned_order,0.02,2.56,routine
5713,3,2020-09-09,prep_waste,0.28,34.63,routine
5714,3,2020-09-09,unsold_cooked,0.1,14.63,routine
5715,3,2020-09-09,spoilage,0.05,7.25,routine
5716,3,2020-09-09,returned_order,0.02,2.22,routine
5717,1,2020-09-10,prep_waste,0.22,33.15,routine
5718,1,2020-09-10,unsold_cooked,0.13,20.66,routine
5719,1,2020-09-10,spoilage,0.05,6.45,routine
5720,1,2020-09-10,returned_order,0.02,2.11,routine
5721,2,2020-09-10,prep_waste,0.31,37.32,routine
5722,2,2020-09-10,unsold_cooked,0.18,24.22,routine
5723,2,2020-09-10,spoilage,0.06,8.83,routine
5724,2,2020-09-10,returned_order,0.68,80.94,routine
5725,3,2020-09-10,prep_waste,0.18,19.22,routine
5726,3,2020-09-10,unsold_cooked,0.22,29.2,routine
5727,3,2020-09-10,spoilage,0.07,7.91,routine
5728,3,2020-09-10,returned_order,0.02,2.12,routine
5729,1,2020-09-11,prep_waste,0.43,45.84,routine
5730,1,2020-09-11,unsold_cooked,0.11,16.47,routine
5731,1,2020-09-11,spoilage,0.05,7.32,routine
5732,1,2020-09-11,returned_order,0.02,2.67,routine
5733,2,2020-09-11,prep_waste,0.43,53.18,routine
5734,2,2020-09-11,unsold_cooked,0.2,24.09,routine
5735,2,2020-09-11,spoilage,0.04,4.55,routine
5736,2,2020-09-11,returned_order,0.02,2.16,routine
5737,3,2020-09-11,prep_waste,0.24,33.02,routine
5738,3,2020-09-11,unsold_cooked,0.17,25.8,routine
5739,3,2020-09-11,spoilage,0.06,8.97,routine
5740,3,2020-09-11,returned_order,0.02,2.78,routine
5741,1,2020-09-12,prep_waste,0.37,44.08,routine
5742,1,2020-09-12,unsold_cooked,0.17,20.05,routine
5743,1,2020-09-12,spoilage,0.06,9.32,routine
5744,1,2020-09-12,returned_order,0.77,116.12,routine
5745,2,2020-09-12,prep_waste,0.32,34.33,routine
5746,2,2020-09-12,unsold_cooked,0.18,21.83,routine
5747,2,2020-09-12,spoilage,0.05,6.08,routine
5748,2,2020-09-12,returned_order,0.02,2.44,routine
5749,3,2020-09-12,prep_waste,0.37,40.54,routine
5750,3,2020-09-12,unsold_cooked,0.21,30.69,routine
5751,3,2020-09-12,spoilage,0.06,8.27,routine
5752,3,2020-09-12,returned_order,0.02,2.38,routine
5753,1,2020-09-13,prep_waste,0.35,45.98,routine
5754,1,2020-09-13,unsold_cooked,0.15,23.23,routine
5755,1,2020-09-13,spoilage,0.04,4.81,routine
5756,1,2020-09-13,returned_order,0.81,118.55,routine
5757,2,2020-09-13,prep_waste,0.33,47.57,routine
5758,2,2020-09-13,unsold_cooked,0.18,21.44,routine
5759,2,2020-09-13,spoilage,0.04,4.2,routine
5760,2,2020-09-13,returned_order,0.6,80.14,routine
5761,3,2020-09-13,prep_waste,0.36,52.31,routine
5762,3,2020-09-13,unsold_cooked,0.18,23.08,routine
5763,3,2020-09-13,spoilage,0.07,9.16,routine
5764,3,2020-09-13,returned_order,0.02,2.46,routine
5765,1,2020-09-14,prep_waste,0.2,21.61,routine
5766,1,2020-09-14,unsold_cooked,0.23,25.17,routine
5767,1,2020-09-14,spoilage,0.07,11.11,routine
5768,1,2020-09-14,returned_order,0.58,88.49,routine
5769,2,2020-09-14,prep_waste,0.41,51.53,routine
5770,2,2020-09-14,unsold_cooked,0.21,25.79,routine
5771,2,2020-09-14,spoilage,0.06,7.94,routine
5772,2,2020-09-14,returned_order,0.02,2.37,routine
5773,3,2020-09-14,prep_waste,0.39,56.03,routine
5774,3,2020-09-14,unsold_cooked,0.18,27.98,routine
5775,3,2020-09-14,spoilage,0.05,6.3,routine
5776,3,2020-09-14,returned_order,0.02,2.3,routine
5777,1,2020-09-15,prep_waste,0.22,26.6,routine
5778,1,2020-09-15,unsold_cooked,0.21,28.74,routine
5779,1,2020-09-15,spoilage,0.06,9.17,routine
5780,1,2020-09-15,returned_order,0.02,3.03,routine
5781,2,2020-09-15,prep_waste,0.33,47.33,routine
5782,2,2020-09-15,unsold_cooked,0.1,14.8,routine
5783,2,2020-09-15,spoilage,0.08,10.52,routine
5784,2,2020-09-15,returned_order,0.02,2.59,routine
5785,3,2020-09-15,prep_waste,0.21,30.81,routine
5786,3,2020-09-15,unsold_cooked,0.17,24.35,routine
5787,3,2020-09-15,spoilage,0.04,5.45,routine
5788,3,2020-09-15,returned_order,0.02,2.78,routine
5789,1,2020-09-16,prep_waste,0.26,38.93,routine
5790,1,2020-09-16,unsold_cooked,0.14,19.33,routine
5791,1,2020-09-16,spoilage,0.05,4.99,routine
5792,1,2020-09-16,returned_order,1.08,146.0,routine
5793,2,2020-09-16,prep_waste,0.31,36.85,routine
5794,2,2020-09-16,unsold_cooked,0.15,17.81,routine
5795,2,2020-09-16,spoilage,0.07,9.95,routine
5796,2,2020-09-16,returned_order,0.02,2.89,routine
5797,3,2020-09-16,prep_waste,0.19,20.11,routine
5798,3,2020-09-16,unsold_cooked,0.14,22.28,routine
5799,3,2020-09-16,spoilage,0.06,7.93,routine
5800,3,2020-09-16,returned_order,0.02,2.92,routine
5801,1,2020-09-17,prep_waste,0.25,34.38,routine
5802,1,2020-09-17,unsold_cooked,0.1,12.57,routine
5803,1,2020-09-17,spoilage,0.08,11.52,routine
5804,1,2020-09-17,returned_order,0.02,2.8,routine
5805,2,2020-09-17,prep_waste,0.2,23.35,routine
5806,2,2020-09-17,unsold_cooked,0.22,32.6,routine
5807,2,2020-09-17,spoilage,0.08,9.2,routine
5808,2,2020-09-17,returned_order,0.82,92.3,routine
5809,3,2020-09-17,prep_waste,0.4,50.51,routine
5810,3,2020-09-17,unsold_cooked,0.15,18.56,routine
5811,3,2020-09-17,spoilage,0.08,12.28,routine
5812,3,2020-09-17,returned_order,0.02,2.25,routine
5813,1,2020-09-18,prep_waste,0.18,21.02,routine
5814,1,2020-09-18,unsold_cooked,0.19,24.55,routine
5815,1,2020-09-18,spoilage,0.05,6.91,routine
5816,1,2020-09-18,returned_order,0.02,2.34,routine
5817,2,2020-09-18,prep_waste,0.32,43.59,routine
5818,2,2020-09-18,unsold_cooked,0.2,25.29,routine
5819,2,2020-09-18,spoilage,0.04,4.86,routine
5820,2,2020-09-18,returned_order,0.55,71.21,routine
5821,3,2020-09-18,prep_waste,0.18,22.42,routine
5822,3,2020-09-18,unsold_cooked,0.19,27.23,routine
5823,3,2020-09-18,spoilage,0.05,7.59,routine
5824,3,2020-09-18,returned_order,0.02,3.02,routine
5825,1,2020-09-19,prep_waste,0.43,58.94,routine
5826,1,2020-09-19,unsold_cooked,0.26,38.72,routine
5827,1,2020-09-19,spoilage,0.07,7.63,routine
5828,1,2020-09-19,returned_order,0.02,3.06,routine
5829,2,2020-09-19,prep_waste,0.29,42.78,routine
5830,2,2020-09-19,unsold_cooked,0.15,19.64,routine
5831,2,2020-09-19,spoilage,0.05,6.24,routine
5832,2,2020-09-19,returned_order,0.02,2.91,routine
5833,3,2020-09-19,prep_waste,0.31,38.13,routine
5834,3,2020-09-19,unsold_cooked,0.24,31.21,routine
5835,3,2020-09-19,spoilage,0.07,7.77,routine
5836,3,2020-09-19,returned_order,0.02,2.48,routine
5837,1,2020-09-20,prep_waste,0.23,25.97,routine
5838,1,2020-09-20,unsold_cooked,0.26,40.3,routine
5839,1,2020-09-20,spoilage,0.07,11.4,routine
5840,1,2020-09-20,returned_order,0.02,2.24,routine
5841,2,2020-09-20,prep_waste,0.23,28.89,routine
5842,2,2020-09-20,unsold_cooked,0.24,31.39,routine
5843,2,2020-09-20,spoilage,0.07,8.13,routine
5844,2,2020-09-20,returned_order,0.73,87.09,routine
5845,3,2020-09-20,prep_waste,0.35,46.83,routine
5846,3,2020-09-20,unsold_cooked,0.22,29.67,routine
5847,3,2020-09-20,spoilage,0.04,6.41,routine
5848,3,2020-09-20,returned_order,0.02,2.87,routine
5849,1,2020-09-21,prep_waste,0.3,38.86,routine
5850,1,2020-09-21,unsold_cooked,0.16,19.53,routine
5851,1,2020-09-21,spoilage,0.07,11.03,routine
5852,1,2020-09-21,returned_order,1.67,196.69,routine
5853,2,2020-09-21,prep_waste,0.4,42.94,routine
5854,2,2020-09-21,unsold_cooked,0.13,20.28,routine
5855,2,2020-09-21,spoilage,0.07,9.29,routine
5856,2,2020-09-21,returned_order,0.02,2.27,routine
5857,3,2020-09-21,prep_waste,0.36,50.84,routine
5858,3,2020-09-21,unsold_cooked,0.12,14.24,routine
5859,3,2020-09-21,spoilage,0.05,5.46,routine
5860,3,2020-09-21,returned_order,0.02,2.32,routine
5861,1,2020-09-22,prep_waste,0.36,41.45,routine
5862,1,2020-09-22,unsold_cooked,0.22,33.23,routine
5863,1,2020-09-22,spoilage,0.04,5.18,routine
5864,1,2020-09-22,returned_order,0.02,2.69,routine
5865,2,2020-09-22,prep_waste,0.4,57.44,routine
5866,2,2020-09-22,unsold_cooked,0.11,14.09,routine
5867,2,2020-09-22,spoilage,0.07,8.3,routine
5868,2,2020-09-22,returned_order,0.02,2.96,routine
5869,3,2020-09-22,prep_waste,0.33,42.47,routine
5870,3,2020-09-22,unsold_cooked,0.24,28.23,routine
5871,3,2020-09-22,spoilage,0.06,7.83,routine
5872,3,2020-09-22,returned_order,0.02,2.22,routine
5873,1,2020-09-23,prep_waste,0.19,22.06,routine
5874,1,2020-09-23,unsold_cooked,0.16,18.98,routine
5875,1,2020-09-23,spoilage,0.06,8.9,routine
5876,1,2020-09-23,returned_order,0.02,2.3,routine
5877,2,2020-09-23,prep_waste,0.27,40.17,routine
5878,2,2020-09-23,unsold_cooked,0.11,14.4,routine
5879,2,2020-09-23,spoilage,0.04,6.36,routine
5880,2,2020-09-23,returned_order,0.02,2.48,routine
5881,3,2020-09-23,prep_waste,0.43,54.94,routine
5882,3,2020-09-23,unsold_cooked,0.19,24.84,routine
5883,3,2020-09-23,spoilage,0.06,8.33,routine
5884,3,2020-09-23,returned_order,0.02,2.51,routine
5885,1,2020-09-24,prep_waste,0.37,41.16,routine
5886,1,2020-09-24,unsold_cooked,0.17,20.19,routine
5887,1,2020-09-24,spoilage,0.07,8.36,routine
5888,1,2020-09-24,returned_order,0.02,2.76,routine
5889,2,2020-09-24,prep_waste,0.26,31.87,routine
5890,2,2020-09-24,unsold_cooked,0.23,34.79,routine
5891,2,2020-09-24,spoilage,0.07,7.56,routine
5892,2,2020-09-24,returned_order,0.02,3.09,routine
5893,3,2020-09-24,prep_waste,0.2,30.64,routine
5894,3,2020-09-24,unsold_cooked,0.21,31.16,routine
5895,3,2020-09-24,spoilage,0.08,8.65,routine
5896,3,2020-09-24,returned_order,0.02,2.79,routine
5897,1,2020-09-25,prep_waste,0.23,29.74,routine
5898,1,2020-09-25,unsold_cooked,0.22,34.07,routine
5899,1,2020-09-25,spoilage,0.04,5.06,routine
5900,1,2020-09-25,returned_order,0.02,2.15,routine
5901,2,2020-09-25,prep_waste,0.35,46.19,routine
5902,2,2020-09-25,unsold_cooked,0.17,17.7,routine
5903,2,2020-09-25,spoilage,0.04,4.94,routine
5904,2,2020-09-25,returned_order,0.02,3.01,routine
5905,3,2020-09-25,prep_waste,0.3,45.63,routine
5906,3,2020-09-25,unsold_cooked,0.23,32.7,routine
5907,3,2020-09-25,spoilage,0.05,5.96,routine
5908,3,2020-09-25,returned_order,0.02,2.18,routine
5909,1,2020-09-26,prep_waste,0.27,29.03,routine
5910,1,2020-09-26,unsold_cooked,0.27,37.74,routine
5911,1,2020-09-26,spoilage,0.05,7.26,routine
5912,1,2020-09-26,returned_order,0.59,66.94,routine
5913,2,2020-09-26,prep_waste,0.19,23.11,routine
5914,2,2020-09-26,unsold_cooked,0.16,22.63,routine
5915,2,2020-09-26,spoilage,0.08,9.07,routine
5916,2,2020-09-26,returned_order,0.02,2.92,routine
5917,3,2020-09-26,prep_waste,0.37,53.93,routine
5918,3,2020-09-26,unsold_cooked,0.16,20.96,routine
5919,3,2020-09-26,spoilage,0.06,8.86,routine
5920,3,2020-09-26,returned_order,0.02,2.58,routine
5921,1,2020-09-27,prep_waste,0.44,48.93,routine
5922,1,2020-09-27,unsold_cooked,0.21,29.19,routine
5923,1,2020-09-27,spoilage,0.03,3.63,routine
5924,1,2020-09-27,returned_order,0.67,90.58,routine
5925,2,2020-09-27,prep_waste,0.24,31.55,routine
5926,2,2020-09-27,unsold_cooked,0.17,20.17,routine
5927,2,2020-09-27,spoilage,0.04,5.46,routine
5928,2,2020-09-27,returned_order,0.02,2.6,routine
5929,3,2020-09-27,prep_waste,0.24,36.54,routine
5930,3,2020-09-27,unsold_cooked,0.2,29.75,routine
5931,3,2020-09-27,spoilage,0.04,4.21,routine
5932,3,2020-09-27,returned_order,0.02,2.46,routine
5933,1,2020-09-28,prep_waste,0.32,49.82,routine
5934,1,2020-09-28,unsold_cooked,0.22,30.97,routine
5935,1,2020-09-28,spoilage,0.08,11.22,routine
5936,1,2020-09-28,returned_order,0.02,2.42,routine
5937,2,2020-09-28,prep_waste,0.33,49.95,routine
5938,2,2020-09-28,unsold_cooked,0.19,29.63,routine
5939,2,2020-09-28,spoilage,0.06,9.04,routine
5940,2,2020-09-28,returned_order,0.02,2.41,routine
5941,3,2020-09-28,prep_waste,0.32,40.91,routine
5942,3,2020-09-28,unsold_cooked,0.24,26.27,routine
5943,3,2020-09-28,spoilage,0.07,9.39,routine
5944,3,2020-09-28,returned_order,0.02,2.77,routine
5945,1,2020-09-29,prep_waste,0.34,44.78,routine
5946,1,2020-09-29,unsold_cooked,0.25,37.17,routine
5947,1,2020-09-29,spoilage,0.03,4.04,routine
5948,1,2020-09-29,returned_order,0.02,2.22,routine
5949,2,2020-09-29,prep_waste,0.43,63.27,routine
5950,2,2020-09-29,unsold_cooked,0.17,21.76,routine
5951,2,2020-09-29,spoilage,0.08,11.56,routine
5952,2,2020-09-29,returned_order,0.02,2.17,routine
5953,3,2020-09-29,prep_waste,0.35,41.79,routine
5954,3,2020-09-29,unsold_cooked,0.11,17.6,routine
5955,3,2020-09-29,spoilage,0.08,11.76,routine
5956,3,2020-09-29,returned_order,0.02,2.66,routine
5957,1,2020-09-30,prep_waste,0.36,54.5,routine
5958,1,2020-09-30,unsold_cooked,0.15,21.15,routine
5959,1,2020-09-30,spoilage,0.04,4.16,routine
5960,1,2020-09-30,returned_order,0.02,2.59,routine
5961,2,2020-09-30,prep_waste,0.24,30.94,routine
5962,2,2020-09-30,unsold_cooked,0.24,27.79,routine
5963,2,2020-09-30,spoilage,0.07,7.82,routine
5964,2,2020-09-30,returned_order,0.02,2.88,routine
5965,3,2020-09-30,prep_waste,0.42,56.81,routine
5966,3,2020-09-30,unsold_cooked,0.13,16.93,routine
5967,3,2020-09-30,spoilage,0.05,7.53,routine
5968,3,2020-09-30,returned_order,0.02,2.97,routine
5969,1,2020-10-01,prep_waste,0.41,45.27,routine
5970,1,2020-10-01,unsold_cooked,0.13,14.2,routine
5971,1,2020-10-01,spoilage,0.08,8.41,routine
5972,1,2020-10-01,returned_order,0.9,115.63,routine
5973,2,2020-10-01,prep_waste,0.21,29.24,routine
5974,2,2020-10-01,unsold_cooked,0.18,24.68,routine
5975,2,2020-10-01,spoilage,0.05,6.59,routine
5976,2,2020-10-01,returned_order,0.69,99.18,routine
5977,3,2020-10-01,prep_waste,0.27,29.41,routine
5978,3,2020-10-01,unsold_cooked,0.14,19.58,routine
5979,3,2020-10-01,spoilage,0.07,7.77,routine
5980,3,2020-10-01,returned_order,0.02,2.92,routine
5981,1,2020-10-02,prep_waste,0.3,42.25,routine
5982,1,2020-10-02,unsold_cooked,0.15,16.81,routine
5983,1,2020-10-02,spoilage,0.03,3.42,routine
5984,1,2020-10-02,returned_order,0.02,2.8,routine
5985,2,2020-10-02,prep_waste,0.26,39.46,routine
5986,2,2020-10-02,unsold_cooked,0.12,13.25,routine
5987,2,2020-10-02,spoilage,0.04,6.1,routine
5988,2,2020-10-02,returned_order,0.65,84.8,routine
5989,3,2020-10-02,prep_waste,0.23,34.93,routine
5990,3,2020-10-02,unsold_cooked,0.13,16.35,routine
5991,3,2020-10-02,spoilage,0.06,8.08,routine
5992,3,2020-10-02,returned_order,0.02,3.1,routine
5993,1,2020-10-03,prep_waste,0.28,31.01,routine
5994,1,2020-10-03,unsold_cooked,0.11,14.56,routine
5995,1,2020-10-03,spoilage,0.08,11.99,routine
5996,1,2020-10-03,returned_order,0.02,2.74,routine
5997,2,2020-10-03,prep_waste,0.28,35.95,routine
5998,2,2020-10-03,unsold_cooked,0.19,22.43,routine
5999,2,2020-10-03,spoilage,0.05,6.8,routine
6000,2,2020-10-03,returned_order,0.02,2.83,routine
6001,3,2020-10-03,prep_waste,0.43,66.96,routine
6002,3,2020-10-03,unsold_cooked,0.2,22.31,routine
6003,3,2020-10-03,spoilage,0.04,5.75,routine
6004,3,2020-10-03,returned_order,0.02,2.11,routine
6005,1,2020-10-04,prep_waste,0.37,56.85,routine
6006,1,2020-10-04,unsold_cooked,0.18,26.78,routine
6007,1,2020-10-04,spoilage,0.04,4.96,routine
6008,1,2020-10-04,returned_order,1.36,152.96,routine
6009,2,2020-10-04,prep_waste,0.26,32.48,routine
6010,2,2020-10-04,unsold_cooked,0.13,19.34,routine
6011,2,2020-10-04,spoilage,0.06,9.75,routine
6012,2,2020-10-04,returned_order,0.02,2.78,routine
6013,3,2020-10-04,prep_waste,0.37,45.28,routine
6014,3,2020-10-04,unsold_cooked,0.11,15.19,routine
6015,3,2020-10-04,spoilage,0.08,9.23,routine
6016,3,2020-10-04,returned_order,0.02,2.75,routine
6017,1,2020-10-05,prep_waste,0.36,49.24,routine
6018,1,2020-10-05,unsold_cooked,0.23,32.02,routine
6019,1,2020-10-05,spoilage,0.05,5.75,routine
6020,1,2020-10-05,returned_order,0.02,2.92,routine
6021,2,2020-10-05,prep_waste,0.32,36.27,routine
6022,2,2020-10-05,unsold_cooked,0.22,27.09,routine
6023,2,2020-10-05,spoilage,0.07,10.21,routine
6024,2,2020-10-05,returned_order,0.02,2.86,routine
6025,3,2020-10-05,prep_waste,0.24,31.57,routine
6026,3,2020-10-05,unsold_cooked,0.21,30.21,routine
6027,3,2020-10-05,spoilage,0.05,7.84,routine
6028,3,2020-10-05,returned_order,0.02,2.11,routine
6029,1,2020-10-06,prep_waste,0.39,41.23,routine
6030,1,2020-10-06,unsold_cooked,0.22,32.09,routine
6031,1,2020-10-06,spoilage,0.08,11.55,routine
6032,1,2020-10-06,returned_order,0.02,2.74,routine
6033,2,2020-10-06,prep_waste,0.23,35.96,routine
6034,2,2020-10-06,unsold_cooked,0.22,28.47,routine
6035,2,2020-10-06,spoilage,0.03,3.98,routine
6036,2,2020-10-06,returned_order,0.02,2.87,routine
6037,3,2020-10-06,prep_waste,0.38,49.21,routine
6038,3,2020-10-06,unsold_cooked,0.15,19.91,routine
6039,3,2020-10-06,spoilage,0.04,4.57,routine
6040,3,2020-10-06,returned_order,0.02,2.11,routine
6041,1,2020-10-07,prep_waste,0.33,43.0,routine
6042,1,2020-10-07,unsold_cooked,0.26,29.5,routine
6043,1,2020-10-07,spoilage,0.06,8.2,routine
6044,1,2020-10-07,returned_order,0.77,117.67,routine
6045,2,2020-10-07,prep_waste,0.29,39.79,routine
6046,2,2020-10-07,unsold_cooked,0.15,16.38,routine
6047,2,2020-10-07,spoilage,0.07,7.08,routine
6048,2,2020-10-07,returned_order,0.02,2.52,routine
6049,3,2020-10-07,prep_waste,0.4,44.36,routine
6050,3,2020-10-07,unsold_cooked,0.22,25.23,routine
6051,3,2020-10-07,spoilage,0.05,6.61,routine
6052,3,2020-10-07,returned_order,0.02,2.28,routine
6053,1,2020-10-08,prep_waste,0.28,31.54,routine
6054,1,2020-10-08,unsold_cooked,0.12,17.77,routine
6055,1,2020-10-08,spoilage,0.05,6.41,routine
6056,1,2020-10-08,returned_order,0.02,3.02,routine
6057,2,2020-10-08,prep_waste,0.35,51.24,routine
6058,2,2020-10-08,unsold_cooked,0.21,28.2,routine
6059,2,2020-10-08,spoilage,0.05,6.83,routine
6060,2,2020-10-08,returned_order,0.02,2.13,routine
6061,3,2020-10-08,prep_waste,0.39,45.17,routine
6062,3,2020-10-08,unsold_cooked,0.12,15.45,routine
6063,3,2020-10-08,spoilage,0.04,4.94,routine
6064,3,2020-10-08,returned_order,0.02,2.87,routine
6065,1,2020-10-09,prep_waste,0.36,55.35,routine
6066,1,2020-10-09,unsold_cooked,0.18,22.1,routine
6067,1,2020-10-09,spoilage,0.07,7.12,routine
6068,1,2020-10-09,returned_order,0.02,2.79,routine
6069,2,2020-10-09,prep_waste,0.29,39.86,routine
6070,2,2020-10-09,unsold_cooked,0.23,24.22,routine
6071,2,2020-10-09,spoilage,0.06,7.7,routine
6072,2,2020-10-09,returned_order,0.02,2.61,routine
6073,3,2020-10-09,prep_waste,0.38,56.31,routine
6074,3,2020-10-09,unsold_cooked,0.1,11.44,routine
6075,3,2020-10-09,spoilage,0.07,10.62,routine
6076,3,2020-10-09,returned_order,0.02,2.52,routine
6077,1,2020-10-10,prep_waste,0.39,51.98,routine
6078,1,2020-10-10,unsold_cooked,0.21,27.21,routine
6079,1,2020-10-10,spoilage,0.08,10.62,routine
6080,1,2020-10-10,returned_order,0.89,115.28,routine
6081,2,2020-10-10,prep_waste,0.29,42.91,routine
6082,2,2020-10-10,unsold_cooked,0.22,32.08,routine
6083,2,2020-10-10,spoilage,0.06,6.87,routine
6084,2,2020-10-10,returned_order,0.75,110.58,routine
6085,3,2020-10-10,prep_waste,0.37,39.84,routine
6086,3,2020-10-10,unsold_cooked,0.21,24.71,routine
6087,3,2020-10-10,spoilage,0.04,5.52,routine
6088,3,2020-10-10,returned_order,0.02,2.11,routine
6089,1,2020-10-11,prep_waste,0.42,58.37,routine
6090,1,2020-10-11,unsold_cooked,0.13,20.03,routine
6091,1,2020-10-11,spoilage,0.05,5.88,routine
6092,1,2020-10-11,returned_order,0.66,79.4,routine
6093,2,2020-10-11,prep_waste,0.37,40.43,routine
6094,2,2020-10-11,unsold_cooked,0.14,21.38,routine
6095,2,2020-10-11,spoilage,0.08,8.64,routine
6096,2,2020-10-11,returned_order,0.58,72.54,routine
6097,3,2020-10-11,prep_waste,0.44,50.53,routine
6098,3,2020-10-11,unsold_cooked,0.18,20.1,routine
6099,3,2020-10-11,spoilage,0.07,7.03,routine
6100,3,2020-10-11,returned_order,0.02,2.97,routine
6101,1,2020-10-12,prep_waste,0.35,50.33,routine
6102,1,2020-10-12,unsold_cooked,0.11,16.81,routine
6103,1,2020-10-12,spoilage,0.07,7.39,routine
6104,1,2020-10-12,returned_order,0.58,72.37,routine
6105,2,2020-10-12,prep_waste,0.28,39.4,routine
6106,2,2020-10-12,unsold_cooked,0.12,15.49,routine
6107,2,2020-10-12,spoilage,0.05,6.09,routine
6108,2,2020-10-12,returned_order,0.02,2.46,routine
6109,3,2020-10-12,prep_waste,0.42,60.96,routine
6110,3,2020-10-12,unsold_cooked,0.24,31.15,routine
6111,3,2020-10-12,spoilage,0.05,5.63,routine
6112,3,2020-10-12,returned_order,0.02,2.55,routine
6113,1,2020-10-13,prep_waste,0.23,27.63,routine
6114,1,2020-10-13,unsold_cooked,0.18,26.75,routine
6115,1,2020-10-13,spoilage,0.08,9.44,routine
6116,1,2020-10-13,returned_order,0.65,84.14,routine
6117,2,2020-10-13,prep_waste,0.36,53.58,routine
6118,2,2020-10-13,unsold_cooked,0.1,13.81,routine
6119,2,2020-10-13,spoilage,0.04,4.17,routine
6120,2,2020-10-13,returned_order,0.02,2.27,routine
6121,3,2020-10-13,prep_waste,0.36,51.61,routine
6122,3,2020-10-13,unsold_cooked,0.21,30.2,routine
6123,3,2020-10-13,spoilage,0.05,6.4,routine
6124,3,2020-10-13,returned_order,0.02,2.89,routine
6125,1,2020-10-14,prep_waste,0.33,41.68,routine
6126,1,2020-10-14,unsold_cooked,0.2,29.74,routine
6127,1,2020-10-14,spoilage,0.06,9.02,routine
6128,1,2020-10-14,returned_order,0.02,2.53,routine
6129,2,2020-10-14,prep_waste,0.25,31.32,routine
6130,2,2020-10-14,unsold_cooked,0.22,24.57,routine
6131,2,2020-10-14,spoilage,0.08,11.54,routine
6132,2,2020-10-14,returned_order,0.02,2.16,routine
6133,3,2020-10-14,prep_waste,0.27,33.53,routine
6134,3,2020-10-14,unsold_cooked,0.22,27.48,routine
6135,3,2020-10-14,spoilage,0.07,9.07,routine
6136,3,2020-10-14,returned_order,0.02,2.13,routine
6137,1,2020-10-15,prep_waste,0.26,38.05,routine
6138,1,2020-10-15,unsold_cooked,0.19,26.96,routine
6139,1,2020-10-15,spoilage,0.06,9.4,routine
6140,1,2020-10-15,returned_order,0.02,2.32,routine
6141,2,2020-10-15,prep_waste,0.26,34.81,routine
6142,2,2020-10-15,unsold_cooked,0.22,30.07,routine
6143,2,2020-10-15,spoilage,0.06,9.27,routine
6144,2,2020-10-15,returned_order,0.02,2.29,routine
6145,3,2020-10-15,prep_waste,0.26,33.91,routine
6146,3,2020-10-15,unsold_cooked,0.12,12.12,routine
6147,3,2020-10-15,spoilage,0.06,8.36,routine
6148,3,2020-10-15,returned_order,0.02,2.29,routine
6149,1,2020-10-16,prep_waste,0.38,40.64,routine
6150,1,2020-10-16,unsold_cooked,0.18,19.61,routine
6151,1,2020-10-16,spoilage,0.08,9.64,routine
6152,1,2020-10-16,returned_order,0.02,2.42,routine
6153,2,2020-10-16,prep_waste,0.44,66.36,routine
6154,2,2020-10-16,unsold_cooked,0.15,17.11,routine
6155,2,2020-10-16,spoilage,0.08,8.41,routine
6156,2,2020-10-16,returned_order,0.02,2.94,routine
6157,3,2020-10-16,prep_waste,0.32,37.73,routine
6158,3,2020-10-16,unsold_cooked,0.2,21.03,routine
6159,3,2020-10-16,spoilage,0.06,8.23,routine
6160,3,2020-10-16,returned_order,0.02,2.65,routine
6161,1,2020-10-17,prep_waste,0.3,35.23,routine
6162,1,2020-10-17,unsold_cooked,0.14,16.35,routine
6163,1,2020-10-17,spoilage,0.04,4.58,routine
6164,1,2020-10-17,returned_order,0.02,2.47,routine
6165,2,2020-10-17,prep_waste,0.38,56.11,routine
6166,2,2020-10-17,unsold_cooked,0.13,18.05,routine
6167,2,2020-10-17,spoilage,0.06,9.4,routine
6168,2,2020-10-17,returned_order,0.02,2.27,routine
6169,3,2020-10-17,prep_waste,0.25,33.32,routine
6170,3,2020-10-17,unsold_cooked,0.23,30.29,routine
6171,3,2020-10-17,spoilage,0.06,7.03,routine
6172,3,2020-10-17,returned_order,0.02,2.67,routine
6173,1,2020-10-18,prep_waste,0.43,49.94,routine
6174,1,2020-10-18,unsold_cooked,0.24,30.63,routine
6175,1,2020-10-18,spoilage,0.06,8.4,routine
6176,1,2020-10-18,returned_order,0.56,86.1,routine
6177,2,2020-10-18,prep_waste,0.37,41.58,routine
6178,2,2020-10-18,unsold_cooked,0.26,34.46,routine
6179,2,2020-10-18,spoilage,0.07,8.96,routine
6180,2,2020-10-18,returned_order,0.02,2.3,routine
6181,3,2020-10-18,prep_waste,0.21,27.59,routine
6182,3,2020-10-18,unsold_cooked,0.18,22.98,routine
6183,3,2020-10-18,spoilage,0.05,6.23,routine
6184,3,2020-10-18,returned_order,0.02,2.85,routine
6185,1,2020-10-19,prep_waste,0.39,57.14,routine
6186,1,2020-10-19,unsold_cooked,0.19,26.92,routine
6187,1,2020-10-19,spoilage,0.07,9.28,routine
6188,1,2020-10-19,returned_order,0.87,123.59,routine
6189,2,2020-10-19,prep_waste,0.37,56.46,routine
6190,2,2020-10-19,unsold_cooked,0.18,27.24,routine
6191,2,2020-10-19,spoilage,0.06,7.59,routine
6192,2,2020-10-19,returned_order,0.02,2.55,routine
6193,3,2020-10-19,prep_waste,0.27,28.92,routine
6194,3,2020-10-19,unsold_cooked,0.21,22.51,routine
6195,3,2020-10-19,spoilage,0.08,8.64,routine
6196,3,2020-10-19,returned_order,0.02,2.93,routine
6197,1,2020-10-20,prep_waste,0.19,28.23,routine
6198,1,2020-10-20,unsold_cooked,0.1,11.01,routine
6199,1,2020-10-20,spoilage,0.07,8.0,routine
6200,1,2020-10-20,returned_order,0.74,79.96,routine
6201,2,2020-10-20,prep_waste,0.23,35.05,routine
6202,2,2020-10-20,unsold_cooked,0.15,22.72,routine
6203,2,2020-10-20,spoilage,0.06,8.9,routine
6204,2,2020-10-20,returned_order,0.02,2.35,routine
6205,3,2020-10-20,prep_waste,0.22,26.02,routine
6206,3,2020-10-20,unsold_cooked,0.16,18.99,routine
6207,3,2020-10-20,spoilage,0.06,6.97,routine
6208,3,2020-10-20,returned_order,0.02,2.5,routine
6209,1,2020-10-21,prep_waste,0.18,21.12,routine
6210,1,2020-10-21,unsold_cooked,0.22,31.13,routine
6211,1,2020-10-21,spoilage,0.08,10.52,routine
6212,1,2020-10-21,returned_order,0.6,76.84,routine
6213,2,2020-10-21,prep_waste,0.25,34.84,routine
6214,2,2020-10-21,unsold_cooked,0.23,34.76,routine
6215,2,2020-10-21,spoilage,0.05,6.45,routine
6216,2,2020-10-21,returned_order,0.02,2.48,routine
6217,3,2020-10-21,prep_waste,0.3,32.3,routine
6218,3,2020-10-21,unsold_cooked,0.15,17.09,routine
6219,3,2020-10-21,spoilage,0.04,4.94,routine
6220,3,2020-10-21,returned_order,0.02,2.33,routine
6221,1,2020-10-22,prep_waste,0.24,32.46,routine
6222,1,2020-10-22,unsold_cooked,0.11,13.07,routine
6223,1,2020-10-22,spoilage,0.05,7.92,routine
6224,1,2020-10-22,returned_order,0.02,3.1,routine
6225,2,2020-10-22,prep_waste,0.29,42.05,routine
6226,2,2020-10-22,unsold_cooked,0.2,25.49,routine
6227,2,2020-10-22,spoilage,0.08,8.99,routine
6228,2,2020-10-22,returned_order,0.02,2.35,routine
6229,3,2020-10-22,prep_waste,0.4,48.63,routine
6230,3,2020-10-22,unsold_cooked,0.13,17.51,routine
6231,3,2020-10-22,spoilage,0.04,5.1,routine
6232,3,2020-10-22,returned_order,0.72,78.91,routine
6233,1,2020-10-23,prep_waste,0.35,38.77,routine
6234,1,2020-10-23,unsold_cooked,0.19,21.99,routine
6235,1,2020-10-23,spoilage,0.04,5.81,routine
6236,1,2020-10-23,returned_order,0.02,2.53,routine
6237,2,2020-10-23,prep_waste,0.28,35.35,routine
6238,2,2020-10-23,unsold_cooked,0.23,29.59,routine
6239,2,2020-10-23,spoilage,0.06,8.66,routine
6240,2,2020-10-23,returned_order,0.02,2.23,routine
6241,3,2020-10-23,prep_waste,0.44,57.08,routine
6242,3,2020-10-23,unsold_cooked,0.23,24.3,routine
6243,3,2020-10-23,spoilage,0.06,8.77,routine
6244,3,2020-10-23,returned_order,0.02,2.17,routine
6245,1,2020-10-24,prep_waste,0.42,63.5,routine
6246,1,2020-10-24,unsold_cooked,0.19,27.81,routine
6247,1,2020-10-24,spoilage,0.05,5.38,routine
6248,1,2020-10-24,returned_order,0.02,2.39,routine
6249,2,2020-10-24,prep_waste,0.34,42.28,routine
6250,2,2020-10-24,unsold_cooked,0.24,27.14,routine
6251,2,2020-10-24,spoilage,0.07,10.19,routine
6252,2,2020-10-24,returned_order,0.02,3.06,routine
6253,3,2020-10-24,prep_waste,0.28,41.62,routine
6254,3,2020-10-24,unsold_cooked,0.17,19.45,routine
6255,3,2020-10-24,spoilage,0.05,7.28,routine
6256,3,2020-10-24,returned_order,0.02,2.38,routine
6257,1,2020-10-25,prep_waste,0.24,28.01,routine
6258,1,2020-10-25,unsold_cooked,0.26,33.61,routine
6259,1,2020-10-25,spoilage,0.04,4.37,routine
6260,1,2020-10-25,returned_order,0.02,2.85,routine
6261,2,2020-10-25,prep_waste,0.22,33.35,routine
6262,2,2020-10-25,unsold_cooked,0.24,30.68,routine
6263,2,2020-10-25,spoilage,0.06,8.22,routine
6264,2,2020-10-25,returned_order,0.88,124.9,routine
6265,3,2020-10-25,prep_waste,0.26,34.42,routine
6266,3,2020-10-25,unsold_cooked,0.22,29.42,routine
6267,3,2020-10-25,spoilage,0.04,6.1,routine
6268,3,2020-10-25,returned_order,0.02,2.61,routine
6269,1,2020-10-26,prep_waste,0.23,26.68,routine
6270,1,2020-10-26,unsold_cooked,0.19,27.4,routine
6271,1,2020-10-26,spoilage,0.08,8.48,routine
6272,1,2020-10-26,returned_order,0.02,2.55,routine
6273,2,2020-10-26,prep_waste,0.37,45.67,routine
6274,2,2020-10-26,unsold_cooked,0.22,24.33,routine
6275,2,2020-10-26,spoilage,0.05,6.14,routine
6276,2,2020-10-26,returned_order,0.02,2.21,routine
6277,3,2020-10-26,prep_waste,0.2,30.3,routine
6278,3,2020-10-26,unsold_cooked,0.23,27.08,routine
6279,3,2020-10-26,spoilage,0.03,4.13,routine
6280,3,2020-10-26,returned_order,0.02,2.42,routine
6281,1,2020-10-27,prep_waste,0.41,43.1,routine
6282,1,2020-10-27,unsold_cooked,0.15,21.89,routine
6283,1,2020-10-27,spoilage,0.07,10.72,routine
6284,1,2020-10-27,returned_order,1.47,201.83,routine
6285,2,2020-10-27,prep_waste,0.26,36.82,routine
6286,2,2020-10-27,unsold_cooked,0.22,25.43,routine
6287,2,2020-10-27,spoilage,0.03,4.08,routine
6288,2,2020-10-27,returned_order,0.02,2.98,routine
6289,3,2020-10-27,prep_waste,0.43,59.99,routine
6290,3,2020-10-27,unsold_cooked,0.16,20.3,routine
6291,3,2020-10-27,spoilage,0.07,9.67,routine
6292,3,2020-10-27,returned_order,0.02,3.0,routine
6293,1,2020-10-28,prep_waste,0.31,38.95,routine
6294,1,2020-10-28,unsold_cooked,0.18,22.13,routine
6295,1,2020-10-28,spoilage,0.07,8.34,routine
6296,1,2020-10-28,returned_order,0.02,2.32,routine
6297,2,2020-10-28,prep_waste,0.43,46.19,routine
6298,2,2020-10-28,unsold_cooked,0.17,18.16,routine
6299,2,2020-10-28,spoilage,0.05,6.32,routine
6300,2,2020-10-28,returned_order,0.02,2.89,routine
6301,3,2020-10-28,prep_waste,0.22,29.58,routine
6302,3,2020-10-28,unsold_cooked,0.24,36.65,routine
6303,3,2020-10-28,spoilage,0.05,7.01,routine
6304,3,2020-10-28,returned_order,0.02,2.39,routine
6305,1,2020-10-29,prep_waste,0.36,45.97,routine
6306,1,2020-10-29,unsold_cooked,0.22,27.27,routine
6307,1,2020-10-29,spoilage,0.03,3.78,routine
6308,1,2020-10-29,returned_order,0.57,66.76,routine
6309,2,2020-10-29,prep_waste,0.23,35.59,routine
6310,2,2020-10-29,unsold_cooked,0.12,16.47,routine
6311,2,2020-10-29,spoilage,0.04,4.65,routine
6312,2,2020-10-29,returned_order,0.02,2.89,routine
6313,3,2020-10-29,prep_waste,0.2,24.82,routine
6314,3,2020-10-29,unsold_cooked,0.1,13.01,routine
6315,3,2020-10-29,spoilage,0.04,5.92,routine
6316,3,2020-10-29,returned_order,0.02,2.47,routine
6317,1,2020-10-30,prep_waste,0.35,48.79,routine
6318,1,2020-10-30,unsold_cooked,0.11,11.52,routine
6319,1,2020-10-30,spoilage,0.06,8.23,routine
6320,1,2020-10-30,returned_order,0.02,3.03,routine
6321,2,2020-10-30,prep_waste,0.3,35.72,routine
6322,2,2020-10-30,unsold_cooked,0.23,28.56,routine
6323,2,2020-10-30,spoilage,0.06,7.64,routine
6324,2,2020-10-30,returned_order,0.02,3.08,routine
6325,3,2020-10-30,prep_waste,0.43,46.01,routine
6326,3,2020-10-30,unsold_cooked,0.14,20.77,routine
6327,3,2020-10-30,spoilage,0.04,4.77,routine
6328,3,2020-10-30,returned_order,0.02,2.31,routine
6329,1,2020-10-31,prep_waste,0.43,59.91,routine
6330,1,2020-10-31,unsold_cooked,0.2,23.27,routine
6331,1,2020-10-31,spoilage,0.08,10.18,routine
6332,1,2020-10-31,returned_order,1.74,259.0,routine
6333,2,2020-10-31,prep_waste,0.34,38.28,routine
6334,2,2020-10-31,unsold_cooked,0.21,26.92,routine
6335,2,2020-10-31,spoilage,0.05,6.19,routine
6336,2,2020-10-31,returned_order,0.02,2.74,routine
6337,3,2020-10-31,prep_waste,0.25,30.34,routine
6338,3,2020-10-31,unsold_cooked,0.17,23.52,routine
6339,3,2020-10-31,spoilage,0.03,3.79,routine
6340,3,2020-10-31,returned_order,0.02,2.63,routine
6341,1,2020-11-01,prep_waste,0.44,59.75,routine
6342,1,2020-11-01,unsold_cooked,0.2,21.91,routine
6343,1,2020-11-01,spoilage,0.07,8.05,routine
6344,1,2020-11-01,returned_order,1.34,194.99,routine
6345,2,2020-11-01,prep_waste,0.39,53.4,routine
6346,2,2020-11-01,unsold_cooked,0.2,24.0,routine
6347,2,2020-11-01,spoilage,0.06,8.97,routine
6348,2,2020-11-01,returned_order,0.74,99.34,routine
6349,3,2020-11-01,prep_waste,0.39,40.52,routine
6350,3,2020-11-01,unsold_cooked,0.22,28.74,routine
6351,3,2020-11-01,spoilage,0.04,5.25,routine
6352,3,2020-11-01,returned_order,0.02,2.18,routine
6353,1,2020-11-02,prep_waste,0.23,32.71,routine
6354,1,2020-11-02,unsold_cooked,0.13,18.04,routine
6355,1,2020-11-02,spoilage,0.04,5.25,routine
6356,1,2020-11-02,returned_order,0.02,2.17,routine
6357,2,2020-11-02,prep_waste,0.19,20.69,routine
6358,2,2020-11-02,unsold_cooked,0.11,12.71,routine
6359,2,2020-11-02,spoilage,0.07,7.7,routine
6360,2,2020-11-02,returned_order,0.02,3.02,routine
6361,3,2020-11-02,prep_waste,0.27,32.47,routine
6362,3,2020-11-02,unsold_cooked,0.19,29.07,routine
6363,3,2020-11-02,spoilage,0.08,11.26,routine
6364,3,2020-11-02,returned_order,0.02,2.95,routine
6365,1,2020-11-03,prep_waste,0.35,42.06,routine
6366,1,2020-11-03,unsold_cooked,0.19,20.62,routine
6367,1,2020-11-03,spoilage,0.04,4.9,routine
6368,1,2020-11-03,returned_order,0.02,3.08,routine
6369,2,2020-11-03,prep_waste,0.29,41.94,routine
6370,2,2020-11-03,unsold_cooked,0.12,13.24,routine
6371,2,2020-11-03,spoilage,0.08,9.71,routine
6372,2,2020-11-03,returned_order,0.02,2.2,routine
6373,3,2020-11-03,prep_waste,0.32,40.95,routine
6374,3,2020-11-03,unsold_cooked,0.18,25.27,routine
6375,3,2020-11-03,spoilage,0.04,4.44,routine
6376,3,2020-11-03,returned_order,0.02,2.32,routine
6377,1,2020-11-04,prep_waste,0.35,50.89,routine
6378,1,2020-11-04,unsold_cooked,0.12,14.04,routine
6379,1,2020-11-04,spoilage,0.06,9.25,routine
6380,1,2020-11-04,returned_order,0.02,2.18,routine
6381,2,2020-11-04,prep_waste,0.34,39.21,routine
6382,2,2020-11-04,unsold_cooked,0.24,32.93,routine
6383,2,2020-11-04,spoilage,0.06,7.23,routine
6384,2,2020-11-04,returned_order,0.55,79.82,routine
6385,3,2020-11-04,prep_waste,0.37,47.52,routine
6386,3,2020-11-04,unsold_cooked,0.24,30.13,routine
6387,3,2020-11-04,spoilage,0.08,9.5,routine
6388,3,2020-11-04,returned_order,0.02,2.75,routine
6389,1,2020-11-05,prep_waste,0.36,44.02,routine
6390,1,2020-11-05,unsold_cooked,0.23,33.75,routine
6391,1,2020-11-05,spoilage,0.08,12.25,routine
6392,1,2020-11-05,returned_order,0.02,2.43,routine
6393,2,2020-11-05,prep_waste,0.19,21.91,routine
6394,2,2020-11-05,unsold_cooked,0.22,24.36,routine
6395,2,2020-11-05,spoilage,0.07,9.06,routine
6396,2,2020-11-05,returned_order,0.02,2.11,routine
6397,3,2020-11-05,prep_waste,0.29,40.48,routine
6398,3,2020-11-05,unsold_cooked,0.11,14.54,routine
6399,3,2020-11-05,spoilage,0.06,8.7,routine
6400,3,2020-11-05,returned_order,0.02,2.48,routine
6401,1,2020-11-06,prep_waste,0.2,30.73,routine
6402,1,2020-11-06,unsold_cooked,0.19,21.57,routine
6403,1,2020-11-06,spoilage,0.05,6.92,routine
6404,1,2020-11-06,returned_order,0.02,2.32,routine
6405,2,2020-11-06,prep_waste,0.43,65.07,routine
6406,2,2020-11-06,unsold_cooked,0.24,35.44,routine
6407,2,2020-11-06,spoilage,0.06,7.73,routine
6408,2,2020-11-06,returned_order,0.02,2.84,routine
6409,3,2020-11-06,prep_waste,0.43,48.41,routine
6410,3,2020-11-06,unsold_cooked,0.23,31.57,routine
6411,3,2020-11-06,spoilage,0.08,8.81,routine
6412,3,2020-11-06,returned_order,0.6,63.12,routine
6413,1,2020-11-07,prep_waste,0.4,57.69,routine
6414,1,2020-11-07,unsold_cooked,0.1,10.97,routine
6415,1,2020-11-07,spoilage,0.04,5.35,routine
6416,1,2020-11-07,returned_order,0.02,2.24,routine
6417,2,2020-11-07,prep_waste,0.41,48.98,routine
6418,2,2020-11-07,unsold_cooked,0.18,25.07,routine
6419,2,2020-11-07,spoilage,0.05,6.41,routine
6420,2,2020-11-07,returned_order,0.68,96.57,routine
6421,3,2020-11-07,prep_waste,0.25,38.63,routine
6422,3,2020-11-07,unsold_cooked,0.14,19.56,routine
6423,3,2020-11-07,spoilage,0.06,6.45,routine
6424,3,2020-11-07,returned_order,0.02,2.96,routine
6425,1,2020-11-08,prep_waste,0.34,45.03,routine
6426,1,2020-11-08,unsold_cooked,0.2,24.72,routine
6427,1,2020-11-08,spoilage,0.07,9.59,routine
6428,1,2020-11-08,returned_order,0.02,3.0,routine
6429,2,2020-11-08,prep_waste,0.28,42.0,routine
6430,2,2020-11-08,unsold_cooked,0.24,34.44,routine
6431,2,2020-11-08,spoilage,0.07,9.84,routine
6432,2,2020-11-08,returned_order,0.02,2.64,routine
6433,3,2020-11-08,prep_waste,0.31,41.1,routine
6434,3,2020-11-08,unsold_cooked,0.13,16.01,routine
6435,3,2020-11-08,spoilage,0.05,7.28,routine
6436,3,2020-11-08,returned_order,0.02,2.76,routine
6437,1,2020-11-09,prep_waste,0.28,42.39,routine
6438,1,2020-11-09,unsold_cooked,0.15,21.93,routine
6439,1,2020-11-09,spoilage,0.08,9.58,routine
6440,1,2020-11-09,returned_order,0.02,2.33,routine
6441,2,2020-11-09,prep_waste,0.33,45.96,routine
6442,2,2020-11-09,unsold_cooked,0.14,20.66,routine
6443,2,2020-11-09,spoilage,0.05,5.6,routine
6444,2,2020-11-09,returned_order,0.02,2.79,routine
6445,3,2020-11-09,prep_waste,0.27,28.74,routine
6446,3,2020-11-09,unsold_cooked,0.12,18.08,routine
6447,3,2020-11-09,spoilage,0.07,8.06,routine
6448,3,2020-11-09,returned_order,0.02,2.16,routine
6449,1,2020-11-10,prep_waste,0.43,63.65,routine
6450,1,2020-11-10,unsold_cooked,0.24,26.29,routine
6451,1,2020-11-10,spoilage,0.07,10.39,routine
6452,1,2020-11-10,returned_order,0.02,2.42,routine
6453,2,2020-11-10,prep_waste,0.21,26.84,routine
6454,2,2020-11-10,unsold_cooked,0.17,26.26,routine
6455,2,2020-11-10,spoilage,0.04,5.2,routine
6456,2,2020-11-10,returned_order,0.72,100.84,routine
6457,3,2020-11-10,prep_waste,0.43,66.12,routine
6458,3,2020-11-10,unsold_cooked,0.18,25.07,routine
6459,3,2020-11-10,spoilage,0.06,7.94,routine
6460,3,2020-11-10,returned_order,0.02,2.82,routine
6461,1,2020-11-11,prep_waste,0.25,27.41,routine
6462,1,2020-11-11,unsold_cooked,0.1,11.27,routine
6463,1,2020-11-11,spoilage,0.05,5.21,routine
6464,1,2020-11-11,returned_order,0.02,2.5,routine
6465,2,2020-11-11,prep_waste,0.33,48.91,routine
6466,2,2020-11-11,unsold_cooked,0.16,22.13,routine
6467,2,2020-11-11,spoilage,0.04,4.53,routine
6468,2,2020-11-11,returned_order,0.02,2.93,routine
6469,3,2020-11-11,prep_waste,0.32,44.0,routine
6470,3,2020-11-11,unsold_cooked,0.22,25.06,routine
6471,3,2020-11-11,spoilage,0.07,9.29,routine
6472,3,2020-11-11,returned_order,0.02,2.21,routine
6473,1,2020-11-12,prep_waste,0.44,67.72,routine
6474,1,2020-11-12,unsold_cooked,0.22,30.94,routine
6475,1,2020-11-12,spoilage,0.04,5.59,routine
6476,1,2020-11-12,returned_order,0.02,2.88,routine
6477,2,2020-11-12,prep_waste,0.26,31.72,routine
6478,2,2020-11-12,unsold_cooked,0.22,30.97,routine
6479,2,2020-11-12,spoilage,0.05,5.52,routine
6480,2,2020-11-12,returned_order,0.51,54.36,routine
6481,3,2020-11-12,prep_waste,0.31,33.46,routine
6482,3,2020-11-12,unsold_cooked,0.11,14.89,routine
6483,3,2020-11-12,spoilage,0.04,5.49,routine
6484,3,2020-11-12,returned_order,0.02,2.29,routine
6485,1,2020-11-13,prep_waste,0.35,47.06,routine
6486,1,2020-11-13,unsold_cooked,0.18,22.61,routine
6487,1,2020-11-13,spoilage,0.08,8.31,routine
6488,1,2020-11-13,returned_order,0.67,72.34,routine
6489,2,2020-11-13,prep_waste,0.2,22.19,routine
6490,2,2020-11-13,unsold_cooked,0.19,20.9,routine
6491,2,2020-11-13,spoilage,0.05,6.7,routine
6492,2,2020-11-13,returned_order,0.86,123.02,routine
6493,3,2020-11-13,prep_waste,0.2,29.9,routine
6494,3,2020-11-13,unsold_cooked,0.21,32.01,routine
6495,3,2020-11-13,spoilage,0.03,3.96,routine
6496,3,2020-11-13,returned_order,0.02,2.9,routine
6497,1,2020-11-14,prep_waste,0.41,50.57,routine
6498,1,2020-11-14,unsold_cooked,0.11,14.41,routine
6499,1,2020-11-14,spoilage,0.07,8.91,routine
6500,1,2020-11-14,returned_order,0.86,121.19,routine
6501,2,2020-11-14,prep_waste,0.3,43.78,routine
6502,2,2020-11-14,unsold_cooked,0.24,31.99,routine
6503,2,2020-11-14,spoilage,0.04,4.58,routine
6504,2,2020-11-14,returned_order,0.5,66.17,routine
6505,3,2020-11-14,prep_waste,0.25,29.79,routine
6506,3,2020-11-14,unsold_cooked,0.16,24.91,routine
6507,3,2020-11-14,spoilage,0.07,8.26,routine
6508,3,2020-11-14,returned_order,0.02,2.22,routine
6509,1,2020-11-15,prep_waste,0.28,38.55,routine
6510,1,2020-11-15,unsold_cooked,0.11,16.5,routine
6511,1,2020-11-15,spoilage,0.04,5.25,routine
6512,1,2020-11-15,returned_order,0.86,122.36,routine
6513,2,2020-11-15,prep_waste,0.28,31.59,routine
6514,2,2020-11-15,unsold_cooked,0.22,27.24,routine
6515,2,2020-11-15,spoilage,0.06,8.96,routine
6516,2,2020-11-15,returned_order,0.67,96.85,routine
6517,3,2020-11-15,prep_waste,0.32,41.67,routine
6518,3,2020-11-15,unsold_cooked,0.22,25.08,routine
6519,3,2020-11-15,spoilage,0.03,3.74,routine
6520,3,2020-11-15,returned_order,0.02,2.23,routine
6521,1,2020-11-16,prep_waste,0.26,37.94,routine
6522,1,2020-11-16,unsold_cooked,0.14,16.5,routine
6523,1,2020-11-16,spoilage,0.07,9.46,routine
6524,1,2020-11-16,returned_order,0.02,2.78,routine
6525,2,2020-11-16,prep_waste,0.33,41.53,routine
6526,2,2020-11-16,unsold_cooked,0.22,32.49,routine
6527,2,2020-11-16,spoilage,0.05,6.51,routine
6528,2,2020-11-16,returned_order,0.02,2.36,routine
6529,3,2020-11-16,prep_waste,0.41,51.71,routine
6530,3,2020-11-16,unsold_cooked,0.1,10.87,routine
6531,3,2020-11-16,spoilage,0.05,5.75,routine
6532,3,2020-11-16,returned_order,0.02,2.42,routine
6533,1,2020-11-17,prep_waste,0.21,29.9,routine
6534,1,2020-11-17,unsold_cooked,0.16,22.05,routine
6535,1,2020-11-17,spoilage,0.04,4.85,routine
6536,1,2020-11-17,returned_order,0.65,92.46,routine
6537,2,2020-11-17,prep_waste,0.27,33.4,routine
6538,2,2020-11-17,unsold_cooked,0.14,16.01,routine
6539,2,2020-11-17,spoilage,0.08,11.06,routine
6540,2,2020-11-17,returned_order,0.02,2.7,routine
6541,3,2020-11-17,prep_waste,0.31,46.5,routine
6542,3,2020-11-17,unsold_cooked,0.12,15.92,routine
6543,3,2020-11-17,spoilage,0.06,6.87,routine
6544,3,2020-11-17,returned_order,0.02,2.43,routine
6545,1,2020-11-18,prep_waste,0.23,35.73,routine
6546,1,2020-11-18,unsold_cooked,0.24,29.19,routine
6547,1,2020-11-18,spoilage,0.04,4.2,routine
6548,1,2020-11-18,returned_order,0.02,2.25,routine
6549,2,2020-11-18,prep_waste,0.35,42.42,routine
6550,2,2020-11-18,unsold_cooked,0.18,20.47,routine
6551,2,2020-11-18,spoilage,0.05,7.34,routine
6552,2,2020-11-18,returned_order,0.02,2.74,routine
6553,3,2020-11-18,prep_waste,0.24,28.79,routine
6554,3,2020-11-18,unsold_cooked,0.1,15.06,routine
6555,3,2020-11-18,spoilage,0.05,6.19,routine
6556,3,2020-11-18,returned_order,0.02,2.9,routine
6557,1,2020-11-19,prep_waste,0.28,35.11,routine
6558,1,2020-11-19,unsold_cooked,0.22,28.83,routine
6559,1,2020-11-19,spoilage,0.05,5.69,routine
6560,1,2020-11-19,returned_order,0.02,2.15,routine
6561,2,2020-11-19,prep_waste,0.25,30.35,routine
6562,2,2020-11-19,unsold_cooked,0.21,25.49,routine
6563,2,2020-11-19,spoilage,0.05,7.71,routine
6564,2,2020-11-19,returned_order,0.02,2.74,routine
6565,3,2020-11-19,prep_waste,0.29,38.61,routine
6566,3,2020-11-19,unsold_cooked,0.18,26.78,routine
6567,3,2020-11-19,spoilage,0.06,6.62,routine
6568,3,2020-11-19,returned_order,0.02,2.85,routine
6569,1,2020-11-20,prep_waste,0.3,34.1,routine
6570,1,2020-11-20,unsold_cooked,0.2,20.51,routine
6571,1,2020-11-20,spoilage,0.04,4.63,routine
6572,1,2020-11-20,returned_order,0.02,2.12,routine
6573,2,2020-11-20,prep_waste,0.24,35.13,routine
6574,2,2020-11-20,unsold_cooked,0.21,24.53,routine
6575,2,2020-11-20,spoilage,0.06,7.67,routine
6576,2,2020-11-20,returned_order,0.02,2.96,routine
6577,3,2020-11-20,prep_waste,0.25,28.45,routine
6578,3,2020-11-20,unsold_cooked,0.16,22.48,routine
6579,3,2020-11-20,spoilage,0.06,7.03,routine
6580,3,2020-11-20,returned_order,0.02,2.92,routine
6581,1,2020-11-21,prep_waste,0.24,33.28,routine
6582,1,2020-11-21,unsold_cooked,0.12,15.29,routine
6583,1,2020-11-21,spoilage,0.07,8.65,routine
6584,1,2020-11-21,returned_order,0.52,57.74,routine
6585,2,2020-11-21,prep_waste,0.45,55.67,routine
6586,2,2020-11-21,unsold_cooked,0.16,19.64,routine
6587,2,2020-11-21,spoilage,0.07,10.86,routine
6588,2,2020-11-21,returned_order,0.86,123.25,routine
6589,3,2020-11-21,prep_waste,0.3,44.83,routine
6590,3,2020-11-21,unsold_cooked,0.17,24.26,routine
6591,3,2020-11-21,spoilage,0.05,6.92,routine
6592,3,2020-11-21,returned_order,0.02,2.13,routine
6593,1,2020-11-22,prep_waste,0.38,48.94,routine
6594,1,2020-11-22,unsold_cooked,0.17,18.95,routine
6595,1,2020-11-22,spoilage,0.04,5.14,routine
6596,1,2020-11-22,returned_order,0.86,106.11,routine
6597,2,2020-11-22,prep_waste,0.18,21.91,routine
6598,2,2020-11-22,unsold_cooked,0.23,35.72,routine
6599,2,2020-11-22,spoilage,0.06,9.61,routine
6600,2,2020-11-22,returned_order,0.02,3.05,routine
6601,3,2020-11-22,prep_waste,0.43,46.49,routine
6602,3,2020-11-22,unsold_cooked,0.22,27.29,routine
6603,3,2020-11-22,spoilage,0.05,5.66,routine
6604,3,2020-11-22,returned_order,0.02,2.27,routine
6605,1,2020-11-23,prep_waste,0.33,37.65,routine
6606,1,2020-11-23,unsold_cooked,0.2,28.83,routine
6607,1,2020-11-23,spoilage,0.04,4.54,routine
6608,1,2020-11-23,returned_order,0.02,2.6,routine
6609,2,2020-11-23,prep_waste,0.36,50.25,routine
6610,2,2020-11-23,unsold_cooked,0.18,23.46,routine
6611,2,2020-11-23,spoilage,0.07,8.33,routine
6612,2,2020-11-23,returned_order,0.02,2.47,routine
6613,3,2020-11-23,prep_waste,0.19,20.27,routine
6614,3,2020-11-23,unsold_cooked,0.13,17.86,routine
6615,3,2020-11-23,spoilage,0.08,10.08,routine
6616,3,2020-11-23,returned_order,0.02,3.0,routine
6617,1,2020-11-24,prep_waste,0.42,56.96,routine
6618,1,2020-11-24,unsold_cooked,0.23,29.01,routine
6619,1,2020-11-24,spoilage,0.05,7.03,routine
6620,1,2020-11-24,returned_order,0.9,102.85,routine
6621,2,2020-11-24,prep_waste,0.35,47.66,routine
6622,2,2020-11-24,unsold_cooked,0.17,18.23,routine
6623,2,2020-11-24,spoilage,0.08,10.87,routine
6624,2,2020-11-24,returned_order,0.02,2.31,routine
6625,3,2020-11-24,prep_waste,0.3,32.21,routine
6626,3,2020-11-24,unsold_cooked,0.21,30.5,routine
6627,3,2020-11-24,spoilage,0.07,10.73,routine
6628,3,2020-11-24,returned_order,0.02,2.65,routine
6629,1,2020-11-25,prep_waste,0.28,39.65,routine
6630,1,2020-11-25,unsold_cooked,0.11,15.94,routine
6631,1,2020-11-25,spoilage,0.07,8.49,routine
6632,1,2020-11-25,returned_order,0.02,2.3,routine
6633,2,2020-11-25,prep_waste,0.44,49.61,routine
6634,2,2020-11-25,unsold_cooked,0.12,12.97,routine
6635,2,2020-11-25,spoilage,0.07,10.4,routine
6636,2,2020-11-25,returned_order,0.02,2.61,routine
6637,3,2020-11-25,prep_waste,0.38,51.13,routine
6638,3,2020-11-25,unsold_cooked,0.23,30.49,routine
6639,3,2020-11-25,spoilage,0.05,6.2,routine
6640,3,2020-11-25,returned_order,0.02,2.93,routine
6641,1,2020-11-26,prep_waste,0.38,41.2,routine
6642,1,2020-11-26,unsold_cooked,0.25,29.71,routine
6643,1,2020-11-26,spoilage,0.05,6.81,routine
6644,1,2020-11-26,returned_order,0.87,122.98,routine
6645,2,2020-11-26,prep_waste,0.44,50.54,routine
6646,2,2020-11-26,unsold_cooked,0.18,23.14,routine
6647,2,2020-11-26,spoilage,0.04,4.62,routine
6648,2,2020-11-26,returned_order,0.02,2.49,routine
6649,3,2020-11-26,prep_waste,0.26,31.15,routine
6650,3,2020-11-26,unsold_cooked,0.24,33.04,routine
6651,3,2020-11-26,spoilage,0.04,4.52,routine
6652,3,2020-11-26,returned_order,0.02,2.28,routine
6653,1,2020-11-27,prep_waste,0.44,57.46,routine
6654,1,2020-11-27,unsold_cooked,0.15,20.67,routine
6655,1,2020-11-27,spoilage,0.04,4.88,routine
6656,1,2020-11-27,returned_order,0.61,78.46,routine
6657,2,2020-11-27,prep_waste,0.37,55.63,routine
6658,2,2020-11-27,unsold_cooked,0.19,21.81,routine
6659,2,2020-11-27,spoilage,0.06,8.09,routine
6660,2,2020-11-27,returned_order,0.02,2.83,routine
6661,3,2020-11-27,prep_waste,0.43,60.48,routine
6662,3,2020-11-27,unsold_cooked,0.2,27.16,routine
6663,3,2020-11-27,spoilage,0.06,7.33,routine
6664,3,2020-11-27,returned_order,0.02,2.3,routine
6665,1,2020-11-28,prep_waste,0.33,50.67,routine
6666,1,2020-11-28,unsold_cooked,0.16,24.06,routine
6667,1,2020-11-28,spoilage,0.06,6.32,routine
6668,1,2020-11-28,returned_order,1.6,181.69,routine
6669,2,2020-11-28,prep_waste,0.44,64.61,routine
6670,2,2020-11-28,unsold_cooked,0.13,16.38,routine
6671,2,2020-11-28,spoilage,0.04,5.91,routine
6672,2,2020-11-28,returned_order,0.78,88.56,routine
6673,3,2020-11-28,prep_waste,0.41,58.55,routine
6674,3,2020-11-28,unsold_cooked,0.1,13.12,routine
6675,3,2020-11-28,spoilage,0.03,5.02,routine
6676,3,2020-11-28,returned_order,0.02,2.15,routine
6677,1,2020-11-29,prep_waste,0.19,20.55,routine
6678,1,2020-11-29,unsold_cooked,0.21,31.54,routine
6679,1,2020-11-29,spoilage,0.04,4.61,routine
6680,1,2020-11-29,returned_order,1.13,147.59,routine
6681,2,2020-11-29,prep_waste,0.4,53.93,routine
6682,2,2020-11-29,unsold_cooked,0.24,31.69,routine
6683,2,2020-11-29,spoilage,0.07,10.57,routine
6684,2,2020-11-29,returned_order,0.57,74.41,routine
6685,3,2020-11-29,prep_waste,0.38,43.41,routine
6686,3,2020-11-29,unsold_cooked,0.23,24.4,routine
6687,3,2020-11-29,spoilage,0.04,5.97,routine
6688,3,2020-11-29,returned_order,0.02,2.28,routine
6689,1,2020-11-30,prep_waste,0.34,42.71,routine
6690,1,2020-11-30,unsold_cooked,0.15,17.55,routine
6691,1,2020-11-30,spoilage,0.04,4.01,routine
6692,1,2020-11-30,returned_order,0.02,3.09,routine
6693,2,2020-11-30,prep_waste,0.44,47.53,routine
6694,2,2020-11-30,unsold_cooked,0.1,13.41,routine
6695,2,2020-11-30,spoilage,0.06,6.76,routine
6696,2,2020-11-30,returned_order,0.02,2.44,routine
6697,3,2020-11-30,prep_waste,0.33,45.41,routine
6698,3,2020-11-30,unsold_cooked,0.11,12.43,routine
6699,3,2020-11-30,spoilage,0.06,8.87,routine
6700,3,2020-11-30,returned_order,0.02,2.45,routine
6701,1,2020-12-01,prep_waste,0.39,46.86,routine
6702,1,2020-12-01,unsold_cooked,0.14,18.8,routine
6703,1,2020-12-01,spoilage,0.06,8.15,routine
6704,1,2020-12-01,returned_order,0.02,2.36,routine
6705,2,2020-12-01,prep_waste,0.28,41.37,routine
6706,2,2020-12-01,unsold_cooked,0.24,32.3,routine
6707,2,2020-12-01,spoilage,0.06,6.9,routine
6708,2,2020-12-01,returned_order,0.02,2.68,routine
6709,3,2020-12-01,prep_waste,0.33,37.77,routine
6710,3,2020-12-01,unsold_cooked,0.19,19.75,routine
6711,3,2020-12-01,spoilage,0.07,10.55,routine
6712,3,2020-12-01,returned_order,0.02,2.22,routine
6713,1,2020-12-02,prep_waste,0.22,32.11,routine
6714,1,2020-12-02,unsold_cooked,0.2,24.64,routine
6715,1,2020-12-02,spoilage,0.03,4.35,routine
6716,1,2020-12-02,returned_order,0.02,3.05,routine
6717,2,2020-12-02,prep_waste,0.37,55.03,routine
6718,2,2020-12-02,unsold_cooked,0.19,22.74,routine
6719,2,2020-12-02,spoilage,0.03,4.13,routine
6720,2,2020-12-02,returned_order,0.02,2.89,routine
6721,3,2020-12-02,prep_waste,0.22,31.07,routine
6722,3,2020-12-02,unsold_cooked,0.14,16.98,routine
6723,3,2020-12-02,spoilage,0.04,5.61,routine
6724,3,2020-12-02,returned_order,0.74,84.38,routine
6725,1,2020-12-03,prep_waste,0.21,28.46,routine
6726,1,2020-12-03,unsold_cooked,0.14,20.14,routine
6727,1,2020-12-03,spoilage,0.04,4.23,routine
6728,1,2020-12-03,returned_order,0.02,2.86,routine
6729,2,2020-12-03,prep_waste,0.38,57.77,routine
6730,2,2020-12-03,unsold_cooked,0.23,29.15,routine
6731,2,2020-12-03,spoilage,0.05,6.24,routine
6732,2,2020-12-03,returned_order,0.02,2.8,routine
6733,3,2020-12-03,prep_waste,0.38,42.69,routine
6734,3,2020-12-03,unsold_cooked,0.2,21.7,routine
6735,3,2020-12-03,spoilage,0.04,4.4,routine
6736,3,2020-12-03,returned_order,0.02,2.55,routine
6737,1,2020-12-04,prep_waste,0.43,65.88,routine
6738,1,2020-12-04,unsold_cooked,0.2,23.86,routine
6739,1,2020-12-04,spoilage,0.08,11.56,routine
6740,1,2020-12-04,returned_order,0.02,2.35,routine
6741,2,2020-12-04,prep_waste,0.42,64.08,routine
6742,2,2020-12-04,unsold_cooked,0.1,11.73,routine
6743,2,2020-12-04,spoilage,0.04,4.53,routine
6744,2,2020-12-04,returned_order,0.57,62.68,routine
6745,3,2020-12-04,prep_waste,0.36,44.29,routine
6746,3,2020-12-04,unsold_cooked,0.1,10.66,routine
6747,3,2020-12-04,spoilage,0.03,4.43,routine
6748,3,2020-12-04,returned_order,0.02,2.61,routine
6749,1,2020-12-05,prep_waste,0.44,65.53,routine
6750,1,2020-12-05,unsold_cooked,0.2,31.35,routine
6751,1,2020-12-05,spoilage,0.05,5.77,routine
6752,1,2020-12-05,returned_order,0.52,79.53,routine
6753,2,2020-12-05,prep_waste,0.44,51.54,routine
6754,2,2020-12-05,unsold_cooked,0.16,17.08,routine
6755,2,2020-12-05,spoilage,0.06,6.55,routine
6756,2,2020-12-05,returned_order,0.02,2.49,routine
6757,3,2020-12-05,prep_waste,0.37,47.65,routine
6758,3,2020-12-05,unsold_cooked,0.13,19.91,routine
6759,3,2020-12-05,spoilage,0.06,7.6,routine
6760,3,2020-12-05,returned_order,0.02,2.45,routine
6761,1,2020-12-06,prep_waste,0.26,37.44,routine
6762,1,2020-12-06,unsold_cooked,0.17,23.23,routine
6763,1,2020-12-06,spoilage,0.08,9.27,routine
6764,1,2020-12-06,returned_order,0.63,95.11,routine
6765,2,2020-12-06,prep_waste,0.43,62.04,routine
6766,2,2020-12-06,unsold_cooked,0.17,23.52,routine
6767,2,2020-12-06,spoilage,0.05,5.16,routine
6768,2,2020-12-06,returned_order,0.02,2.18,routine
6769,3,2020-12-06,prep_waste,0.29,36.74,routine
6770,3,2020-12-06,unsold_cooked,0.22,26.07,routine
6771,3,2020-12-06,spoilage,0.04,5.7,routine
6772,3,2020-12-06,returned_order,0.02,2.46,routine
6773,1,2020-12-07,prep_waste,0.39,50.02,routine
6774,1,2020-12-07,unsold_cooked,0.22,24.12,routine
6775,1,2020-12-07,spoilage,0.04,4.91,routine
6776,1,2020-12-07,returned_order,0.02,3.01,routine
6777,2,2020-12-07,prep_waste,0.41,55.15,routine
6778,2,2020-12-07,unsold_cooked,0.19,28.92,routine
6779,2,2020-12-07,spoilage,0.07,9.4,routine
6780,2,2020-12-07,returned_order,0.02,2.77,routine
6781,3,2020-12-07,prep_waste,0.19,23.13,routine
6782,3,2020-12-07,unsold_cooked,0.11,17.39,routine
6783,3,2020-12-07,spoilage,0.07,9.97,routine
6784,3,2020-12-07,returned_order,0.02,2.83,routine
6785,1,2020-12-08,prep_waste,0.42,59.59,routine
6786,1,2020-12-08,unsold_cooked,0.13,18.28,routine
6787,1,2020-12-08,spoilage,0.06,6.99,routine
6788,1,2020-12-08,returned_order,0.02,2.85,routine
6789,2,2020-12-08,prep_waste,0.22,25.03,routine
6790,2,2020-12-08,unsold_cooked,0.18,18.98,routine
6791,2,2020-12-08,spoilage,0.05,7.81,routine
6792,2,2020-12-08,returned_order,0.02,2.27,routine
6793,3,2020-12-08,prep_waste,0.34,40.15,routine
6794,3,2020-12-08,unsold_cooked,0.16,23.48,routine
6795,3,2020-12-08,spoilage,0.08,9.52,routine
6796,3,2020-12-08,returned_order,0.02,2.75,routine
6797,1,2020-12-09,prep_waste,0.38,44.22,routine
6798,1,2020-12-09,unsold_cooked,0.13,13.72,routine
6799,1,2020-12-09,spoilage,0.08,9.61,routine
6800,1,2020-12-09,returned_order,0.02,2.2,routine
6801,2,2020-12-09,prep_waste,0.32,44.4,routine
6802,2,2020-12-09,unsold_cooked,0.11,14.46,routine
6803,2,2020-12-09,spoilage,0.07,9.23,routine
6804,2,2020-12-09,returned_order,0.02,2.22,routine
6805,3,2020-12-09,prep_waste,0.25,34.42,routine
6806,3,2020-12-09,unsold_cooked,0.18,21.85,routine
6807,3,2020-12-09,spoilage,0.06,8.44,routine
6808,3,2020-12-09,returned_order,0.02,2.22,routine
6809,1,2020-12-10,prep_waste,0.19,28.57,routine
6810,1,2020-12-10,unsold_cooked,0.18,26.49,routine
6811,1,2020-12-10,spoilage,0.05,5.38,routine
6812,1,2020-12-10,returned_order,0.02,2.34,routine
6813,2,2020-12-10,prep_waste,0.2,22.52,routine
6814,2,2020-12-10,unsold_cooked,0.15,21.09,routine
6815,2,2020-12-10,spoilage,0.07,8.62,routine
6816,2,2020-12-10,returned_order,0.02,2.28,routine
6817,3,2020-12-10,prep_waste,0.23,25.27,routine
6818,3,2020-12-10,unsold_cooked,0.11,16.46,routine
6819,3,2020-12-10,spoilage,0.05,6.44,routine
6820,3,2020-12-10,returned_order,0.02,2.85,routine
6821,1,2020-12-11,prep_waste,0.37,45.46,routine
6822,1,2020-12-11,unsold_cooked,0.11,15.91,routine
6823,1,2020-12-11,spoilage,0.08,9.65,routine
6824,1,2020-12-11,returned_order,0.02,2.92,routine
6825,2,2020-12-11,prep_waste,0.34,40.41,routine
6826,2,2020-12-11,unsold_cooked,0.14,18.69,routine
6827,2,2020-12-11,spoilage,0.04,3.95,routine
6828,2,2020-12-11,returned_order,0.02,2.25,routine
6829,3,2020-12-11,prep_waste,0.25,31.52,routine
6830,3,2020-12-11,unsold_cooked,0.24,33.25,routine
6831,3,2020-12-11,spoilage,0.07,11.39,routine
6832,3,2020-12-11,returned_order,0.02,2.88,routine
6833,1,2020-12-12,prep_waste,0.38,43.65,routine
6834,1,2020-12-12,unsold_cooked,0.24,37.23,routine
6835,1,2020-12-12,spoilage,0.08,8.46,routine
6836,1,2020-12-12,returned_order,0.02,2.99,routine
6837,2,2020-12-12,prep_waste,0.18,26.44,routine
6838,2,2020-12-12,unsold_cooked,0.1,13.15,routine
6839,2,2020-12-12,spoilage,0.05,6.58,routine
6840,2,2020-12-12,returned_order,0.02,2.33,routine
6841,3,2020-12-12,prep_waste,0.18,25.3,routine
6842,3,2020-12-12,unsold_cooked,0.11,15.4,routine
6843,3,2020-12-12,spoilage,0.04,4.54,routine
6844,3,2020-12-12,returned_order,0.52,72.81,routine
6845,1,2020-12-13,prep_waste,0.22,31.51,routine
6846,1,2020-12-13,unsold_cooked,0.12,17.46,routine
6847,1,2020-12-13,spoilage,0.07,7.63,routine
6848,1,2020-12-13,returned_order,2.46,279.94,routine
6849,2,2020-12-13,prep_waste,0.43,52.4,routine
6850,2,2020-12-13,unsold_cooked,0.21,31.16,routine
6851,2,2020-12-13,spoilage,0.07,9.54,routine
6852,2,2020-12-13,returned_order,0.02,3.05,routine
6853,3,2020-12-13,prep_waste,0.32,47.03,routine
6854,3,2020-12-13,unsold_cooked,0.11,14.65,routine
6855,3,2020-12-13,spoilage,0.05,6.86,routine
6856,3,2020-12-13,returned_order,0.02,2.64,routine
6857,1,2020-12-14,prep_waste,0.19,25.72,routine
6858,1,2020-12-14,unsold_cooked,0.13,14.15,routine
6859,1,2020-12-14,spoilage,0.07,9.62,routine
6860,1,2020-12-14,returned_order,0.02,2.53,routine
6861,2,2020-12-14,prep_waste,0.22,26.87,routine
6862,2,2020-12-14,unsold_cooked,0.13,19.15,routine
6863,2,2020-12-14,spoilage,0.05,7.67,routine
6864,2,2020-12-14,returned_order,0.02,2.61,routine
6865,3,2020-12-14,prep_waste,0.26,36.07,routine
6866,3,2020-12-14,unsold_cooked,0.15,19.42,routine
6867,3,2020-12-14,spoilage,0.06,7.04,routine
6868,3,2020-12-14,returned_order,0.02,2.94,routine
6869,1,2020-12-15,prep_waste,0.25,26.95,routine
6870,1,2020-12-15,unsold_cooked,0.21,29.32,routine
6871,1,2020-12-15,spoilage,0.07,9.88,routine
6872,1,2020-12-15,returned_order,0.02,2.3,routine
6873,2,2020-12-15,prep_waste,0.28,42.96,routine
6874,2,2020-12-15,unsold_cooked,0.15,22.99,routine
6875,2,2020-12-15,spoilage,0.05,7.76,routine
6876,2,2020-12-15,returned_order,0.02,2.83,routine
6877,3,2020-12-15,prep_waste,0.3,38.9,routine
6878,3,2020-12-15,unsold_cooked,0.23,32.61,routine
6879,3,2020-12-15,spoilage,0.04,4.39,routine
6880,3,2020-12-15,returned_order,0.02,2.46,routine
6881,1,2020-12-16,prep_waste,0.24,34.78,routine
6882,1,2020-12-16,unsold_cooked,0.2,21.22,routine
6883,1,2020-12-16,spoilage,0.06,7.03,routine
6884,1,2020-12-16,returned_order,0.02,2.81,routine
6885,2,2020-12-16,prep_waste,0.27,36.86,routine
6886,2,2020-12-16,unsold_cooked,0.18,25.23,routine
6887,2,2020-12-16,spoilage,0.04,5.52,routine
6888,2,2020-12-16,returned_order,0.02,2.29,routine
6889,3,2020-12-16,prep_waste,0.38,42.37,routine
6890,3,2020-12-16,unsold_cooked,0.12,18.44,routine
6891,3,2020-12-16,spoilage,0.07,8.87,routine
6892,3,2020-12-16,returned_order,0.9,126.28,routine
6893,1,2020-12-17,prep_waste,0.32,46.51,routine
6894,1,2020-12-17,unsold_cooked,0.18,20.38,routine
6895,1,2020-12-17,spoilage,0.03,5.04,routine
6896,1,2020-12-17,returned_order,0.02,2.82,routine
6897,2,2020-12-17,prep_waste,0.31,47.01,routine
6898,2,2020-12-17,unsold_cooked,0.23,25.49,routine
6899,2,2020-12-17,spoilage,0.05,7.6,routine
6900,2,2020-12-17,returned_order,0.59,87.65,routine
6901,3,2020-12-17,prep_waste,0.28,33.51,routine
6902,3,2020-12-17,unsold_cooked,0.22,27.42,routine
6903,3,2020-12-17,spoilage,0.07,7.73,routine
6904,3,2020-12-17,returned_order,0.02,2.6,routine
6905,1,2020-12-18,prep_waste,0.2,21.51,routine
6906,1,2020-12-18,unsold_cooked,0.17,21.87,routine
6907,1,2020-12-18,spoilage,0.08,10.62,routine
6908,1,2020-12-18,returned_order,0.02,2.16,routine
6909,2,2020-12-18,prep_waste,0.24,37.09,routine
6910,2,2020-12-18,unsold_cooked,0.19,21.93,routine
6911,2,2020-12-18,spoilage,0.06,8.94,routine
6912,2,2020-12-18,returned_order,0.02,2.66,routine
6913,3,2020-12-18,prep_waste,0.33,48.24,routine
6914,3,2020-12-18,unsold_cooked,0.11,14.74,routine
6915,3,2020-12-18,spoilage,0.08,8.37,routine
6916,3,2020-12-18,returned_order,0.02,2.5,routine
6917,1,2020-12-19,prep_waste,0.23,25.94,routine
6918,1,2020-12-19,unsold_cooked,0.1,14.39,routine
6919,1,2020-12-19,spoilage,0.06,9.05,routine
6920,1,2020-12-19,returned_order,0.02,3.05,routine
6921,2,2020-12-19,prep_waste,0.38,46.13,routine
6922,2,2020-12-19,unsold_cooked,0.21,31.63,routine
6923,2,2020-12-19,spoilage,0.04,5.94,routine
6924,2,2020-12-19,returned_order,0.83,93.58,routine
6925,3,2020-12-19,prep_waste,0.36,50.9,routine
6926,3,2020-12-19,unsold_cooked,0.21,26.4,routine
6927,3,2020-12-19,spoilage,0.04,5.3,routine
6928,3,2020-12-19,returned_order,0.77,87.29,routine
6929,1,2020-12-20,prep_waste,0.4,42.98,routine
6930,1,2020-12-20,unsold_cooked,0.24,28.62,routine
6931,1,2020-12-20,spoilage,0.04,6.07,routine
6932,1,2020-12-20,returned_order,1.47,178.43,routine
6933,2,2020-12-20,prep_waste,0.32,42.55,routine
6934,2,2020-12-20,unsold_cooked,0.23,33.87,routine
6935,2,2020-12-20,spoilage,0.04,6.18,routine
6936,2,2020-12-20,returned_order,0.02,2.85,routine
6937,3,2020-12-20,prep_waste,0.45,52.78,routine
6938,3,2020-12-20,unsold_cooked,0.18,24.48,routine
6939,3,2020-12-20,spoilage,0.05,5.65,routine
6940,3,2020-12-20,returned_order,0.02,2.45,routine
6941,1,2020-12-21,prep_waste,0.19,28.82,routine
6942,1,2020-12-21,unsold_cooked,0.11,11.37,routine
6943,1,2020-12-21,spoilage,0.04,6.14,routine
6944,1,2020-12-21,returned_order,0.02,2.34,routine
6945,2,2020-12-21,prep_waste,0.4,50.62,routine
6946,2,2020-12-21,unsold_cooked,0.24,31.51,routine
6947,2,2020-12-21,spoilage,0.08,8.05,routine
6948,2,2020-12-21,returned_order,0.02,2.24,routine
6949,3,2020-12-21,prep_waste,0.32,39.67,routine
6950,3,2020-12-21,unsold_cooked,0.19,19.92,routine
6951,3,2020-12-21,spoilage,0.07,8.71,routine
6952,3,2020-12-21,returned_order,0.02,3.05,routine
6953,1,2020-12-22,prep_waste,0.44,55.79,routine
6954,1,2020-12-22,unsold_cooked,0.14,19.26,routine
6955,1,2020-12-22,spoilage,0.05,6.13,routine
6956,1,2020-12-22,returned_order,0.74,93.06,routine
6957,2,2020-12-22,prep_waste,0.36,49.27,routine
6958,2,2020-12-22,unsold_cooked,0.22,33.8,routine
6959,2,2020-12-22,spoilage,0.08,10.18,routine
6960,2,2020-12-22,returned_order,0.54,78.4,routine
6961,3,2020-12-22,prep_waste,0.35,45.78,routine
6962,3,2020-12-22,unsold_cooked,0.17,19.4,routine
6963,3,2020-12-22,spoilage,0.07,9.82,routine
6964,3,2020-12-22,returned_order,0.02,2.66,routine
6965,1,2020-12-23,prep_waste,0.35,49.29,routine
6966,1,2020-12-23,unsold_cooked,0.2,29.22,routine
6967,1,2020-12-23,spoilage,0.05,5.72,routine
6968,1,2020-12-23,returned_order,0.55,73.31,routine
6969,2,2020-12-23,prep_waste,0.22,25.97,routine
6970,2,2020-12-23,unsold_cooked,0.18,21.4,routine
6971,2,2020-12-23,spoilage,0.07,8.1,routine
6972,2,2020-12-23,returned_order,0.02,2.21,routine
6973,3,2020-12-23,prep_waste,0.21,24.84,routine
6974,3,2020-12-23,unsold_cooked,0.15,16.53,routine
6975,3,2020-12-23,spoilage,0.05,8.26,routine
6976,3,2020-12-23,returned_order,0.65,88.29,routine
6977,1,2020-12-24,prep_waste,0.29,38.94,routine
6978,1,2020-12-24,unsold_cooked,0.1,13.6,routine
6979,1,2020-12-24,spoilage,0.08,11.02,routine
6980,1,2020-12-24,returned_order,0.55,71.82,routine
6981,2,2020-12-24,prep_waste,0.21,22.53,routine
6982,2,2020-12-24,unsold_cooked,0.22,27.23,routine
6983,2,2020-12-24,spoilage,0.04,5.08,routine
6984,2,2020-12-24,returned_order,0.02,3.0,routine
6985,3,2020-12-24,prep_waste,0.41,57.0,routine
6986,3,2020-12-24,unsold_cooked,0.16,21.12,routine
6987,3,2020-12-24,spoilage,0.04,6.04,routine
6988,3,2020-12-24,returned_order,0.02,2.62,routine
6989,1,2020-12-25,prep_waste,0.35,46.52,routine
6990,1,2020-12-25,unsold_cooked,0.17,21.34,routine
6991,1,2020-12-25,spoilage,0.04,5.84,routine
6992,1,2020-12-25,returned_order,0.02,2.3,routine
6993,2,2020-12-25,prep_waste,0.21,27.53,routine
6994,2,2020-12-25,unsold_cooked,0.14,19.25,routine
6995,2,2020-12-25,spoilage,0.07,9.26,routine
6996,2,2020-12-25,returned_order,0.02,2.17,routine
6997,3,2020-12-25,prep_waste,0.32,35.74,routine
6998,3,2020-12-25,unsold_cooked,0.23,26.02,routine
6999,3,2020-12-25,spoilage,0.04,6.63,routine
7000,3,2020-12-25,returned_order,0.02,3.06,routine
7001,1,2020-12-26,prep_waste,0.25,27.36,routine
7002,1,2020-12-26,unsold_cooked,0.16,17.37,routine
7003,1,2020-12-26,spoilage,0.06,7.13,routine
7004,1,2020-12-26,returned_order,0.79,90.5,routine
7005,2,2020-12-26,prep_waste,0.22,33.35,routine
7006,2,2020-12-26,unsold_cooked,0.15,17.23,routine
7007,2,2020-12-26,spoilage,0.07,9.5,routine
7008,2,2020-12-26,returned_order,0.02,2.85,routine
7009,3,2020-12-26,prep_waste,0.37,50.89,routine
7010,3,2020-12-26,unsold_cooked,0.19,28.63,routine
7011,3,2020-12-26,spoilage,0.04,6.11,routine
7012,3,2020-12-26,returned_order,0.02,3.03,routine
7013,1,2020-12-27,prep_waste,0.27,38.34,routine
7014,1,2020-12-27,unsold_cooked,0.21,31.64,routine
7015,1,2020-12-27,spoilage,0.07,8.11,routine
7016,1,2020-12-27,returned_order,0.02,3.05,routine
7017,2,2020-12-27,prep_waste,0.44,68.53,routine
7018,2,2020-12-27,unsold_cooked,0.21,30.22,routine
7019,2,2020-12-27,spoilage,0.04,4.44,routine
7020,2,2020-12-27,returned_order,0.02,2.94,routine
7021,3,2020-12-27,prep_waste,0.34,41.38,routine
7022,3,2020-12-27,unsold_cooked,0.21,25.14,routine
7023,3,2020-12-27,spoilage,0.07,10.54,routine
7024,3,2020-12-27,returned_order,0.02,2.75,routine
7025,1,2020-12-28,prep_waste,0.33,45.81,routine
7026,1,2020-12-28,unsold_cooked,0.11,13.35,routine
7027,1,2020-12-28,spoilage,0.05,6.7,routine
7028,1,2020-12-28,returned_order,0.02,2.39,routine
7029,2,2020-12-28,prep_waste,0.33,49.37,routine
7030,2,2020-12-28,unsold_cooked,0.16,23.7,routine
7031,2,2020-12-28,spoilage,0.08,11.71,routine
7032,2,2020-12-28,returned_order,0.02,2.7,routine
7033,3,2020-12-28,prep_waste,0.31,32.79,routine
7034,3,2020-12-28,unsold_cooked,0.22,25.67,routine
7035,3,2020-12-28,spoilage,0.07,8.7,routine
7036,3,2020-12-28,returned_order,0.61,81.73,routine
7037,1,2020-12-29,prep_waste,0.42,53.34,routine
7038,1,2020-12-29,unsold_cooked,0.17,23.83,routine
7039,1,2020-12-29,spoilage,0.07,8.68,routine
7040,1,2020-12-29,returned_order,0.02,2.99,routine
7041,2,2020-12-29,prep_waste,0.37,42.45,routine
7042,2,2020-12-29,unsold_cooked,0.24,36.51,routine
7043,2,2020-12-29,spoilage,0.07,7.49,routine
7044,2,2020-12-29,returned_order,0.02,2.97,routine
7045,3,2020-12-29,prep_waste,0.32,38.43,routine
7046,3,2020-12-29,unsold_cooked,0.13,18.0,routine
7047,3,2020-12-29,spoilage,0.05,7.86,routine
7048,3,2020-12-29,returned_order,0.02,2.83,routine
7049,1,2020-12-30,prep_waste,0.35,45.81,routine
7050,1,2020-12-30,unsold_cooked,0.2,26.01,routine
7051,1,2020-12-30,spoilage,0.04,4.84,routine
7052,1,2020-12-30,returned_order,0.02,2.63,routine
7053,2,2020-12-30,prep_waste,0.45,60.39,routine
7054,2,2020-12-30,unsold_cooked,0.21,29.07,routine
7055,2,2020-12-30,spoilage,0.07,7.68,routine
7056,2,2020-12-30,returned_order,1.21,145.77,routine
7057,3,2020-12-30,prep_waste,0.42,65.33,routine
7058,3,2020-12-30,unsold_cooked,0.16,18.84,routine
7059,3,2020-12-30,spoilage,0.05,6.24,routine
7060,3,2020-12-30,returned_order,0.02,2.81,routine
7061,1,2020-12-31,prep_waste,0.29,44.21,routine
7062,1,2020-12-31,unsold_cooked,0.14,18.26,routine
7063,1,2020-12-31,spoilage,0.04,5.17,routine
7064,1,2020-12-31,returned_order,0.02,2.36,routine
7065,2,2020-12-31,prep_waste,0.26,33.11,routine
7066,2,2020-12-31,unsold_cooked,0.14,15.17,routine
7067,2,2020-12-31,spoilage,0.06,9.6,routine
7068,2,2020-12-31,returned_order,0.02,2.96,routine
7069,3,2020-12-31,prep_waste,0.43,55.09,routine
7070,3,2020-12-31,unsold_cooked,0.21,24.02,routine
7071,3,2020-12-31,spoilage,0.05,5.8,routine
7072,3,2020-12-31,returned_order,0.02,2.32,routine
7073,1,2021-01-01,prep_waste,0.37,41.5,routine
7074,1,2021-01-01,unsold_cooked,0.15,20.83,routine
7075,1,2021-01-01,spoilage,0.04,4.22,routine
7076,1,2021-01-01,returned_order,0.02,2.66,routine
7077,2,2021-01-01,prep_waste,0.23,30.76,routine
7078,2,2021-01-01,unsold_cooked,0.17,21.46,routine
7079,2,2021-01-01,spoilage,0.07,9.59,routine
7080,2,2021-01-01,returned_order,0.5,60.47,routine
7081,3,2021-01-01,prep_waste,0.26,35.24,routine
7082,3,2021-01-01,unsold_cooked,0.24,36.53,routine
7083,3,2021-01-01,spoilage,0.04,4.21,routine
7084,3,2021-01-01,returned_order,0.02,2.19,routine
7085,1,2021-01-02,prep_waste,0.2,22.25,routine
7086,1,2021-01-02,unsold_cooked,0.14,16.42,routine
7087,1,2021-01-02,spoilage,0.05,5.77,routine
7088,1,2021-01-02,returned_order,0.02,2.52,routine
7089,2,2021-01-02,prep_waste,0.22,24.73,routine
7090,2,2021-01-02,unsold_cooked,0.19,20.29,routine
7091,2,2021-01-02,spoilage,0.05,6.51,routine
7092,2,2021-01-02,returned_order,0.02,2.66,routine
7093,3,2021-01-02,prep_waste,0.43,48.56,routine
7094,3,2021-01-02,unsold_cooked,0.14,16.17,routine
7095,3,2021-01-02,spoilage,0.04,6.22,routine
7096,3,2021-01-02,returned_order,0.69,86.64,routine
7097,1,2021-01-03,prep_waste,0.44,58.34,routine
7098,1,2021-01-03,unsold_cooked,0.24,27.53,routine
7099,1,2021-01-03,spoilage,0.06,7.85,routine
7100,1,2021-01-03,returned_order,0.02,2.43,routine
7101,2,2021-01-03,prep_waste,0.27,30.77,routine
7102,2,2021-01-03,unsold_cooked,0.18,20.98,routine
7103,2,2021-01-03,spoilage,0.04,6.05,routine
7104,2,2021-01-03,returned_order,0.55,84.77,routine
7105,3,2021-01-03,prep_waste,0.41,52.32,routine
7106,3,2021-01-03,unsold_cooked,0.16,20.81,routine
7107,3,2021-01-03,spoilage,0.07,10.4,routine
7108,3,2021-01-03,returned_order,0.71,98.15,routine
7109,1,2021-01-04,prep_waste,0.39,44.09,routine
7110,1,2021-01-04,unsold_cooked,0.12,14.22,routine
7111,1,2021-01-04,spoilage,0.05,6.87,routine
7112,1,2021-01-04,returned_order,0.02,3.09,routine
7113,2,2021-01-04,prep_waste,0.25,34.29,routine
7114,2,2021-01-04,unsold_cooked,0.12,17.36,routine
7115,2,2021-01-04,spoilage,0.08,12.01,routine
7116,2,2021-01-04,returned_order,0.53,63.47,routine
7117,3,2021-01-04,prep_waste,0.2,30.22,routine
7118,3,2021-01-04,unsold_cooked,0.1,13.61,routine
7119,3,2021-01-04,spoilage,0.07,9.27,routine
7120,3,2021-01-04,returned_order,0.02,2.43,routine
7121,1,2021-01-05,prep_waste,0.18,21.91,routine
7122,1,2021-01-05,unsold_cooked,0.18,20.6,routine
7123,1,2021-01-05,spoilage,0.05,5.59,routine
7124,1,2021-01-05,returned_order,0.02,2.66,routine
7125,2,2021-01-05,prep_waste,0.19,25.55,routine
7126,2,2021-01-05,unsold_cooked,0.1,11.13,routine
7127,2,2021-01-05,spoilage,0.06,9.41,routine
7128,2,2021-01-05,returned_order,0.02,2.76,routine
7129,3,2021-01-05,prep_waste,0.23,31.97,routine
7130,3,2021-01-05,unsold_cooked,0.23,34.45,routine
7131,3,2021-01-05,spoilage,0.05,6.3,routine
7132,3,2021-01-05,returned_order,0.02,2.99,routine
7133,1,2021-01-06,prep_waste,0.43,45.61,routine
7134,1,2021-01-06,unsold_cooked,0.21,24.1,routine
7135,1,2021-01-06,spoilage,0.06,8.65,routine
7136,1,2021-01-06,returned_order,0.02,2.61,routine
7137,2,2021-01-06,prep_waste,0.31,42.85,routine
7138,2,2021-01-06,unsold_cooked,0.23,29.58,routine
7139,2,2021-01-06,spoilage,0.04,5.4,routine
7140,2,2021-01-06,returned_order,0.54,74.75,routine
7141,3,2021-01-06,prep_waste,0.39,52.45,routine
7142,3,2021-01-06,unsold_cooked,0.2,29.98,routine
7143,3,2021-01-06,spoilage,0.06,8.28,routine
7144,3,2021-01-06,returned_order,0.02,2.24,routine
7145,1,2021-01-07,prep_waste,0.21,30.1,routine
7146,1,2021-01-07,unsold_cooked,0.18,20.97,routine
7147,1,2021-01-07,spoilage,0.07,7.99,routine
7148,1,2021-01-07,returned_order,0.59,69.91,routine
7149,2,2021-01-07,prep_waste,0.4,51.27,routine
7150,2,2021-01-07,unsold_cooked,0.21,23.53,routine
7151,2,2021-01-07,spoilage,0.07,10.75,routine
7152,2,2021-01-07,returned_order,0.02,2.27,routine
7153,3,2021-01-07,prep_waste,0.38,51.71,routine
7154,3,2021-01-07,unsold_cooked,0.18,22.35,routine
7155,3,2021-01-07,spoilage,0.08,9.5,routine
7156,3,2021-01-07,returned_order,0.02,2.37,routine
7157,1,2021-01-08,prep_waste,0.28,37.29,routine
7158,1,2021-01-08,unsold_cooked,0.22,31.22,routine
7159,1,2021-01-08,spoilage,0.03,4.16,routine
7160,1,2021-01-08,returned_order,0.02,2.61,routine
7161,2,2021-01-08,prep_waste,0.31,38.36,routine
7162,2,2021-01-08,unsold_cooked,0.21,32.02,routine
7163,2,2021-01-08,spoilage,0.03,5.33,routine
7164,2,2021-01-08,returned_order,0.02,2.15,routine
7165,3,2021-01-08,prep_waste,0.23,34.2,routine
7166,3,2021-01-08,unsold_cooked,0.21,22.55,routine
7167,3,2021-01-08,spoilage,0.07,9.26,routine
7168,3,2021-01-08,returned_order,0.02,3.09,routine
7169,1,2021-01-09,prep_waste,0.18,23.1,routine
7170,1,2021-01-09,unsold_cooked,0.17,17.69,routine
7171,1,2021-01-09,spoilage,0.07,10.23,routine
7172,1,2021-01-09,returned_order,0.83,117.34,routine
7173,2,2021-01-09,prep_waste,0.39,50.2,routine
7174,2,2021-01-09,unsold_cooked,0.25,30.4,routine
7175,2,2021-01-09,spoilage,0.04,5.67,routine
7176,2,2021-01-09,returned_order,0.88,102.75,routine
7177,3,2021-01-09,prep_waste,0.27,29.14,routine
7178,3,2021-01-09,unsold_cooked,0.22,30.88,routine
7179,3,2021-01-09,spoilage,0.06,6.8,routine
7180,3,2021-01-09,returned_order,0.76,101.07,routine
7181,1,2021-01-10,prep_waste,0.33,50.18,routine
7182,1,2021-01-10,unsold_cooked,0.21,29.27,routine
7183,1,2021-01-10,spoilage,0.05,6.9,routine
7184,1,2021-01-10,returned_order,0.82,95.0,routine
7185,2,2021-01-10,prep_waste,0.38,53.08,routine
7186,2,2021-01-10,unsold_cooked,0.23,25.37,routine
7187,2,2021-01-10,spoilage,0.04,5.23,routine
7188,2,2021-01-10,returned_order,0.02,2.83,routine
7189,3,2021-01-10,prep_waste,0.32,45.79,routine
7190,3,2021-01-10,unsold_cooked,0.2,20.88,routine
7191,3,2021-01-10,spoilage,0.04,4.08,routine
7192,3,2021-01-10,returned_order,0.02,2.96,routine
7193,1,2021-01-11,prep_waste,0.36,50.96,routine
7194,1,2021-01-11,unsold_cooked,0.12,13.49,routine
7195,1,2021-01-11,spoilage,0.04,5.51,routine
7196,1,2021-01-11,returned_order,1.56,194.42,routine
7197,2,2021-01-11,prep_waste,0.21,24.51,routine
7198,2,2021-01-11,unsold_cooked,0.17,26.87,routine
7199,2,2021-01-11,spoilage,0.07,8.46,routine
7200,2,2021-01-11,returned_order,1.39,148.93,routine
7201,3,2021-01-11,prep_waste,0.24,35.34,routine
7202,3,2021-01-11,unsold_cooked,0.11,14.27,routine
7203,3,2021-01-11,spoilage,0.06,7.86,routine
7204,3,2021-01-11,returned_order,0.02,3.04,routine
7205,1,2021-01-12,prep_waste,0.25,36.21,routine
7206,1,2021-01-12,unsold_cooked,0.17,25.46,routine
7207,1,2021-01-12,spoilage,0.04,5.79,routine
7208,1,2021-01-12,returned_order,0.02,2.12,routine
7209,2,2021-01-12,prep_waste,0.22,25.74,routine
7210,2,2021-01-12,unsold_cooked,0.11,16.77,routine
7211,2,2021-01-12,spoilage,0.04,4.82,routine
7212,2,2021-01-12,returned_order,0.02,2.86,routine
7213,3,2021-01-12,prep_waste,0.21,25.76,routine
7214,3,2021-01-12,unsold_cooked,0.24,32.42,routine
7215,3,2021-01-12,spoilage,0.05,6.53,routine
7216,3,2021-01-12,returned_order,0.02,3.04,routine
7217,1,2021-01-13,prep_waste,0.22,24.6,routine
7218,1,2021-01-13,unsold_cooked,0.13,17.86,routine
7219,1,2021-01-13,spoilage,0.04,5.63,routine
7220,1,2021-01-13,returned_order,0.02,2.62,routine
7221,2,2021-01-13,prep_waste,0.39,52.46,routine
7222,2,2021-01-13,unsold_cooked,0.15,18.56,routine
7223,2,2021-01-13,spoilage,0.07,10.58,routine
7224,2,2021-01-13,returned_order,0.78,101.18,routine
7225,3,2021-01-13,prep_waste,0.23,31.88,routine
7226,3,2021-01-13,unsold_cooked,0.1,12.71,routine
7227,3,2021-01-13,spoilage,0.05,5.19,routine
7228,3,2021-01-13,returned_order,0.02,3.03,routine
7229,1,2021-01-14,prep_waste,0.28,33.99,routine
7230,1,2021-01-14,unsold_cooked,0.1,12.47,routine
7231,1,2021-01-14,spoilage,0.03,4.75,routine
7232,1,2021-01-14,returned_order,0.02,2.38,routine
7233,2,2021-01-14,prep_waste,0.29,44.26,routine
7234,2,2021-01-14,unsold_cooked,0.18,25.69,routine
7235,2,2021-01-14,spoilage,0.04,5.42,routine
7236,2,2021-01-14,returned_order,0.02,2.51,routine
7237,3,2021-01-14,prep_waste,0.44,61.27,routine
7238,3,2021-01-14,unsold_cooked,0.11,13.69,routine
7239,3,2021-01-14,spoilage,0.06,6.99,routine
7240,3,2021-01-14,returned_order,0.02,2.73,routine
7241,1,2021-01-15,prep_waste,0.42,45.18,routine
7242,1,2021-01-15,unsold_cooked,0.23,31.66,routine
7243,1,2021-01-15,spoilage,0.04,4.11,routine
7244,1,2021-01-15,returned_order,0.02,2.96,routine
7245,2,2021-01-15,prep_waste,0.45,63.66,routine
7246,2,2021-01-15,unsold_cooked,0.1,11.98,routine
7247,2,2021-01-15,spoilage,0.05,6.76,routine
7248,2,2021-01-15,returned_order,0.83,89.73,routine
7249,3,2021-01-15,prep_waste,0.19,23.89,routine
7250,3,2021-01-15,unsold_cooked,0.11,12.75,routine
7251,3,2021-01-15,spoilage,0.08,11.82,routine
7252,3,2021-01-15,returned_order,0.02,2.94,routine
7253,1,2021-01-16,prep_waste,0.41,57.64,routine
7254,1,2021-01-16,unsold_cooked,0.19,28.96,routine
7255,1,2021-01-16,spoilage,0.03,4.99,routine
7256,1,2021-01-16,returned_order,0.02,2.2,routine
7257,2,2021-01-16,prep_waste,0.43,62.45,routine
7258,2,2021-01-16,unsold_cooked,0.18,23.44,routine
7259,2,2021-01-16,spoilage,0.03,4.61,routine
7260,2,2021-01-16,returned_order,0.02,2.32,routine
7261,3,2021-01-16,prep_waste,0.22,33.56,routine
7262,3,2021-01-16,unsold_cooked,0.17,19.39,routine
7263,3,2021-01-16,spoilage,0.06,8.33,routine
7264,3,2021-01-16,returned_order,0.02,2.27,routine
7265,1,2021-01-17,prep_waste,0.3,46.07,routine
7266,1,2021-01-17,unsold_cooked,0.19,21.08,routine
7267,1,2021-01-17,spoilage,0.07,9.66,routine
7268,1,2021-01-17,returned_order,0.02,2.78,routine
7269,2,2021-01-17,prep_waste,0.19,29.52,routine
7270,2,2021-01-17,unsold_cooked,0.23,33.02,routine
7271,2,2021-01-17,spoilage,0.06,6.01,routine
7272,2,2021-01-17,returned_order,1.85,286.04,routine
7273,3,2021-01-17,prep_waste,0.19,29.79,routine
7274,3,2021-01-17,unsold_cooked,0.16,21.08,routine
7275,3,2021-01-17,spoilage,0.08,9.19,routine
7276,3,2021-01-17,returned_order,0.02,2.32,routine
7277,1,2021-01-18,prep_waste,0.24,29.33,routine
7278,1,2021-01-18,unsold_cooked,0.14,19.36,routine
7279,1,2021-01-18,spoilage,0.07,9.88,routine
7280,1,2021-01-18,returned_order,0.02,2.99,routine
7281,2,2021-01-18,prep_waste,0.32,34.37,routine
7282,2,2021-01-18,unsold_cooked,0.1,12.54,routine
7283,2,2021-01-18,spoilage,0.08,11.72,routine
7284,2,2021-01-18,returned_order,0.02,2.7,routine
7285,3,2021-01-18,prep_waste,0.39,55.74,routine
7286,3,2021-01-18,unsold_cooked,0.16,17.85,routine
7287,3,2021-01-18,spoilage,0.06,6.54,routine
7288,3,2021-01-18,returned_order,0.02,2.18,routine
7289,1,2021-01-19,prep_waste,0.4,53.88,routine
7290,1,2021-01-19,unsold_cooked,0.2,22.3,routine
7291,1,2021-01-19,spoilage,0.05,6.33,routine
7292,1,2021-01-19,returned_order,0.02,2.72,routine
7293,2,2021-01-19,prep_waste,0.18,22.05,routine
7294,2,2021-01-19,unsold_cooked,0.19,25.28,routine
7295,2,2021-01-19,spoilage,0.07,9.8,routine
7296,2,2021-01-19,returned_order,0.6,79.87,routine
7297,3,2021-01-19,prep_waste,0.41,50.78,routine
7298,3,2021-01-19,unsold_cooked,0.22,24.24,routine
7299,3,2021-01-19,spoilage,0.04,4.74,routine
7300,3,2021-01-19,returned_order,0.02,2.26,routine
7301,1,2021-01-20,prep_waste,0.26,28.53,routine
7302,1,2021-01-20,unsold_cooked,0.21,26.42,routine
7303,1,2021-01-20,spoilage,0.07,9.98,routine
7304,1,2021-01-20,returned_order,0.02,2.33,routine
7305,2,2021-01-20,prep_waste,0.23,26.14,routine
7306,2,2021-01-20,unsold_cooked,0.27,38.12,routine
7307,2,2021-01-20,spoilage,0.04,6.45,routine
7308,2,2021-01-20,returned_order,0.02,2.92,routine
7309,3,2021-01-20,prep_waste,0.41,60.08,routine
7310,3,2021-01-20,unsold_cooked,0.14,20.32,routine
7311,3,2021-01-20,spoilage,0.05,7.36,routine
7312,3,2021-01-20,returned_order,0.02,2.69,routine
7313,1,2021-01-21,prep_waste,0.22,32.76,routine
7314,1,2021-01-21,unsold_cooked,0.2,30.33,routine
7315,1,2021-01-21,spoilage,0.07,9.42,routine
7316,1,2021-01-21,returned_order,0.02,2.14,routine
7317,2,2021-01-21,prep_waste,0.22,29.92,routine
7318,2,2021-01-21,unsold_cooked,0.15,20.77,routine
7319,2,2021-01-21,spoilage,0.08,11.46,routine
7320,2,2021-01-21,returned_order,0.02,2.47,routine
7321,3,2021-01-21,prep_waste,0.22,30.08,routine
7322,3,2021-01-21,unsold_cooked,0.17,21.64,routine
7323,3,2021-01-21,spoilage,0.06,7.04,routine
7324,3,2021-01-21,returned_order,0.02,2.32,routine
7325,1,2021-01-22,prep_waste,0.32,42.08,routine
7326,1,2021-01-22,unsold_cooked,0.1,13.27,routine
7327,1,2021-01-22,spoilage,0.05,6.8,routine
7328,1,2021-01-22,returned_order,0.02,2.34,routine
7329,2,2021-01-22,prep_waste,0.26,28.07,routine
7330,2,2021-01-22,unsold_cooked,0.17,21.12,routine
7331,2,2021-01-22,spoilage,0.04,6.15,routine
7332,2,2021-01-22,returned_order,0.02,2.66,routine
7333,3,2021-01-22,prep_waste,0.2,22.71,routine
7334,3,2021-01-22,unsold_cooked,0.19,20.46,routine
7335,3,2021-01-22,spoilage,0.04,5.1,routine
7336,3,2021-01-22,returned_order,0.84,90.63,routine
7337,1,2021-01-23,prep_waste,0.28,30.04,routine
7338,1,2021-01-23,unsold_cooked,0.11,11.97,routine
7339,1,2021-01-23,spoilage,0.07,10.49,routine
7340,1,2021-01-23,returned_order,0.53,73.13,routine
7341,2,2021-01-23,prep_waste,0.43,65.83,routine
7342,2,2021-01-23,unsold_cooked,0.19,25.29,routine
7343,2,2021-01-23,spoilage,0.04,5.59,routine
7344,2,2021-01-23,returned_order,0.02,2.87,routine
7345,3,2021-01-23,prep_waste,0.39,52.55,routine
7346,3,2021-01-23,unsold_cooked,0.19,20.14,routine
7347,3,2021-01-23,spoilage,0.05,7.27,routine
7348,3,2021-01-23,returned_order,0.02,2.84,routine
7349,1,2021-01-24,prep_waste,0.41,49.76,routine
7350,1,2021-01-24,unsold_cooked,0.22,25.84,routine
7351,1,2021-01-24,spoilage,0.07,8.96,routine
7352,1,2021-01-24,returned_order,0.62,75.88,routine
7353,2,2021-01-24,prep_waste,0.31,33.51,routine
7354,2,2021-01-24,unsold_cooked,0.2,21.95,routine
7355,2,2021-01-24,spoilage,0.07,9.94,routine
7356,2,2021-01-24,returned_order,1.4,177.72,routine
7357,3,2021-01-24,prep_waste,0.21,25.0,routine
7358,3,2021-01-24,unsold_cooked,0.17,19.35,routine
7359,3,2021-01-24,spoilage,0.07,8.83,routine
7360,3,2021-01-24,returned_order,0.02,2.27,routine
7361,1,2021-01-25,prep_waste,0.28,34.88,routine
7362,1,2021-01-25,unsold_cooked,0.18,24.5,routine
7363,1,2021-01-25,spoilage,0.06,7.41,routine
7364,1,2021-01-25,returned_order,0.57,78.11,routine
7365,2,2021-01-25,prep_waste,0.44,48.23,routine
7366,2,2021-01-25,unsold_cooked,0.21,29.7,routine
7367,2,2021-01-25,spoilage,0.05,5.59,routine
7368,2,2021-01-25,returned_order,0.02,2.25,routine
7369,3,2021-01-25,prep_waste,0.39,50.49,routine
7370,3,2021-01-25,unsold_cooked,0.11,15.72,routine
7371,3,2021-01-25,spoilage,0.08,8.45,routine
7372,3,2021-01-25,returned_order,0.67,86.06,routine
7373,1,2021-01-26,prep_waste,0.19,22.41,routine
7374,1,2021-01-26,unsold_cooked,0.13,19.2,routine
7375,1,2021-01-26,spoilage,0.05,6.72,routine
7376,1,2021-01-26,returned_order,0.72,105.65,routine
7377,2,2021-01-26,prep_waste,0.22,27.44,routine
7378,2,2021-01-26,unsold_cooked,0.14,19.71,routine
7379,2,2021-01-26,spoilage,0.08,8.22,routine
7380,2,2021-01-26,returned_order,0.02,2.47,routine
7381,3,2021-01-26,prep_waste,0.27,39.8,routine
7382,3,2021-01-26,unsold_cooked,0.14,19.55,routine
7383,3,2021-01-26,spoilage,0.07,6.98,routine
7384,3,2021-01-26,returned_order,0.02,2.2,routine
7385,1,2021-01-27,prep_waste,0.26,28.94,routine
7386,1,2021-01-27,unsold_cooked,0.23,34.2,routine
7387,1,2021-01-27,spoilage,0.04,6.5,routine
7388,1,2021-01-27,returned_order,0.61,92.05,routine
7389,2,2021-01-27,prep_waste,0.19,28.18,routine
7390,2,2021-01-27,unsold_cooked,0.2,23.38,routine
7391,2,2021-01-27,spoilage,0.08,8.96,routine
7392,2,2021-01-27,returned_order,0.02,2.35,routine
7393,3,2021-01-27,prep_waste,0.33,38.31,routine
7394,3,2021-01-27,unsold_cooked,0.2,25.19,routine
7395,3,2021-01-27,spoilage,0.04,5.91,routine
7396,3,2021-01-27,returned_order,0.02,2.7,routine
7397,1,2021-01-28,prep_waste,0.26,30.18,routine
7398,1,2021-01-28,unsold_cooked,0.18,26.54,routine
7399,1,2021-01-28,spoilage,0.07,8.06,routine
7400,1,2021-01-28,returned_order,0.83,98.96,routine
7401,2,2021-01-28,prep_waste,0.25,28.14,routine
7402,2,2021-01-28,unsold_cooked,0.14,15.72,routine
7403,2,2021-01-28,spoilage,0.04,4.64,routine
7404,2,2021-01-28,returned_order,0.02,2.84,routine
7405,3,2021-01-28,prep_waste,0.34,51.52,routine
7406,3,2021-01-28,unsold_cooked,0.1,12.9,routine
7407,3,2021-01-28,spoilage,0.06,7.47,routine
7408,3,2021-01-28,returned_order,0.7,85.4,routine
7409,1,2021-01-29,prep_waste,0.22,24.05,routine
7410,1,2021-01-29,unsold_cooked,0.13,16.14,routine
7411,1,2021-01-29,spoilage,0.05,7.17,routine
7412,1,2021-01-29,returned_order,0.02,2.23,routine
7413,2,2021-01-29,prep_waste,0.2,25.59,routine
7414,2,2021-01-29,unsold_cooked,0.19,28.48,routine
7415,2,2021-01-29,spoilage,0.04,4.29,routine
7416,2,2021-01-29,returned_order,0.02,2.67,routine
7417,3,2021-01-29,prep_waste,0.2,22.28,routine
7418,3,2021-01-29,unsold_cooked,0.22,33.21,routine
7419,3,2021-01-29,spoilage,0.03,4.51,routine
7420,3,2021-01-29,returned_order,0.02,2.22,routine
7421,1,2021-01-30,prep_waste,0.24,25.92,routine
7422,1,2021-01-30,unsold_cooked,0.17,25.22,routine
7423,1,2021-01-30,spoilage,0.05,6.92,routine
7424,1,2021-01-30,returned_order,0.59,63.68,routine
7425,2,2021-01-30,prep_waste,0.31,36.54,routine
7426,2,2021-01-30,unsold_cooked,0.18,27.34,routine
7427,2,2021-01-30,spoilage,0.04,5.49,routine
7428,2,2021-01-30,returned_order,0.02,2.16,routine
7429,3,2021-01-30,prep_waste,0.42,45.67,routine
7430,3,2021-01-30,unsold_cooked,0.2,24.71,routine
7431,3,2021-01-30,spoilage,0.04,4.48,routine
7432,3,2021-01-30,returned_order,0.02,2.45,routine
7433,1,2021-01-31,prep_waste,0.25,29.75,routine
7434,1,2021-01-31,unsold_cooked,0.23,24.88,routine
7435,1,2021-01-31,spoilage,0.07,7.61,routine
7436,1,2021-01-31,returned_order,0.64,70.19,routine
7437,2,2021-01-31,prep_waste,0.3,36.98,routine
7438,2,2021-01-31,unsold_cooked,0.2,26.07,routine
7439,2,2021-01-31,spoilage,0.05,7.28,routine
7440,2,2021-01-31,returned_order,0.02,2.61,routine
7441,3,2021-01-31,prep_waste,0.29,42.09,routine
7442,3,2021-01-31,unsold_cooked,0.17,25.54,routine
7443,3,2021-01-31,spoilage,0.06,7.06,routine
7444,3,2021-01-31,returned_order,0.02,2.43,routine
7445,1,2021-02-01,prep_waste,0.29,44.41,routine
7446,1,2021-02-01,unsold_cooked,0.15,18.83,routine
7447,1,2021-02-01,spoilage,0.06,7.63,routine
7448,1,2021-02-01,returned_order,0.73,80.69,routine
7449,2,2021-02-01,prep_waste,0.28,39.01,routine
7450,2,2021-02-01,unsold_cooked,0.17,19.66,routine
7451,2,2021-02-01,spoilage,0.04,4.34,routine
7452,2,2021-02-01,returned_order,0.02,3.01,routine
7453,3,2021-02-01,prep_waste,0.26,35.05,routine
7454,3,2021-02-01,unsold_cooked,0.21,29.51,routine
7455,3,2021-02-01,spoilage,0.06,6.87,routine
7456,3,2021-02-01,returned_order,0.02,2.89,routine
7457,1,2021-02-02,prep_waste,0.34,39.28,routine
7458,1,2021-02-02,unsold_cooked,0.24,34.19,routine
7459,1,2021-02-02,spoilage,0.04,5.01,routine
7460,1,2021-02-02,returned_order,0.61,72.44,routine
7461,2,2021-02-02,prep_waste,0.28,31.65,routine
7462,2,2021-02-02,unsold_cooked,0.18,22.29,routine
7463,2,2021-02-02,spoilage,0.07,8.5,routine
7464,2,2021-02-02,returned_order,0.02,2.8,routine
7465,3,2021-02-02,prep_waste,0.4,46.07,routine
7466,3,2021-02-02,unsold_cooked,0.11,17.23,routine
7467,3,2021-02-02,spoilage,0.04,4.63,routine
7468,3,2021-02-02,returned_order,0.02,2.26,routine
7469,1,2021-02-03,prep_waste,0.3,37.84,routine
7470,1,2021-02-03,unsold_cooked,0.16,17.39,routine
7471,1,2021-02-03,spoilage,0.03,5.22,routine
7472,1,2021-02-03,returned_order,0.02,2.86,routine
7473,2,2021-02-03,prep_waste,0.38,47.37,routine
7474,2,2021-02-03,unsold_cooked,0.25,30.49,routine
7475,2,2021-02-03,spoilage,0.08,12.24,routine
7476,2,2021-02-03,returned_order,0.51,60.63,routine
7477,3,2021-02-03,prep_waste,0.38,48.12,routine
7478,3,2021-02-03,unsold_cooked,0.1,10.9,routine
7479,3,2021-02-03,spoilage,0.06,9.16,routine
7480,3,2021-02-03,returned_order,0.02,3.01,routine
7481,1,2021-02-04,prep_waste,0.25,35.84,routine
7482,1,2021-02-04,unsold_cooked,0.15,17.0,routine
7483,1,2021-02-04,spoilage,0.04,4.78,routine
7484,1,2021-02-04,returned_order,0.02,2.56,routine
7485,2,2021-02-04,prep_waste,0.28,36.58,routine
7486,2,2021-02-04,unsold_cooked,0.12,13.96,routine
7487,2,2021-02-04,spoilage,0.03,4.95,routine
7488,2,2021-02-04,returned_order,0.02,2.41,routine
7489,3,2021-02-04,prep_waste,0.33,42.52,routine
7490,3,2021-02-04,unsold_cooked,0.22,30.81,routine
7491,3,2021-02-04,spoilage,0.07,7.76,routine
7492,3,2021-02-04,returned_order,0.02,2.88,routine
7493,1,2021-02-05,prep_waste,0.37,51.59,routine
7494,1,2021-02-05,unsold_cooked,0.2,29.27,routine
7495,1,2021-02-05,spoilage,0.08,11.73,routine
7496,1,2021-02-05,returned_order,2.66,409.04,routine
7497,2,2021-02-05,prep_waste,0.4,54.6,routine
7498,2,2021-02-05,unsold_cooked,0.2,28.93,routine
7499,2,2021-02-05,spoilage,0.06,7.94,routine
7500,2,2021-02-05,returned_order,0.02,2.14,routine
7501,3,2021-02-05,prep_waste,0.33,37.04,routine
7502,3,2021-02-05,unsold_cooked,0.12,16.88,routine
7503,3,2021-02-05,spoilage,0.07,8.29,routine
7504,3,2021-02-05,returned_order,0.02,2.98,routine
7505,1,2021-02-06,prep_waste,0.41,57.08,routine
7506,1,2021-02-06,unsold_cooked,0.16,17.14,routine
7507,1,2021-02-06,spoilage,0.06,6.84,routine
7508,1,2021-02-06,returned_order,0.02,2.92,routine
7509,2,2021-02-06,prep_waste,0.3,39.82,routine
7510,2,2021-02-06,unsold_cooked,0.11,15.16,routine
7511,2,2021-02-06,spoilage,0.06,8.63,routine
7512,2,2021-02-06,returned_order,0.02,3.07,routine
7513,3,2021-02-06,prep_waste,0.2,29.9,routine
7514,3,2021-02-06,unsold_cooked,0.1,15.73,routine
7515,3,2021-02-06,spoilage,0.07,9.9,routine
7516,3,2021-02-06,returned_order,0.02,2.87,routine
7517,1,2021-02-07,prep_waste,0.19,29.54,routine
7518,1,2021-02-07,unsold_cooked,0.12,18.6,routine
7519,1,2021-02-07,spoilage,0.07,7.74,routine
7520,1,2021-02-07,returned_order,0.72,111.02,routine
7521,2,2021-02-07,prep_waste,0.42,61.0,routine
7522,2,2021-02-07,unsold_cooked,0.23,34.49,routine
7523,2,2021-02-07,spoilage,0.05,6.73,routine
7524,2,2021-02-07,returned_order,0.02,2.11,routine
7525,3,2021-02-07,prep_waste,0.28,40.76,routine
7526,3,2021-02-07,unsold_cooked,0.22,23.84,routine
7527,3,2021-02-07,spoilage,0.05,5.26,routine
7528,3,2021-02-07,returned_order,0.77,109.42,routine
7529,1,2021-02-08,prep_waste,0.43,65.42,routine
7530,1,2021-02-08,unsold_cooked,0.15,21.37,routine
7531,1,2021-02-08,spoilage,0.07,7.99,routine
7532,1,2021-02-08,returned_order,0.02,2.64,routine
7533,2,2021-02-08,prep_waste,0.33,36.72,routine
7534,2,2021-02-08,unsold_cooked,0.19,21.62,routine
7535,2,2021-02-08,spoilage,0.05,8.41,routine
7536,2,2021-02-08,returned_order,0.02,2.38,routine
7537,3,2021-02-08,prep_waste,0.43,51.68,routine
7538,3,2021-02-08,unsold_cooked,0.15,19.33,routine
7539,3,2021-02-08,spoilage,0.07,8.41,routine
7540,3,2021-02-08,returned_order,0.02,3.06,routine
7541,1,2021-02-09,prep_waste,0.19,20.42,routine
7542,1,2021-02-09,unsold_cooked,0.12,17.19,routine
7543,1,2021-02-09,spoilage,0.07,9.37,routine
7544,1,2021-02-09,returned_order,0.02,3.05,routine
7545,2,2021-02-09,prep_waste,0.21,27.36,routine
7546,2,2021-02-09,unsold_cooked,0.22,23.76,routine
7547,2,2021-02-09,spoilage,0.06,6.92,routine
7548,2,2021-02-09,returned_order,0.66,80.56,routine
7549,3,2021-02-09,prep_waste,0.24,30.05,routine
7550,3,2021-02-09,unsold_cooked,0.15,18.61,routine
7551,3,2021-02-09,spoilage,0.07,9.21,routine
7552,3,2021-02-09,returned_order,0.02,2.22,routine
7553,1,2021-02-10,prep_waste,0.44,50.42,routine
7554,1,2021-02-10,unsold_cooked,0.17,19.91,routine
7555,1,2021-02-10,spoilage,0.04,5.35,routine
7556,1,2021-02-10,returned_order,0.78,108.83,routine
7557,2,2021-02-10,prep_waste,0.24,35.62,routine
7558,2,2021-02-10,unsold_cooked,0.22,33.12,routine
7559,2,2021-02-10,spoilage,0.05,8.39,routine
7560,2,2021-02-10,returned_order,0.02,2.27,routine
7561,3,2021-02-10,prep_waste,0.41,50.09,routine
7562,3,2021-02-10,unsold_cooked,0.18,23.17,routine
7563,3,2021-02-10,spoilage,0.07,7.39,routine
7564,3,2021-02-10,returned_order,0.02,2.66,routine
7565,1,2021-02-11,prep_waste,0.41,45.92,routine
7566,1,2021-02-11,unsold_cooked,0.24,27.9,routine
7567,1,2021-02-11,spoilage,0.05,7.16,routine
7568,1,2021-02-11,returned_order,0.02,2.95,routine
7569,2,2021-02-11,prep_waste,0.29,43.09,routine
7570,2,2021-02-11,unsold_cooked,0.17,23.43,routine
7571,2,2021-02-11,spoilage,0.05,6.14,routine
7572,2,2021-02-11,returned_order,0.02,2.94,routine
7573,3,2021-02-11,prep_waste,0.41,59.71,routine
7574,3,2021-02-11,unsold_cooked,0.14,19.07,routine
7575,3,2021-02-11,spoilage,0.08,9.0,routine
7576,3,2021-02-11,returned_order,0.02,2.48,routine
7577,1,2021-02-12,prep_waste,0.33,50.91,routine
7578,1,2021-02-12,unsold_cooked,0.17,20.15,routine
7579,1,2021-02-12,spoilage,0.05,6.31,routine
7580,1,2021-02-12,returned_order,0.54,79.86,routine
7581,2,2021-02-12,prep_waste,0.22,25.0,routine
7582,2,2021-02-12,unsold_cooked,0.19,20.66,routine
7583,2,2021-02-12,spoilage,0.07,9.77,routine
7584,2,2021-02-12,returned_order,0.02,2.98,routine
7585,3,2021-02-12,prep_waste,0.23,28.64,routine
7586,3,2021-02-12,unsold_cooked,0.23,25.38,routine
7587,3,2021-02-12,spoilage,0.06,7.56,routine
7588,3,2021-02-12,returned_order,0.02,2.93,routine
7589,1,2021-02-13,prep_waste,0.2,27.15,routine
7590,1,2021-02-13,unsold_cooked,0.26,35.5,routine
7591,1,2021-02-13,spoilage,0.06,6.42,routine
7592,1,2021-02-13,returned_order,0.02,2.65,routine
7593,2,2021-02-13,prep_waste,0.36,44.41,routine
7594,2,2021-02-13,unsold_cooked,0.24,34.08,routine
7595,2,2021-02-13,spoilage,0.04,4.29,routine
7596,2,2021-02-13,returned_order,0.02,2.97,routine
7597,3,2021-02-13,prep_waste,0.41,61.08,routine
7598,3,2021-02-13,unsold_cooked,0.2,23.42,routine
7599,3,2021-02-13,spoilage,0.04,4.9,routine
7600,3,2021-02-13,returned_order,0.02,2.68,routine
7601,1,2021-02-14,prep_waste,0.19,27.34,routine
7602,1,2021-02-14,unsold_cooked,0.19,23.91,routine
7603,1,2021-02-14,spoilage,0.05,7.05,routine
7604,1,2021-02-14,returned_order,0.82,116.17,routine
7605,2,2021-02-14,prep_waste,0.32,49.84,routine
7606,2,2021-02-14,unsold_cooked,0.17,20.52,routine
7607,2,2021-02-14,spoilage,0.04,5.81,routine
7608,2,2021-02-14,returned_order,0.02,2.92,routine
7609,3,2021-02-14,prep_waste,0.21,24.68,routine
7610,3,2021-02-14,unsold_cooked,0.23,28.83,routine
7611,3,2021-02-14,spoilage,0.05,6.88,routine
7612,3,2021-02-14,returned_order,0.02,3.03,routine
7613,1,2021-02-15,prep_waste,0.31,40.66,routine
7614,1,2021-02-15,unsold_cooked,0.1,11.9,routine
7615,1,2021-02-15,spoilage,0.08,11.37,routine
7616,1,2021-02-15,returned_order,0.02,2.89,routine
7617,2,2021-02-15,prep_waste,0.27,40.37,routine
7618,2,2021-02-15,unsold_cooked,0.2,27.78,routine
7619,2,2021-02-15,spoilage,0.05,6.36,routine
7620,2,2021-02-15,returned_order,0.02,3.09,routine
7621,3,2021-02-15,prep_waste,0.27,30.43,routine
7622,3,2021-02-15,unsold_cooked,0.15,21.11,routine
7623,3,2021-02-15,spoilage,0.06,9.04,routine
7624,3,2021-02-15,returned_order,0.02,2.86,routine
7625,1,2021-02-16,prep_waste,0.36,39.94,routine
7626,1,2021-02-16,unsold_cooked,0.21,30.36,routine
7627,1,2021-02-16,spoilage,0.04,5.82,routine
7628,1,2021-02-16,returned_order,0.84,123.43,routine
7629,2,2021-02-16,prep_waste,0.29,31.51,routine
7630,2,2021-02-16,unsold_cooked,0.19,25.95,routine
7631,2,2021-02-16,spoilage,0.07,9.46,routine
7632,2,2021-02-16,returned_order,0.9,95.86,routine
7633,3,2021-02-16,prep_waste,0.2,30.53,routine
7634,3,2021-02-16,unsold_cooked,0.1,11.59,routine
7635,3,2021-02-16,spoilage,0.08,10.49,routine
7636,3,2021-02-16,returned_order,0.02,2.35,routine
7637,1,2021-02-17,prep_waste,0.38,46.84,routine
7638,1,2021-02-17,unsold_cooked,0.19,19.98,routine
7639,1,2021-02-17,spoilage,0.07,7.54,routine
7640,1,2021-02-17,returned_order,0.02,2.55,routine
7641,2,2021-02-17,prep_waste,0.25,30.75,routine
7642,2,2021-02-17,unsold_cooked,0.1,11.36,routine
7643,2,2021-02-17,spoilage,0.07,9.7,routine
7644,2,2021-02-17,returned_order,0.02,3.03,routine
7645,3,2021-02-17,prep_waste,0.33,44.71,routine
7646,3,2021-02-17,unsold_cooked,0.23,32.65,routine
7647,3,2021-02-17,spoilage,0.07,8.94,routine
7648,3,2021-02-17,returned_order,0.57,67.14,routine
7649,1,2021-02-18,prep_waste,0.29,38.71,routine
7650,1,2021-02-18,unsold_cooked,0.17,23.11,routine
7651,1,2021-02-18,spoilage,0.06,8.46,routine
7652,1,2021-02-18,returned_order,0.02,2.36,routine
7653,2,2021-02-18,prep_waste,0.41,46.73,routine
7654,2,2021-02-18,unsold_cooked,0.18,20.77,routine
7655,2,2021-02-18,spoilage,0.06,7.85,routine
7656,2,2021-02-18,returned_order,0.02,2.33,routine
7657,3,2021-02-18,prep_waste,0.21,26.62,routine
7658,3,2021-02-18,unsold_cooked,0.18,21.18,routine
7659,3,2021-02-18,spoilage,0.05,6.96,routine
7660,3,2021-02-18,returned_order,0.02,2.13,routine
7661,1,2021-02-19,prep_waste,0.36,49.59,routine
7662,1,2021-02-19,unsold_cooked,0.15,20.98,routine
7663,1,2021-02-19,spoilage,0.06,7.19,routine
7664,1,2021-02-19,returned_order,0.51,73.85,routine
7665,2,2021-02-19,prep_waste,0.31,47.0,routine
7666,2,2021-02-19,unsold_cooked,0.24,26.4,routine
7667,2,2021-02-19,spoilage,0.06,6.71,routine
7668,2,2021-02-19,returned_order,0.02,2.42,routine
7669,3,2021-02-19,prep_waste,0.31,42.87,routine
7670,3,2021-02-19,unsold_cooked,0.15,18.13,routine
7671,3,2021-02-19,spoilage,0.04,5.0,routine
7672,3,2021-02-19,returned_order,0.02,2.75,routine
7673,1,2021-02-20,prep_waste,0.28,40.15,routine
7674,1,2021-02-20,unsold_cooked,0.11,13.46,routine
7675,1,2021-02-20,spoilage,0.06,7.24,routine
7676,1,2021-02-20,returned_order,0.02,2.59,routine
7677,2,2021-02-20,prep_waste,0.29,35.67,routine
7678,2,2021-02-20,unsold_cooked,0.26,29.18,routine
7679,2,2021-02-20,spoilage,0.06,7.36,routine
7680,2,2021-02-20,returned_order,0.02,2.95,routine
7681,3,2021-02-20,prep_waste,0.41,52.94,routine
7682,3,2021-02-20,unsold_cooked,0.23,30.36,routine
7683,3,2021-02-20,spoilage,0.04,4.21,routine
7684,3,2021-02-20,returned_order,0.02,2.32,routine
7685,1,2021-02-21,prep_waste,0.4,59.59,routine
7686,1,2021-02-21,unsold_cooked,0.14,17.68,routine
7687,1,2021-02-21,spoilage,0.07,7.36,routine
7688,1,2021-02-21,returned_order,0.65,92.17,routine
7689,2,2021-02-21,prep_waste,0.35,39.0,routine
7690,2,2021-02-21,unsold_cooked,0.16,20.45,routine
7691,2,2021-02-21,spoilage,0.03,4.83,routine
7692,2,2021-02-21,returned_order,0.02,2.46,routine
7693,3,2021-02-21,prep_waste,0.23,24.68,routine
7694,3,2021-02-21,unsold_cooked,0.24,36.88,routine
7695,3,2021-02-21,spoilage,0.05,6.22,routine
7696,3,2021-02-21,returned_order,0.02,2.84,routine
7697,1,2021-02-22,prep_waste,0.19,24.21,routine
7698,1,2021-02-22,unsold_cooked,0.22,24.13,routine
7699,1,2021-02-22,spoilage,0.05,7.67,routine
7700,1,2021-02-22,returned_order,0.73,86.33,routine
7701,2,2021-02-22,prep_waste,0.23,29.53,routine
7702,2,2021-02-22,unsold_cooked,0.15,17.63,routine
7703,2,2021-02-22,spoilage,0.05,5.65,routine
7704,2,2021-02-22,returned_order,0.02,2.88,routine
7705,3,2021-02-22,prep_waste,0.43,50.91,routine
7706,3,2021-02-22,unsold_cooked,0.16,16.92,routine
7707,3,2021-02-22,spoilage,0.04,4.23,routine
7708,3,2021-02-22,returned_order,0.02,2.88,routine
7709,1,2021-02-23,prep_waste,0.41,52.65,routine
7710,1,2021-02-23,unsold_cooked,0.23,28.87,routine
7711,1,2021-02-23,spoilage,0.04,4.74,routine
7712,1,2021-02-23,returned_order,0.02,2.46,routine
7713,2,2021-02-23,prep_waste,0.36,47.91,routine
7714,2,2021-02-23,unsold_cooked,0.22,25.77,routine
7715,2,2021-02-23,spoilage,0.06,8.68,routine
7716,2,2021-02-23,returned_order,0.02,2.51,routine
7717,3,2021-02-23,prep_waste,0.36,41.21,routine
7718,3,2021-02-23,unsold_cooked,0.17,20.95,routine
7719,3,2021-02-23,spoilage,0.07,7.93,routine
7720,3,2021-02-23,returned_order,0.02,3.09,routine
7721,1,2021-02-24,prep_waste,0.41,45.86,routine
7722,1,2021-02-24,unsold_cooked,0.19,26.28,routine
7723,1,2021-02-24,spoilage,0.06,7.64,routine
7724,1,2021-02-24,returned_order,0.02,2.5,routine
7725,2,2021-02-24,prep_waste,0.38,42.42,routine
7726,2,2021-02-24,unsold_cooked,0.16,22.36,routine
7727,2,2021-02-24,spoilage,0.06,8.6,routine
7728,2,2021-02-24,returned_order,0.02,2.53,routine
7729,3,2021-02-24,prep_waste,0.26,39.69,routine
7730,3,2021-02-24,unsold_cooked,0.1,13.34,routine
7731,3,2021-02-24,spoilage,0.07,10.32,routine
7732,3,2021-02-24,returned_order,0.02,3.03,routine
7733,1,2021-02-25,prep_waste,0.34,38.87,routine
7734,1,2021-02-25,unsold_cooked,0.21,23.12,routine
7735,1,2021-02-25,spoilage,0.06,8.2,routine
7736,1,2021-02-25,returned_order,0.84,119.93,routine
7737,2,2021-02-25,prep_waste,0.35,48.14,routine
7738,2,2021-02-25,unsold_cooked,0.21,24.24,routine
7739,2,2021-02-25,spoilage,0.07,8.04,routine
7740,2,2021-02-25,returned_order,0.02,2.59,routine
7741,3,2021-02-25,prep_waste,0.32,42.72,routine
7742,3,2021-02-25,unsold_cooked,0.11,12.42,routine
7743,3,2021-02-25,spoilage,0.05,5.61,routine
7744,3,2021-02-25,returned_order,0.02,2.73,routine
7745,1,2021-02-26,prep_waste,0.22,31.47,routine
7746,1,2021-02-26,unsold_cooked,0.12,13.12,routine
7747,1,2021-02-26,spoilage,0.07,9.52,routine
7748,1,2021-02-26,returned_order,0.02,2.83,routine
7749,2,2021-02-26,prep_waste,0.42,44.58,routine
7750,2,2021-02-26,unsold_cooked,0.1,10.64,routine
7751,2,2021-02-26,spoilage,0.05,5.95,routine
7752,2,2021-02-26,returned_order,0.59,86.95,routine
7753,3,2021-02-26,prep_waste,0.22,30.15,routine
7754,3,2021-02-26,unsold_cooked,0.13,19.65,routine
7755,3,2021-02-26,spoilage,0.06,6.14,routine
7756,3,2021-02-26,returned_order,0.02,2.94,routine
7757,1,2021-02-27,prep_waste,0.4,49.85,routine
7758,1,2021-02-27,unsold_cooked,0.11,16.06,routine
7759,1,2021-02-27,spoilage,0.06,6.73,routine
7760,1,2021-02-27,returned_order,0.02,2.96,routine
7761,2,2021-02-27,prep_waste,0.27,34.94,routine
7762,2,2021-02-27,unsold_cooked,0.24,33.81,routine
7763,2,2021-02-27,spoilage,0.06,7.19,routine
7764,2,2021-02-27,returned_order,0.72,88.68,routine
7765,3,2021-02-27,prep_waste,0.3,39.0,routine
7766,3,2021-02-27,unsold_cooked,0.24,34.56,routine
7767,3,2021-02-27,spoilage,0.07,7.7,routine
7768,3,2021-02-27,returned_order,0.02,3.09,routine
7769,1,2021-02-28,prep_waste,0.43,49.25,routine
7770,1,2021-02-28,unsold_cooked,0.3,41.96,routine
7771,1,2021-02-28,spoilage,0.08,9.44,routine
7772,1,2021-02-28,returned_order,0.84,93.39,routine
7773,2,2021-02-28,prep_waste,0.22,32.88,routine
7774,2,2021-02-28,unsold_cooked,0.2,29.88,routine
7775,2,2021-02-28,spoilage,0.08,12.2,routine
7776,2,2021-02-28,returned_order,0.02,2.63,routine
7777,3,2021-02-28,prep_waste,0.28,38.12,routine
7778,3,2021-02-28,unsold_cooked,0.17,22.19,routine
7779,3,2021-02-28,spoilage,0.05,7.34,routine
7780,3,2021-02-28,returned_order,0.02,2.3,routine
7781,1,2021-03-01,prep_waste,0.31,40.63,routine
7782,1,2021-03-01,unsold_cooked,0.14,21.4,routine
7783,1,2021-03-01,spoilage,0.04,5.93,routine
7784,1,2021-03-01,returned_order,0.02,2.96,routine
7785,2,2021-03-01,prep_waste,0.25,28.03,routine
7786,2,2021-03-01,unsold_cooked,0.15,21.49,routine
7787,2,2021-03-01,spoilage,0.07,8.72,routine
7788,2,2021-03-01,returned_order,0.02,2.2,routine
7789,3,2021-03-01,prep_waste,0.42,48.76,routine
7790,3,2021-03-01,unsold_cooked,0.22,27.96,routine
7791,3,2021-03-01,spoilage,0.04,4.84,routine
7792,3,2021-03-01,returned_order,0.02,2.34,routine
7793,1,2021-03-02,prep_waste,0.28,38.96,routine
7794,1,2021-03-02,unsold_cooked,0.21,23.02,routine
7795,1,2021-03-02,spoilage,0.04,5.24,routine
7796,1,2021-03-02,returned_order,0.52,69.3,routine
7797,2,2021-03-02,prep_waste,0.22,25.16,routine
7798,2,2021-03-02,unsold_cooked,0.17,22.33,routine
7799,2,2021-03-02,spoilage,0.07,9.62,routine
7800,2,2021-03-02,returned_order,0.02,2.58,routine
7801,3,2021-03-02,prep_waste,0.32,38.97,routine
7802,3,2021-03-02,unsold_cooked,0.2,25.97,routine
7803,3,2021-03-02,spoilage,0.06,6.6,routine
7804,3,2021-03-02,returned_order,0.02,2.51,routine
7805,1,2021-03-03,prep_waste,0.18,18.98,routine
7806,1,2021-03-03,unsold_cooked,0.16,18.69,routine
7807,1,2021-03-03,spoilage,0.05,7.03,routine
7808,1,2021-03-03,returned_order,0.02,2.5,routine
7809,2,2021-03-03,prep_waste,0.21,25.98,routine
7810,2,2021-03-03,unsold_cooked,0.19,23.08,routine
7811,2,2021-03-03,spoilage,0.04,5.43,routine
7812,2,2021-03-03,returned_order,0.02,2.15,routine
7813,3,2021-03-03,prep_waste,0.44,53.86,routine
7814,3,2021-03-03,unsold_cooked,0.22,25.48,routine
7815,3,2021-03-03,spoilage,0.05,4.95,routine
7816,3,2021-03-03,returned_order,0.02,2.82,routine
7817,1,2021-03-04,prep_waste,0.21,23.22,routine
7818,1,2021-03-04,unsold_cooked,0.15,21.85,routine
7819,1,2021-03-04,spoilage,0.06,7.92,routine
7820,1,2021-03-04,returned_order,0.02,3.0,routine
7821,2,2021-03-04,prep_waste,0.38,50.42,routine
7822,2,2021-03-04,unsold_cooked,0.14,15.66,routine
7823,2,2021-03-04,spoilage,0.05,5.52,routine
7824,2,2021-03-04,returned_order,0.02,2.69,routine
7825,3,2021-03-04,prep_waste,0.35,40.44,routine
7826,3,2021-03-04,unsold_cooked,0.21,26.36,routine
7827,3,2021-03-04,spoilage,0.05,7.64,routine
7828,3,2021-03-04,returned_order,0.02,2.88,routine
7829,1,2021-03-05,prep_waste,0.28,36.31,routine
7830,1,2021-03-05,unsold_cooked,0.15,19.83,routine
7831,1,2021-03-05,spoilage,0.04,5.3,routine
7832,1,2021-03-05,returned_order,0.02,2.18,routine
7833,2,2021-03-05,prep_waste,0.2,25.54,routine
7834,2,2021-03-05,unsold_cooked,0.22,26.53,routine
7835,2,2021-03-05,spoilage,0.05,6.8,routine
7836,2,2021-03-05,returned_order,0.78,105.61,routine
7837,3,2021-03-05,prep_waste,0.41,63.91,routine
7838,3,2021-03-05,unsold_cooked,0.22,25.53,routine
7839,3,2021-03-05,spoilage,0.08,11.67,routine
7840,3,2021-03-05,returned_order,0.02,2.17,routine
7841,1,2021-03-06,prep_waste,0.19,22.84,routine
7842,1,2021-03-06,unsold_cooked,0.12,18.42,routine
7843,1,2021-03-06,spoilage,0.08,10.91,routine
7844,1,2021-03-06,returned_order,0.02,2.56,routine
7845,2,2021-03-06,prep_waste,0.21,27.48,routine
7846,2,2021-03-06,unsold_cooked,0.16,22.56,routine
7847,2,2021-03-06,spoilage,0.04,4.16,routine
7848,2,2021-03-06,returned_order,0.02,2.75,routine
7849,3,2021-03-06,prep_waste,0.31,35.64,routine
7850,3,2021-03-06,unsold_cooked,0.15,20.23,routine
7851,3,2021-03-06,spoilage,0.05,5.24,routine
7852,3,2021-03-06,returned_order,0.02,2.1,routine
7853,1,2021-03-07,prep_waste,0.31,38.76,routine
7854,1,2021-03-07,unsold_cooked,0.21,29.61,routine
7855,1,2021-03-07,spoilage,0.04,4.43,routine
7856,1,2021-03-07,returned_order,0.02,2.27,routine
7857,2,2021-03-07,prep_waste,0.21,26.18,routine
7858,2,2021-03-07,unsold_cooked,0.1,15.51,routine
7859,2,2021-03-07,spoilage,0.06,7.37,routine
7860,2,2021-03-07,returned_order,0.02,2.19,routine
7861,3,2021-03-07,prep_waste,0.44,64.52,routine
7862,3,2021-03-07,unsold_cooked,0.21,24.33,routine
7863,3,2021-03-07,spoilage,0.04,6.05,routine
7864,3,2021-03-07,returned_order,0.02,2.84,routine
7865,1,2021-03-08,prep_waste,0.24,29.54,routine
7866,1,2021-03-08,unsold_cooked,0.17,18.42,routine
7867,1,2021-03-08,spoilage,0.04,4.82,routine
7868,1,2021-03-08,returned_order,0.02,2.31,routine
7869,2,2021-03-08,prep_waste,0.29,36.1,routine
7870,2,2021-03-08,unsold_cooked,0.12,13.1,routine
7871,2,2021-03-08,spoilage,0.07,10.04,routine
7872,2,2021-03-08,returned_order,0.02,2.57,routine
7873,3,2021-03-08,prep_waste,0.31,40.6,routine
7874,3,2021-03-08,unsold_cooked,0.14,17.84,routine
7875,3,2021-03-08,spoilage,0.07,9.26,routine
7876,3,2021-03-08,returned_order,0.02,2.79,routine
7877,1,2021-03-09,prep_waste,0.36,51.86,routine
7878,1,2021-03-09,unsold_cooked,0.16,18.65,routine
7879,1,2021-03-09,spoilage,0.05,6.43,routine
7880,1,2021-03-09,returned_order,0.02,2.39,routine
7881,2,2021-03-09,prep_waste,0.3,34.78,routine
7882,2,2021-03-09,unsold_cooked,0.12,13.71,routine
7883,2,2021-03-09,spoilage,0.08,10.99,routine
7884,2,2021-03-09,returned_order,0.02,2.45,routine
7885,3,2021-03-09,prep_waste,0.25,33.15,routine
7886,3,2021-03-09,unsold_cooked,0.14,19.91,routine
7887,3,2021-03-09,spoilage,0.05,6.95,routine
7888,3,2021-03-09,returned_order,0.02,2.47,routine
7889,1,2021-03-10,prep_waste,0.27,31.08,routine
7890,1,2021-03-10,unsold_cooked,0.2,21.36,routine
7891,1,2021-03-10,spoilage,0.04,4.88,routine
7892,1,2021-03-10,returned_order,0.02,2.59,routine
7893,2,2021-03-10,prep_waste,0.23,27.4,routine
7894,2,2021-03-10,unsold_cooked,0.18,21.76,routine
7895,2,2021-03-10,spoilage,0.04,4.91,routine
7896,2,2021-03-10,returned_order,0.02,2.35,routine
7897,3,2021-03-10,prep_waste,0.33,39.36,routine
7898,3,2021-03-10,unsold_cooked,0.18,24.77,routine
7899,3,2021-03-10,spoilage,0.03,3.8,routine
7900,3,2021-03-10,returned_order,0.02,2.23,routine
7901,1,2021-03-11,prep_waste,0.3,45.14,routine
7902,1,2021-03-11,unsold_cooked,0.27,36.48,routine
7903,1,2021-03-11,spoilage,0.05,7.79,routine
7904,1,2021-03-11,returned_order,0.62,72.02,routine
7905,2,2021-03-11,prep_waste,0.32,42.03,routine
7906,2,2021-03-11,unsold_cooked,0.18,25.38,routine
7907,2,2021-03-11,spoilage,0.04,5.68,routine
7908,2,2021-03-11,returned_order,0.02,2.61,routine
7909,3,2021-03-11,prep_waste,0.3,43.36,routine
7910,3,2021-03-11,unsold_cooked,0.2,28.15,routine
7911,3,2021-03-11,spoilage,0.04,4.57,routine
7912,3,2021-03-11,returned_order,0.02,2.98,routine
7913,1,2021-03-12,prep_waste,0.31,32.86,routine
7914,1,2021-03-12,unsold_cooked,0.1,11.35,routine
7915,1,2021-03-12,spoilage,0.07,8.46,routine
7916,1,2021-03-12,returned_order,0.02,2.63,routine
7917,2,2021-03-12,prep_waste,0.32,43.34,routine
7918,2,2021-03-12,unsold_cooked,0.14,19.12,routine
7919,2,2021-03-12,spoilage,0.04,4.43,routine
7920,2,2021-03-12,returned_order,0.02,2.45,routine
7921,3,2021-03-12,prep_waste,0.25,28.63,routine
7922,3,2021-03-12,unsold_cooked,0.18,26.22,routine
7923,3,2021-03-12,spoilage,0.04,5.89,routine
7924,3,2021-03-12,returned_order,0.02,2.3,routine
7925,1,2021-03-13,prep_waste,0.32,42.41,routine
7926,1,2021-03-13,unsold_cooked,0.16,18.89,routine
7927,1,2021-03-13,spoilage,0.07,8.98,routine
7928,1,2021-03-13,returned_order,0.02,2.94,routine
7929,2,2021-03-13,prep_waste,0.24,30.85,routine
7930,2,2021-03-13,unsold_cooked,0.23,30.13,routine
7931,2,2021-03-13,spoilage,0.06,7.71,routine
7932,2,2021-03-13,returned_order,0.02,2.42,routine
7933,3,2021-03-13,prep_waste,0.32,48.71,routine
7934,3,2021-03-13,unsold_cooked,0.1,12.65,routine
7935,3,2021-03-13,spoilage,0.06,8.76,routine
7936,3,2021-03-13,returned_order,0.02,3.07,routine
7937,1,2021-03-14,prep_waste,0.27,31.33,routine
7938,1,2021-03-14,unsold_cooked,0.15,19.8,routine
7939,1,2021-03-14,spoilage,0.04,5.51,routine
7940,1,2021-03-14,returned_order,0.78,119.41,routine
7941,2,2021-03-14,prep_waste,0.29,39.89,routine
7942,2,2021-03-14,unsold_cooked,0.25,27.9,routine
7943,2,2021-03-14,spoilage,0.06,6.68,routine
7944,2,2021-03-14,returned_order,0.02,2.47,routine
7945,3,2021-03-14,prep_waste,0.43,55.83,routine
7946,3,2021-03-14,unsold_cooked,0.18,21.13,routine
7947,3,2021-03-14,spoilage,0.04,5.66,routine
7948,3,2021-03-14,returned_order,0.59,64.9,routine
7949,1,2021-03-15,prep_waste,0.25,33.07,routine
7950,1,2021-03-15,unsold_cooked,0.24,24.81,routine
7951,1,2021-03-15,spoilage,0.08,9.89,routine
7952,1,2021-03-15,returned_order,0.02,2.45,routine
7953,2,2021-03-15,prep_waste,0.4,55.01,routine
7954,2,2021-03-15,unsold_cooked,0.2,28.5,routine
7955,2,2021-03-15,spoilage,0.07,10.16,routine
7956,2,2021-03-15,returned_order,0.02,2.57,routine
7957,3,2021-03-15,prep_waste,0.37,39.03,routine
7958,3,2021-03-15,unsold_cooked,0.21,27.45,routine
7959,3,2021-03-15,spoilage,0.08,8.78,routine
7960,3,2021-03-15,returned_order,0.02,3.01,routine
7961,1,2021-03-16,prep_waste,0.42,60.26,routine
7962,1,2021-03-16,unsold_cooked,0.13,19.81,routine
7963,1,2021-03-16,spoilage,0.08,9.51,routine
7964,1,2021-03-16,returned_order,0.77,86.57,routine
7965,2,2021-03-16,prep_waste,0.25,31.18,routine
7966,2,2021-03-16,unsold_cooked,0.19,26.5,routine
7967,2,2021-03-16,spoilage,0.04,4.71,routine
7968,2,2021-03-16,returned_order,0.02,2.13,routine
7969,3,2021-03-16,prep_waste,0.36,43.9,routine
7970,3,2021-03-16,unsold_cooked,0.24,28.42,routine
7971,3,2021-03-16,spoilage,0.06,9.24,routine
7972,3,2021-03-16,returned_order,0.02,2.94,routine
7973,1,2021-03-17,prep_waste,0.42,51.29,routine
7974,1,2021-03-17,unsold_cooked,0.22,26.87,routine
7975,1,2021-03-17,spoilage,0.05,5.61,routine
7976,1,2021-03-17,returned_order,0.02,2.3,routine
7977,2,2021-03-17,prep_waste,0.3,38.72,routine
7978,2,2021-03-17,unsold_cooked,0.12,12.22,routine
7979,2,2021-03-17,spoilage,0.07,7.71,routine
7980,2,2021-03-17,returned_order,0.02,2.64,routine
7981,3,2021-03-17,prep_waste,0.2,24.86,routine
7982,3,2021-03-17,unsold_cooked,0.22,28.84,routine
7983,3,2021-03-17,spoilage,0.07,11.39,routine
7984,3,2021-03-17,returned_order,0.02,2.82,routine
7985,1,2021-03-18,prep_waste,0.2,30.86,routine
7986,1,2021-03-18,unsold_cooked,0.23,29.92,routine
7987,1,2021-03-18,spoilage,0.04,4.99,routine
7988,1,2021-03-18,returned_order,0.02,2.55,routine
7989,2,2021-03-18,prep_waste,0.27,28.91,routine
7990,2,2021-03-18,unsold_cooked,0.21,22.98,routine
7991,2,2021-03-18,spoilage,0.06,6.96,routine
7992,2,2021-03-18,returned_order,0.02,2.73,routine
7993,3,2021-03-18,prep_waste,0.27,32.41,routine
7994,3,2021-03-18,unsold_cooked,0.24,30.82,routine
7995,3,2021-03-18,spoilage,0.04,4.35,routine
7996,3,2021-03-18,returned_order,0.02,2.62,routine
7997,1,2021-03-19,prep_waste,0.41,61.61,routine
7998,1,2021-03-19,unsold_cooked,0.2,22.2,routine
7999,1,2021-03-19,spoilage,0.05,6.53,routine
8000,1,2021-03-19,returned_order,0.02,2.12,routine
8001,2,2021-03-19,prep_waste,0.41,61.36,routine
8002,2,2021-03-19,unsold_cooked,0.2,21.99,routine
8003,2,2021-03-19,spoilage,0.08,9.25,routine
8004,2,2021-03-19,returned_order,0.02,2.51,routine
8005,3,2021-03-19,prep_waste,0.31,40.17,routine
8006,3,2021-03-19,unsold_cooked,0.11,15.81,routine
8007,3,2021-03-19,spoilage,0.06,6.37,routine
8008,3,2021-03-19,returned_order,0.02,2.54,routine
8009,1,2021-03-20,prep_waste,0.37,41.6,routine
8010,1,2021-03-20,unsold_cooked,0.23,28.36,routine
8011,1,2021-03-20,spoilage,0.07,9.86,routine
8012,1,2021-03-20,returned_order,0.71,85.86,routine
8013,2,2021-03-20,prep_waste,0.19,27.08,routine
8014,2,2021-03-20,unsold_cooked,0.15,18.56,routine
8015,2,2021-03-20,spoilage,0.06,7.76,routine
8016,2,2021-03-20,returned_order,0.76,95.69,routine
8017,3,2021-03-20,prep_waste,0.22,23.79,routine
8018,3,2021-03-20,unsold_cooked,0.15,17.04,routine
8019,3,2021-03-20,spoilage,0.06,7.17,routine
8020,3,2021-03-20,returned_order,0.02,2.83,routine
8021,1,2021-03-21,prep_waste,0.21,25.07,routine
8022,1,2021-03-21,unsold_cooked,0.24,29.78,routine
8023,1,2021-03-21,spoilage,0.06,7.65,routine
8024,1,2021-03-21,returned_order,1.52,190.23,routine
8025,2,2021-03-21,prep_waste,0.31,46.26,routine
8026,2,2021-03-21,unsold_cooked,0.11,15.57,routine
8027,2,2021-03-21,spoilage,0.05,6.44,routine
8028,2,2021-03-21,returned_order,0.02,2.21,routine
8029,3,2021-03-21,prep_waste,0.28,42.49,routine
8030,3,2021-03-21,unsold_cooked,0.22,25.34,routine
8031,3,2021-03-21,spoilage,0.06,7.39,routine
8032,3,2021-03-21,returned_order,0.02,2.94,routine
8033,1,2021-03-22,prep_waste,0.33,48.45,routine
8034,1,2021-03-22,unsold_cooked,0.19,26.46,routine
8035,1,2021-03-22,spoilage,0.08,9.5,routine
8036,1,2021-03-22,returned_order,0.84,125.93,routine
8037,2,2021-03-22,prep_waste,0.43,66.81,routine
8038,2,2021-03-22,unsold_cooked,0.18,22.35,routine
8039,2,2021-03-22,spoilage,0.04,4.82,routine
8040,2,2021-03-22,returned_order,0.02,2.23,routine
8041,3,2021-03-22,prep_waste,0.39,48.94,routine
8042,3,2021-03-22,unsold_cooked,0.23,24.83,routine
8043,3,2021-03-22,spoilage,0.08,11.13,routine
8044,3,2021-03-22,returned_order,0.02,2.22,routine
8045,1,2021-03-23,prep_waste,0.33,43.1,routine
8046,1,2021-03-23,unsold_cooked,0.2,24.32,routine
8047,1,2021-03-23,spoilage,0.05,5.34,routine
8048,1,2021-03-23,returned_order,0.02,3.06,routine
8049,2,2021-03-23,prep_waste,0.21,27.24,routine
8050,2,2021-03-23,unsold_cooked,0.1,13.98,routine
8051,2,2021-03-23,spoilage,0.06,6.98,routine
8052,2,2021-03-23,returned_order,0.02,3.09,routine
8053,3,2021-03-23,prep_waste,0.43,46.67,routine
8054,3,2021-03-23,unsold_cooked,0.16,19.96,routine
8055,3,2021-03-23,spoilage,0.07,7.57,routine
8056,3,2021-03-23,returned_order,0.02,2.9,routine
8057,1,2021-03-24,prep_waste,0.44,55.89,routine
8058,1,2021-03-24,unsold_cooked,0.17,24.16,routine
8059,1,2021-03-24,spoilage,0.04,4.69,routine
8060,1,2021-03-24,returned_order,1.45,156.54,routine
8061,2,2021-03-24,prep_waste,0.25,28.31,routine
8062,2,2021-03-24,unsold_cooked,0.14,15.15,routine
8063,2,2021-03-24,spoilage,0.07,8.38,routine
8064,2,2021-03-24,returned_order,0.02,2.87,routine
8065,3,2021-03-24,prep_waste,0.35,41.27,routine
8066,3,2021-03-24,unsold_cooked,0.23,30.98,routine
8067,3,2021-03-24,spoilage,0.04,4.8,routine
8068,3,2021-03-24,returned_order,0.02,2.45,routine
8069,1,2021-03-25,prep_waste,0.38,43.1,routine
8070,1,2021-03-25,unsold_cooked,0.24,27.22,routine
8071,1,2021-03-25,spoilage,0.04,5.52,routine
8072,1,2021-03-25,returned_order,0.57,86.25,routine
8073,2,2021-03-25,prep_waste,0.23,27.62,routine
8074,2,2021-03-25,unsold_cooked,0.24,30.54,routine
8075,2,2021-03-25,spoilage,0.04,4.8,routine
8076,2,2021-03-25,returned_order,0.02,2.52,routine
8077,3,2021-03-25,prep_waste,0.43,58.94,routine
8078,3,2021-03-25,unsold_cooked,0.14,21.13,routine
8079,3,2021-03-25,spoilage,0.03,4.33,routine
8080,3,2021-03-25,returned_order,0.57,80.46,routine
8081,1,2021-03-26,prep_waste,0.42,54.43,routine
8082,1,2021-03-26,unsold_cooked,0.13,17.28,routine
8083,1,2021-03-26,spoilage,0.05,6.69,routine
8084,1,2021-03-26,returned_order,0.02,2.19,routine
8085,2,2021-03-26,prep_waste,0.3,33.35,routine
8086,2,2021-03-26,unsold_cooked,0.22,26.52,routine
8087,2,2021-03-26,spoilage,0.07,7.27,routine
8088,2,2021-03-26,returned_order,0.02,2.36,routine
8089,3,2021-03-26,prep_waste,0.23,29.89,routine
8090,3,2021-03-26,unsold_cooked,0.13,14.3,routine
8091,3,2021-03-26,spoilage,0.04,4.87,routine
8092,3,2021-03-26,returned_order,0.02,2.99,routine
8093,1,2021-03-27,prep_waste,0.4,46.2,routine
8094,1,2021-03-27,unsold_cooked,0.15,21.38,routine
8095,1,2021-03-27,spoilage,0.06,7.42,routine
8096,1,2021-03-27,returned_order,0.02,2.2,routine
8097,2,2021-03-27,prep_waste,0.27,36.01,routine
8098,2,2021-03-27,unsold_cooked,0.12,15.38,routine
8099,2,2021-03-27,spoilage,0.05,6.9,routine
8100,2,2021-03-27,returned_order,0.02,3.05,routine
8101,3,2021-03-27,prep_waste,0.37,39.2,routine
8102,3,2021-03-27,unsold_cooked,0.15,21.88,routine
8103,3,2021-03-27,spoilage,0.08,8.53,routine
8104,3,2021-03-27,returned_order,0.02,2.28,routine
8105,1,2021-03-28,prep_waste,0.24,30.56,routine
8106,1,2021-03-28,unsold_cooked,0.25,31.37,routine
8107,1,2021-03-28,spoilage,0.07,9.01,routine
8108,1,2021-03-28,returned_order,0.82,86.77,routine
8109,2,2021-03-28,prep_waste,0.36,49.29,routine
8110,2,2021-03-28,unsold_cooked,0.1,12.43,routine
8111,2,2021-03-28,spoilage,0.07,8.91,routine
8112,2,2021-03-28,returned_order,0.02,2.61,routine
8113,3,2021-03-28,prep_waste,0.28,41.5,routine
8114,3,2021-03-28,unsold_cooked,0.16,22.35,routine
8115,3,2021-03-28,spoilage,0.06,7.21,routine
8116,3,2021-03-28,returned_order,0.02,2.42,routine
8117,1,2021-03-29,prep_waste,0.19,23.91,routine
8118,1,2021-03-29,unsold_cooked,0.2,27.66,routine
8119,1,2021-03-29,spoilage,0.06,8.07,routine
8120,1,2021-03-29,returned_order,0.02,2.74,routine
8121,2,2021-03-29,prep_waste,0.31,46.86,routine
8122,2,2021-03-29,unsold_cooked,0.23,25.07,routine
8123,2,2021-03-29,spoilage,0.07,9.86,routine
8124,2,2021-03-29,returned_order,0.02,3.01,routine
8125,3,2021-03-29,prep_waste,0.21,26.92,routine
8126,3,2021-03-29,unsold_cooked,0.17,26.46,routine
8127,3,2021-03-29,spoilage,0.05,5.26,routine
8128,3,2021-03-29,returned_order,0.02,3.05,routine
8129,1,2021-03-30,prep_waste,0.33,36.42,routine
8130,1,2021-03-30,unsold_cooked,0.23,28.55,routine
8131,1,2021-03-30,spoilage,0.07,9.84,routine
8132,1,2021-03-30,returned_order,0.02,2.88,routine
8133,2,2021-03-30,prep_waste,0.33,44.16,routine
8134,2,2021-03-30,unsold_cooked,0.1,14.1,routine
8135,2,2021-03-30,spoilage,0.06,6.74,routine
8136,2,2021-03-30,returned_order,0.02,2.3,routine
8137,3,2021-03-30,prep_waste,0.25,29.74,routine
8138,3,2021-03-30,unsold_cooked,0.11,12.62,routine
8139,3,2021-03-30,spoilage,0.06,7.59,routine
8140,3,2021-03-30,returned_order,0.02,2.77,routine
8141,1,2021-03-31,prep_waste,0.26,30.46,routine
8142,1,2021-03-31,unsold_cooked,0.13,18.1,routine
8143,1,2021-03-31,spoilage,0.07,8.92,routine
8144,1,2021-03-31,returned_order,0.02,2.91,routine
8145,2,2021-03-31,prep_waste,0.2,24.46,routine
8146,2,2021-03-31,unsold_cooked,0.23,25.68,routine
8147,2,2021-03-31,spoilage,0.06,7.19,routine
8148,2,2021-03-31,returned_order,0.55,84.44,routine
8149,3,2021-03-31,prep_waste,0.39,53.16,routine
8150,3,2021-03-31,unsold_cooked,0.23,35.0,routine
8151,3,2021-03-31,spoilage,0.08,8.09,routine
8152,3,2021-03-31,returned_order,0.02,2.26,routine
8153,1,2021-04-01,prep_waste,0.28,31.98,routine
8154,1,2021-04-01,unsold_cooked,0.12,14.27,routine
8155,1,2021-04-01,spoilage,0.05,7.44,routine
8156,1,2021-04-01,returned_order,0.02,2.33,routine
8157,2,2021-04-01,prep_waste,0.42,65.45,routine
8158,2,2021-04-01,unsold_cooked,0.24,34.08,routine
8159,2,2021-04-01,spoilage,0.07,7.89,routine
8160,2,2021-04-01,returned_order,0.02,2.24,routine
8161,3,2021-04-01,prep_waste,0.18,24.5,routine
8162,3,2021-04-01,unsold_cooked,0.24,36.75,routine
8163,3,2021-04-01,spoilage,0.06,6.37,routine
8164,3,2021-04-01,returned_order,0.02,2.44,routine
8165,1,2021-04-02,prep_waste,0.3,40.07,routine
8166,1,2021-04-02,unsold_cooked,0.19,23.07,routine
8167,1,2021-04-02,spoilage,0.06,6.72,routine
8168,1,2021-04-02,returned_order,0.02,2.57,routine
8169,2,2021-04-02,prep_waste,0.29,33.57,routine
8170,2,2021-04-02,unsold_cooked,0.13,17.99,routine
8171,2,2021-04-02,spoilage,0.04,4.74,routine
8172,2,2021-04-02,returned_order,0.56,71.07,routine
8173,3,2021-04-02,prep_waste,0.18,23.34,routine
8174,3,2021-04-02,unsold_cooked,0.16,17.48,routine
8175,3,2021-04-02,spoilage,0.07,9.06,routine
8176,3,2021-04-02,returned_order,0.02,2.5,routine
8177,1,2021-04-03,prep_waste,0.39,57.98,routine
8178,1,2021-04-03,unsold_cooked,0.25,35.23,routine
8179,1,2021-04-03,spoilage,0.04,4.99,routine
8180,1,2021-04-03,returned_order,0.02,2.76,routine
8181,2,2021-04-03,prep_waste,0.39,43.46,routine
8182,2,2021-04-03,unsold_cooked,0.14,16.84,routine
8183,2,2021-04-03,spoilage,0.04,5.13,routine
8184,2,2021-04-03,returned_order,0.02,2.27,routine
8185,3,2021-04-03,prep_waste,0.24,29.26,routine
8186,3,2021-04-03,unsold_cooked,0.11,16.8,routine
8187,3,2021-04-03,spoilage,0.04,5.43,routine
8188,3,2021-04-03,returned_order,0.02,2.78,routine
8189,1,2021-04-04,prep_waste,0.24,30.95,routine
8190,1,2021-04-04,unsold_cooked,0.18,22.37,routine
8191,1,2021-04-04,spoilage,0.05,7.24,routine
8192,1,2021-04-04,returned_order,0.68,86.79,routine
8193,2,2021-04-04,prep_waste,0.29,41.17,routine
8194,2,2021-04-04,unsold_cooked,0.21,31.52,routine
8195,2,2021-04-04,spoilage,0.08,11.0,routine
8196,2,2021-04-04,returned_order,0.02,2.42,routine
8197,3,2021-04-04,prep_waste,0.22,26.42,routine
8198,3,2021-04-04,unsold_cooked,0.1,12.07,routine
8199,3,2021-04-04,spoilage,0.04,4.25,routine
8200,3,2021-04-04,returned_order,0.02,2.25,routine
8201,1,2021-04-05,prep_waste,0.31,46.4,routine
8202,1,2021-04-05,unsold_cooked,0.17,17.56,routine
8203,1,2021-04-05,spoilage,0.08,11.35,routine
8204,1,2021-04-05,returned_order,0.73,82.92,routine
8205,2,2021-04-05,prep_waste,0.35,38.78,routine
8206,2,2021-04-05,unsold_cooked,0.21,28.19,routine
8207,2,2021-04-05,spoilage,0.07,9.99,routine
8208,2,2021-04-05,returned_order,0.02,2.56,routine
8209,3,2021-04-05,prep_waste,0.19,24.89,routine
8210,3,2021-04-05,unsold_cooked,0.14,21.32,routine
8211,3,2021-04-05,spoilage,0.04,6.53,routine
8212,3,2021-04-05,returned_order,0.02,3.06,routine
8213,1,2021-04-06,prep_waste,0.38,50.6,routine
8214,1,2021-04-06,unsold_cooked,0.18,21.37,routine
8215,1,2021-04-06,spoilage,0.05,5.53,routine
8216,1,2021-04-06,returned_order,0.02,3.02,routine
8217,2,2021-04-06,prep_waste,0.23,31.04,routine
8218,2,2021-04-06,unsold_cooked,0.1,11.67,routine
8219,2,2021-04-06,spoilage,0.07,9.06,routine
8220,2,2021-04-06,returned_order,0.68,100.93,routine
8221,3,2021-04-06,prep_waste,0.18,21.08,routine
8222,3,2021-04-06,unsold_cooked,0.15,23.96,routine
8223,3,2021-04-06,spoilage,0.07,9.46,routine
8224,3,2021-04-06,returned_order,0.02,2.3,routine
8225,1,2021-04-07,prep_waste,0.29,44.52,routine
8226,1,2021-04-07,unsold_cooked,0.22,27.02,routine
8227,1,2021-04-07,spoilage,0.07,8.16,routine
8228,1,2021-04-07,returned_order,0.02,2.56,routine
8229,2,2021-04-07,prep_waste,0.4,56.88,routine
8230,2,2021-04-07,unsold_cooked,0.23,26.45,routine
8231,2,2021-04-07,spoilage,0.03,4.43,routine
8232,2,2021-04-07,returned_order,0.02,2.9,routine
8233,3,2021-04-07,prep_waste,0.25,31.99,routine
8234,3,2021-04-07,unsold_cooked,0.24,33.73,routine
8235,3,2021-04-07,spoilage,0.07,8.67,routine
8236,3,2021-04-07,returned_order,0.02,2.51,routine
8237,1,2021-04-08,prep_waste,0.37,56.13,routine
8238,1,2021-04-08,unsold_cooked,0.23,34.65,routine
8239,1,2021-04-08,spoilage,0.07,7.66,routine
8240,1,2021-04-08,returned_order,0.02,3.03,routine
8241,2,2021-04-08,prep_waste,0.33,36.02,routine
8242,2,2021-04-08,unsold_cooked,0.23,34.63,routine
8243,2,2021-04-08,spoilage,0.05,4.88,routine
8244,2,2021-04-08,returned_order,0.02,2.85,routine
8245,3,2021-04-08,prep_waste,0.24,25.65,routine
8246,3,2021-04-08,unsold_cooked,0.13,16.4,routine
8247,3,2021-04-08,spoilage,0.08,8.89,routine
8248,3,2021-04-08,returned_order,0.02,2.49,routine
8249,1,2021-04-09,prep_waste,0.38,42.21,routine
8250,1,2021-04-09,unsold_cooked,0.14,20.83,routine
8251,1,2021-04-09,spoilage,0.08,9.55,routine
8252,1,2021-04-09,returned_order,0.02,2.4,routine
8253,2,2021-04-09,prep_waste,0.25,34.61,routine
8254,2,2021-04-09,unsold_cooked,0.13,14.61,routine
8255,2,2021-04-09,spoilage,0.08,11.54,routine
8256,2,2021-04-09,returned_order,0.7,75.46,routine
8257,3,2021-04-09,prep_waste,0.25,34.52,routine
8258,3,2021-04-09,unsold_cooked,0.12,15.56,routine
8259,3,2021-04-09,spoilage,0.07,10.47,routine
8260,3,2021-04-09,returned_order,0.02,2.12,routine
8261,1,2021-04-10,prep_waste,0.36,51.63,routine
8262,1,2021-04-10,unsold_cooked,0.1,13.16,routine
8263,1,2021-04-10,spoilage,0.06,9.25,routine
8264,1,2021-04-10,returned_order,0.02,3.06,routine
8265,2,2021-04-10,prep_waste,0.41,56.15,routine
8266,2,2021-04-10,unsold_cooked,0.19,26.79,routine
8267,2,2021-04-10,spoilage,0.06,6.91,routine
8268,2,2021-04-10,returned_order,0.02,2.67,routine
8269,3,2021-04-10,prep_waste,0.3,32.51,routine
8270,3,2021-04-10,unsold_cooked,0.23,30.48,routine
8271,3,2021-04-10,spoilage,0.08,9.25,routine
8272,3,2021-04-10,returned_order,0.02,2.23,routine
8273,1,2021-04-11,prep_waste,0.43,53.33,routine
8274,1,2021-04-11,unsold_cooked,0.18,22.8,routine
8275,1,2021-04-11,spoilage,0.07,9.32,routine
8276,1,2021-04-11,returned_order,0.59,64.32,routine
8277,2,2021-04-11,prep_waste,0.39,42.76,routine
8278,2,2021-04-11,unsold_cooked,0.16,21.69,routine
8279,2,2021-04-11,spoilage,0.07,8.38,routine
8280,2,2021-04-11,returned_order,1.7,231.23,routine
8281,3,2021-04-11,prep_waste,0.4,42.74,routine
8282,3,2021-04-11,unsold_cooked,0.12,13.9,routine
8283,3,2021-04-11,spoilage,0.08,11.83,routine
8284,3,2021-04-11,returned_order,0.02,2.72,routine
8285,1,2021-04-12,prep_waste,0.18,19.04,routine
8286,1,2021-04-12,unsold_cooked,0.25,26.73,routine
8287,1,2021-04-12,spoilage,0.04,5.02,routine
8288,1,2021-04-12,returned_order,0.02,3.09,routine
8289,2,2021-04-12,prep_waste,0.24,27.13,routine
8290,2,2021-04-12,unsold_cooked,0.24,36.32,routine
8291,2,2021-04-12,spoilage,0.06,8.46,routine
8292,2,2021-04-12,returned_order,1.77,195.17,routine
8293,3,2021-04-12,prep_waste,0.37,55.53,routine
8294,3,2021-04-12,unsold_cooked,0.22,34.1,routine
8295,3,2021-04-12,spoilage,0.07,10.48,routine
8296,3,2021-04-12,returned_order,0.02,2.62,routine
8297,1,2021-04-13,prep_waste,0.24,25.7,routine
8298,1,2021-04-13,unsold_cooked,0.12,13.44,routine
8299,1,2021-04-13,spoilage,0.06,9.34,routine
8300,1,2021-04-13,returned_order,0.02,2.55,routine
8301,2,2021-04-13,prep_waste,0.28,38.59,routine
8302,2,2021-04-13,unsold_cooked,0.22,34.38,routine
8303,2,2021-04-13,spoilage,0.06,7.65,routine
8304,2,2021-04-13,returned_order,0.02,2.89,routine
8305,3,2021-04-13,prep_waste,0.25,32.0,routine
8306,3,2021-04-13,unsold_cooked,0.2,22.15,routine
8307,3,2021-04-13,spoilage,0.05,6.21,routine
8308,3,2021-04-13,returned_order,0.02,2.85,routine
8309,1,2021-04-14,prep_waste,0.38,44.71,routine
8310,1,2021-04-14,unsold_cooked,0.1,11.4,routine
8311,1,2021-04-14,spoilage,0.06,7.5,routine
8312,1,2021-04-14,returned_order,0.02,2.99,routine
8313,2,2021-04-14,prep_waste,0.36,46.26,routine
8314,2,2021-04-14,unsold_cooked,0.15,19.0,routine
8315,2,2021-04-14,spoilage,0.04,4.63,routine
8316,2,2021-04-14,returned_order,0.02,2.16,routine
8317,3,2021-04-14,prep_waste,0.29,34.16,routine
8318,3,2021-04-14,unsold_cooked,0.14,20.9,routine
8319,3,2021-04-14,spoilage,0.07,9.42,routine
8320,3,2021-04-14,returned_order,0.02,2.12,routine
8321,1,2021-04-15,prep_waste,0.43,48.67,routine
8322,1,2021-04-15,unsold_cooked,0.1,14.33,routine
8323,1,2021-04-15,spoilage,0.04,5.6,routine
8324,1,2021-04-15,returned_order,0.02,2.31,routine
8325,2,2021-04-15,prep_waste,0.29,43.0,routine
8326,2,2021-04-15,unsold_cooked,0.17,26.05,routine
8327,2,2021-04-15,spoilage,0.06,8.0,routine
8328,2,2021-04-15,returned_order,0.02,2.97,routine
8329,3,2021-04-15,prep_waste,0.22,25.15,routine
8330,3,2021-04-15,unsold_cooked,0.17,25.06,routine
8331,3,2021-04-15,spoilage,0.07,8.23,routine
8332,3,2021-04-15,returned_order,0.02,2.97,routine
8333,1,2021-04-16,prep_waste,0.32,45.75,routine
8334,1,2021-04-16,unsold_cooked,0.12,14.03,routine
8335,1,2021-04-16,spoilage,0.05,6.85,routine
8336,1,2021-04-16,returned_order,0.02,2.45,routine
8337,2,2021-04-16,prep_waste,0.21,28.0,routine
8338,2,2021-04-16,unsold_cooked,0.17,23.87,routine
8339,2,2021-04-16,spoilage,0.05,5.25,routine
8340,2,2021-04-16,returned_order,0.02,2.51,routine
8341,3,2021-04-16,prep_waste,0.24,33.19,routine
8342,3,2021-04-16,unsold_cooked,0.24,31.29,routine
8343,3,2021-04-16,spoilage,0.07,10.2,routine
8344,3,2021-04-16,returned_order,0.02,2.2,routine
8345,1,2021-04-17,prep_waste,0.33,47.67,routine
8346,1,2021-04-17,unsold_cooked,0.1,15.26,routine
8347,1,2021-04-17,spoilage,0.04,5.5,routine
8348,1,2021-04-17,returned_order,0.02,2.98,routine
8349,2,2021-04-17,prep_waste,0.37,39.84,routine
8350,2,2021-04-17,unsold_cooked,0.2,25.9,routine
8351,2,2021-04-17,spoilage,0.08,12.1,routine
8352,2,2021-04-17,returned_order,0.02,2.45,routine
8353,3,2021-04-17,prep_waste,0.31,48.14,routine
8354,3,2021-04-17,unsold_cooked,0.17,25.51,routine
8355,3,2021-04-17,spoilage,0.07,9.26,routine
8356,3,2021-04-17,returned_order,0.02,2.46,routine
8357,1,2021-04-18,prep_waste,0.23,25.0,routine
8358,1,2021-04-18,unsold_cooked,0.2,23.97,routine
8359,1,2021-04-18,spoilage,0.04,4.7,routine
8360,1,2021-04-18,returned_order,0.02,3.07,routine
8361,2,2021-04-18,prep_waste,0.33,42.48,routine
8362,2,2021-04-18,unsold_cooked,0.19,25.2,routine
8363,2,2021-04-18,spoilage,0.06,6.88,routine
8364,2,2021-04-18,returned_order,0.02,2.34,routine
8365,3,2021-04-18,prep_waste,0.42,53.09,routine
8366,3,2021-04-18,unsold_cooked,0.16,23.1,routine
8367,3,2021-04-18,spoilage,0.05,5.42,routine
8368,3,2021-04-18,returned_order,0.02,2.15,routine
8369,1,2021-04-19,prep_waste,0.4,49.52,routine
8370,1,2021-04-19,unsold_cooked,0.11,13.32,routine
8371,1,2021-04-19,spoilage,0.07,8.83,routine
8372,1,2021-04-19,returned_order,0.02,2.79,routine
8373,2,2021-04-19,prep_waste,0.41,44.66,routine
8374,2,2021-04-19,unsold_cooked,0.16,23.35,routine
8375,2,2021-04-19,spoilage,0.05,6.6,routine
8376,2,2021-04-19,returned_order,0.02,2.29,routine
8377,3,2021-04-19,prep_waste,0.26,32.72,routine
8378,3,2021-04-19,unsold_cooked,0.15,18.95,routine
8379,3,2021-04-19,spoilage,0.07,9.81,routine
8380,3,2021-04-19,returned_order,0.02,2.13,routine
8381,1,2021-04-20,prep_waste,0.22,32.32,routine
8382,1,2021-04-20,unsold_cooked,0.18,21.75,routine
8383,1,2021-04-20,spoilage,0.05,5.16,routine
8384,1,2021-04-20,returned_order,0.02,2.63,routine
8385,2,2021-04-20,prep_waste,0.44,58.44,routine
8386,2,2021-04-20,unsold_cooked,0.16,21.33,routine
8387,2,2021-04-20,spoilage,0.06,6.93,routine
8388,2,2021-04-20,returned_order,0.02,2.58,routine
8389,3,2021-04-20,prep_waste,0.23,27.63,routine
8390,3,2021-04-20,unsold_cooked,0.17,26.16,routine
8391,3,2021-04-20,spoilage,0.06,8.54,routine
8392,3,2021-04-20,returned_order,0.02,2.44,routine
8393,1,2021-04-21,prep_waste,0.33,38.3,routine
8394,1,2021-04-21,unsold_cooked,0.18,22.57,routine
8395,1,2021-04-21,spoilage,0.04,4.83,routine
8396,1,2021-04-21,returned_order,0.02,2.48,routine
8397,2,2021-04-21,prep_waste,0.4,62.07,routine
8398,2,2021-04-21,unsold_cooked,0.17,18.1,routine
8399,2,2021-04-21,spoilage,0.07,10.39,routine
8400,2,2021-04-21,returned_order,0.02,3.07,routine
8401,3,2021-04-21,prep_waste,0.23,30.85,routine
8402,3,2021-04-21,unsold_cooked,0.13,16.88,routine
8403,3,2021-04-21,spoilage,0.06,9.37,routine
8404,3,2021-04-21,returned_order,0.02,2.83,routine
8405,1,2021-04-22,prep_waste,0.32,43.28,routine
8406,1,2021-04-22,unsold_cooked,0.11,12.32,routine
8407,1,2021-04-22,spoilage,0.07,8.3,routine
8408,1,2021-04-22,returned_order,0.02,2.59,routine
8409,2,2021-04-22,prep_waste,0.19,28.12,routine
8410,2,2021-04-22,unsold_cooked,0.12,16.86,routine
8411,2,2021-04-22,spoilage,0.04,6.34,routine
8412,2,2021-04-22,returned_order,0.02,2.96,routine
8413,3,2021-04-22,prep_waste,0.37,52.61,routine
8414,3,2021-04-22,unsold_cooked,0.13,16.63,routine
8415,3,2021-04-22,spoilage,0.08,10.59,routine
8416,3,2021-04-22,returned_order,0.02,2.95,routine
8417,1,2021-04-23,prep_waste,0.27,41.61,routine
8418,1,2021-04-23,unsold_cooked,0.22,25.49,routine
8419,1,2021-04-23,spoilage,0.06,7.15,routine
8420,1,2021-04-23,returned_order,0.02,2.25,routine
8421,2,2021-04-23,prep_waste,0.44,56.22,routine
8422,2,2021-04-23,unsold_cooked,0.16,20.37,routine
8423,2,2021-04-23,spoilage,0.07,10.62,routine
8424,2,2021-04-23,returned_order,0.02,2.68,routine
8425,3,2021-04-23,prep_waste,0.37,57.41,routine
8426,3,2021-04-23,unsold_cooked,0.2,21.23,routine
8427,3,2021-04-23,spoilage,0.05,7.37,routine
8428,3,2021-04-23,returned_order,0.02,2.12,routine
8429,1,2021-04-24,prep_waste,0.34,38.13,routine
8430,1,2021-04-24,unsold_cooked,0.13,17.59,routine
8431,1,2021-04-24,spoilage,0.04,5.99,routine
8432,1,2021-04-24,returned_order,0.02,2.35,routine
8433,2,2021-04-24,prep_waste,0.35,48.66,routine
8434,2,2021-04-24,unsold_cooked,0.15,21.29,routine
8435,2,2021-04-24,spoilage,0.06,7.49,routine
8436,2,2021-04-24,returned_order,0.02,2.66,routine
8437,3,2021-04-24,prep_waste,0.43,48.39,routine
8438,3,2021-04-24,unsold_cooked,0.13,19.94,routine
8439,3,2021-04-24,spoilage,0.06,7.59,routine
8440,3,2021-04-24,returned_order,0.02,2.27,routine
8441,1,2021-04-25,prep_waste,0.32,33.95,routine
8442,1,2021-04-25,unsold_cooked,0.2,25.54,routine
8443,1,2021-04-25,spoilage,0.05,7.93,routine
8444,1,2021-04-25,returned_order,0.02,2.44,routine
8445,2,2021-04-25,prep_waste,0.24,27.39,routine
8446,2,2021-04-25,unsold_cooked,0.12,14.57,routine
8447,2,2021-04-25,spoilage,0.06,5.92,routine
8448,2,2021-04-25,returned_order,0.02,2.73,routine
8449,3,2021-04-25,prep_waste,0.43,59.55,routine
8450,3,2021-04-25,unsold_cooked,0.14,15.19,routine
8451,3,2021-04-25,spoilage,0.07,8.74,routine
8452,3,2021-04-25,returned_order,0.02,2.65,routine
8453,1,2021-04-26,prep_waste,0.39,60.28,routine
8454,1,2021-04-26,unsold_cooked,0.17,23.67,routine
8455,1,2021-04-26,spoilage,0.05,6.3,routine
8456,1,2021-04-26,returned_order,0.02,2.51,routine
8457,2,2021-04-26,prep_waste,0.28,36.16,routine
8458,2,2021-04-26,unsold_cooked,0.19,22.13,routine
8459,2,2021-04-26,spoilage,0.06,7.42,routine
8460,2,2021-04-26,returned_order,0.71,95.09,routine
8461,3,2021-04-26,prep_waste,0.2,25.79,routine
8462,3,2021-04-26,unsold_cooked,0.13,16.86,routine
8463,3,2021-04-26,spoilage,0.05,6.48,routine
8464,3,2021-04-26,returned_order,0.02,2.33,routine
8465,1,2021-04-27,prep_waste,0.41,62.73,routine
8466,1,2021-04-27,unsold_cooked,0.17,24.99,routine
8467,1,2021-04-27,spoilage,0.06,7.44,routine
8468,1,2021-04-27,returned_order,0.02,3.05,routine
8469,2,2021-04-27,prep_waste,0.31,35.13,routine
8470,2,2021-04-27,unsold_cooked,0.17,22.98,routine
8471,2,2021-04-27,spoilage,0.07,9.33,routine
8472,2,2021-04-27,returned_order,0.02,2.23,routine
8473,3,2021-04-27,prep_waste,0.42,58.6,routine
8474,3,2021-04-27,unsold_cooked,0.22,32.77,routine
8475,3,2021-04-27,spoilage,0.04,4.75,routine
8476,3,2021-04-27,returned_order,0.02,2.3,routine
8477,1,2021-04-28,prep_waste,0.33,42.3,routine
8478,1,2021-04-28,unsold_cooked,0.13,18.23,routine
8479,1,2021-04-28,spoilage,0.03,4.49,routine
8480,1,2021-04-28,returned_order,0.02,2.11,routine
8481,2,2021-04-28,prep_waste,0.25,33.05,routine
8482,2,2021-04-28,unsold_cooked,0.13,16.4,routine
8483,2,2021-04-28,spoilage,0.06,7.5,routine
8484,2,2021-04-28,returned_order,0.02,2.1,routine
8485,3,2021-04-28,prep_waste,0.4,61.91,routine
8486,3,2021-04-28,unsold_cooked,0.16,18.76,routine
8487,3,2021-04-28,spoilage,0.05,6.11,routine
8488,3,2021-04-28,returned_order,0.02,3.01,routine
8489,1,2021-04-29,prep_waste,0.22,32.46,routine
8490,1,2021-04-29,unsold_cooked,0.1,14.73,routine
8491,1,2021-04-29,spoilage,0.08,12.2,routine
8492,1,2021-04-29,returned_order,0.02,3.01,routine
8493,2,2021-04-29,prep_waste,0.37,50.49,routine
8494,2,2021-04-29,unsold_cooked,0.24,35.96,routine
8495,2,2021-04-29,spoilage,0.04,4.86,routine
8496,2,2021-04-29,returned_order,0.02,2.59,routine
8497,3,2021-04-29,prep_waste,0.35,44.21,routine
8498,3,2021-04-29,unsold_cooked,0.15,15.85,routine
8499,3,2021-04-29,spoilage,0.07,7.86,routine
8500,3,2021-04-29,returned_order,0.02,2.63,routine
8501,1,2021-04-30,prep_waste,0.27,32.35,routine
8502,1,2021-04-30,unsold_cooked,0.13,18.84,routine
8503,1,2021-04-30,spoilage,0.05,7.74,routine
8504,1,2021-04-30,returned_order,0.02,2.25,routine
8505,2,2021-04-30,prep_waste,0.41,60.54,routine
8506,2,2021-04-30,unsold_cooked,0.18,26.46,routine
8507,2,2021-04-30,spoilage,0.07,9.63,routine
8508,2,2021-04-30,returned_order,0.02,2.77,routine
8509,3,2021-04-30,prep_waste,0.28,40.33,routine
8510,3,2021-04-30,unsold_cooked,0.23,30.58,routine
8511,3,2021-04-30,spoilage,0.07,7.26,routine
8512,3,2021-04-30,returned_order,0.02,2.22,routine
8513,1,2021-05-01,prep_waste,0.33,48.63,routine
8514,1,2021-05-01,unsold_cooked,0.1,13.55,routine
8515,1,2021-05-01,spoilage,0.04,5.69,routine
8516,1,2021-05-01,returned_order,2.02,231.36,routine
8517,2,2021-05-01,prep_waste,0.21,27.57,routine
8518,2,2021-05-01,unsold_cooked,0.11,15.42,routine
8519,2,2021-05-01,spoilage,0.05,5.58,routine
8520,2,2021-05-01,returned_order,0.02,2.68,routine
8521,3,2021-05-01,prep_waste,0.28,39.71,routine
8522,3,2021-05-01,unsold_cooked,0.21,29.46,routine
8523,3,2021-05-01,spoilage,0.07,7.57,routine
8524,3,2021-05-01,returned_order,0.02,2.51,routine
8525,1,2021-05-02,prep_waste,0.24,30.92,routine
8526,1,2021-05-02,unsold_cooked,0.16,18.96,routine
8527,1,2021-05-02,spoilage,0.06,8.49,routine
8528,1,2021-05-02,returned_order,0.02,2.45,routine
8529,2,2021-05-02,prep_waste,0.35,38.91,routine
8530,2,2021-05-02,unsold_cooked,0.17,21.73,routine
8531,2,2021-05-02,spoilage,0.03,3.74,routine
8532,2,2021-05-02,returned_order,0.02,2.63,routine
8533,3,2021-05-02,prep_waste,0.34,50.04,routine
8534,3,2021-05-02,unsold_cooked,0.16,17.0,routine
8535,3,2021-05-02,spoilage,0.05,6.69,routine
8536,3,2021-05-02,returned_order,0.02,2.95,routine
8537,1,2021-05-03,prep_waste,0.35,52.1,routine
8538,1,2021-05-03,unsold_cooked,0.23,24.16,routine
8539,1,2021-05-03,spoilage,0.08,11.94,routine
8540,1,2021-05-03,returned_order,0.02,2.8,routine
8541,2,2021-05-03,prep_waste,0.37,57.46,routine
8542,2,2021-05-03,unsold_cooked,0.2,23.4,routine
8543,2,2021-05-03,spoilage,0.05,7.43,routine
8544,2,2021-05-03,returned_order,0.02,2.81,routine
8545,3,2021-05-03,prep_waste,0.26,29.23,routine
8546,3,2021-05-03,unsold_cooked,0.1,15.08,routine
8547,3,2021-05-03,spoilage,0.04,5.02,routine
8548,3,2021-05-03,returned_order,0.02,2.94,routine
8549,1,2021-05-04,prep_waste,0.18,23.56,routine
8550,1,2021-05-04,unsold_cooked,0.2,23.17,routine
8551,1,2021-05-04,spoilage,0.05,5.54,routine
8552,1,2021-05-04,returned_order,0.02,2.28,routine
8553,2,2021-05-04,prep_waste,0.4,62.53,routine
8554,2,2021-05-04,unsold_cooked,0.1,13.65,routine
8555,2,2021-05-04,spoilage,0.04,5.12,routine
8556,2,2021-05-04,returned_order,0.02,2.61,routine
8557,3,2021-05-04,prep_waste,0.37,40.23,routine
8558,3,2021-05-04,unsold_cooked,0.22,29.31,routine
8559,3,2021-05-04,spoilage,0.05,5.49,routine
8560,3,2021-05-04,returned_order,0.02,2.4,routine
8561,1,2021-05-05,prep_waste,0.36,45.41,routine
8562,1,2021-05-05,unsold_cooked,0.19,27.23,routine
8563,1,2021-05-05,spoilage,0.04,5.67,routine
8564,1,2021-05-05,returned_order,0.02,2.9,routine
8565,2,2021-05-05,prep_waste,0.32,46.11,routine
8566,2,2021-05-05,unsold_cooked,0.21,24.61,routine
8567,2,2021-05-05,spoilage,0.04,6.2,routine
8568,2,2021-05-05,returned_order,0.02,2.83,routine
8569,3,2021-05-05,prep_waste,0.43,54.42,routine
8570,3,2021-05-05,unsold_cooked,0.14,17.33,routine
8571,3,2021-05-05,spoilage,0.05,6.12,routine
8572,3,2021-05-05,returned_order,0.02,2.44,routine
8573,1,2021-05-06,prep_waste,0.38,44.96,routine
8574,1,2021-05-06,unsold_cooked,0.19,23.8,routine
8575,1,2021-05-06,spoilage,0.04,4.45,routine
8576,1,2021-05-06,returned_order,0.02,2.15,routine
8577,2,2021-05-06,prep_waste,0.41,61.45,routine
8578,2,2021-05-06,unsold_cooked,0.18,23.44,routine
8579,2,2021-05-06,spoilage,0.05,6.64,routine
8580,2,2021-05-06,returned_order,0.02,2.8,routine
8581,3,2021-05-06,prep_waste,0.4,54.13,routine
8582,3,2021-05-06,unsold_cooked,0.23,29.63,routine
8583,3,2021-05-06,spoilage,0.07,7.6,routine
8584,3,2021-05-06,returned_order,0.02,2.66,routine
8585,1,2021-05-07,prep_waste,0.18,19.76,routine
8586,1,2021-05-07,unsold_cooked,0.12,18.42,routine
8587,1,2021-05-07,spoilage,0.04,5.01,routine
8588,1,2021-05-07,returned_order,0.02,2.15,routine
8589,2,2021-05-07,prep_waste,0.44,68.29,routine
8590,2,2021-05-07,unsold_cooked,0.19,23.73,routine
8591,2,2021-05-07,spoilage,0.06,7.3,routine
8592,2,2021-05-07,returned_order,0.02,3.09,routine
8593,3,2021-05-07,prep_waste,0.35,42.09,routine
8594,3,2021-05-07,unsold_cooked,0.16,21.65,routine
8595,3,2021-05-07,spoilage,0.06,9.29,routine
8596,3,2021-05-07,returned_order,0.02,2.59,routine
8597,1,2021-05-08,prep_waste,0.28,32.93,routine
8598,1,2021-05-08,unsold_cooked,0.16,19.96,routine
8599,1,2021-05-08,spoilage,0.07,7.78,routine
8600,1,2021-05-08,returned_order,0.02,2.26,routine
8601,2,2021-05-08,prep_waste,0.24,34.05,routine
8602,2,2021-05-08,unsold_cooked,0.16,21.08,routine
8603,2,2021-05-08,spoilage,0.05,7.41,routine
8604,2,2021-05-08,returned_order,0.02,2.89,routine
8605,3,2021-05-08,prep_waste,0.36,40.73,routine
8606,3,2021-05-08,unsold_cooked,0.16,17.38,routine
8607,3,2021-05-08,spoilage,0.06,6.94,routine
8608,3,2021-05-08,returned_order,0.02,2.55,routine
8609,1,2021-05-09,prep_waste,0.38,48.19,routine
8610,1,2021-05-09,unsold_cooked,0.16,20.07,routine
8611,1,2021-05-09,spoilage,0.04,6.32,routine
8612,1,2021-05-09,returned_order,0.02,3.02,routine
8613,2,2021-05-09,prep_waste,0.19,21.65,routine
8614,2,2021-05-09,unsold_cooked,0.19,20.34,routine
8615,2,2021-05-09,spoilage,0.05,7.44,routine
8616,2,2021-05-09,returned_order,0.02,2.66,routine
8617,3,2021-05-09,prep_waste,0.22,26.76,routine
8618,3,2021-05-09,unsold_cooked,0.13,14.74,routine
8619,3,2021-05-09,spoilage,0.08,8.59,routine
8620,3,2021-05-09,returned_order,0.02,2.6,routine
8621,1,2021-05-10,prep_waste,0.26,39.1,routine
8622,1,2021-05-10,unsold_cooked,0.23,31.9,routine
8623,1,2021-05-10,spoilage,0.07,9.53,routine
8624,1,2021-05-10,returned_order,0.02,3.02,routine
8625,2,2021-05-10,prep_waste,0.27,35.56,routine
8626,2,2021-05-10,unsold_cooked,0.12,14.36,routine
8627,2,2021-05-10,spoilage,0.06,7.44,routine
8628,2,2021-05-10,returned_order,0.02,3.08,routine
8629,3,2021-05-10,prep_waste,0.26,38.21,routine
8630,3,2021-05-10,unsold_cooked,0.2,29.89,routine
8631,3,2021-05-10,spoilage,0.04,5.49,routine
8632,3,2021-05-10,returned_order,0.02,2.89,routine
8633,1,2021-05-11,prep_waste,0.3,44.57,routine
8634,1,2021-05-11,unsold_cooked,0.23,34.62,routine
8635,1,2021-05-11,spoilage,0.05,6.0,routine
8636,1,2021-05-11,returned_order,0.02,2.86,routine
8637,2,2021-05-11,prep_waste,0.43,50.2,routine
8638,2,2021-05-11,unsold_cooked,0.14,18.77,routine
8639,2,2021-05-11,spoilage,0.08,12.31,routine
8640,2,2021-05-11,returned_order,0.02,2.43,routine
8641,3,2021-05-11,prep_waste,0.35,42.33,routine
8642,3,2021-05-11,unsold_cooked,0.15,19.59,routine
8643,3,2021-05-11,spoilage,0.04,6.26,routine
8644,3,2021-05-11,returned_order,0.02,2.17,routine
8645,1,2021-05-12,prep_waste,0.24,32.1,routine
8646,1,2021-05-12,unsold_cooked,0.15,20.08,routine
8647,1,2021-05-12,spoilage,0.04,4.55,routine
8648,1,2021-05-12,returned_order,0.02,2.7,routine
8649,2,2021-05-12,prep_waste,0.29,35.04,routine
8650,2,2021-05-12,unsold_cooked,0.22,25.36,routine
8651,2,2021-05-12,spoilage,0.07,8.32,routine
8652,2,2021-05-12,returned_order,0.02,2.77,routine
8653,3,2021-05-12,prep_waste,0.39,53.41,routine
8654,3,2021-05-12,unsold_cooked,0.23,25.8,routine
8655,3,2021-05-12,spoilage,0.07,9.65,routine
8656,3,2021-05-12,returned_order,0.02,2.69,routine
8657,1,2021-05-13,prep_waste,0.25,32.92,routine
8658,1,2021-05-13,unsold_cooked,0.11,14.75,routine
8659,1,2021-05-13,spoilage,0.07,10.16,routine
8660,1,2021-05-13,returned_order,0.02,2.55,routine
8661,2,2021-05-13,prep_waste,0.3,31.83,routine
8662,2,2021-05-13,unsold_cooked,0.16,18.21,routine
8663,2,2021-05-13,spoilage,0.03,5.12,routine
8664,2,2021-05-13,returned_order,0.02,2.86,routine
8665,3,2021-05-13,prep_waste,0.31,34.06,routine
8666,3,2021-05-13,unsold_cooked,0.12,14.23,routine
8667,3,2021-05-13,spoilage,0.05,5.93,routine
8668,3,2021-05-13,returned_order,0.02,3.09,routine
8669,1,2021-05-14,prep_waste,0.26,37.56,routine
8670,1,2021-05-14,unsold_cooked,0.23,32.42,routine
8671,1,2021-05-14,spoilage,0.08,10.0,routine
8672,1,2021-05-14,returned_order,0.02,2.99,routine
8673,2,2021-05-14,prep_waste,0.39,51.43,routine
8674,2,2021-05-14,unsold_cooked,0.12,12.45,routine
8675,2,2021-05-14,spoilage,0.07,8.75,routine
8676,2,2021-05-14,returned_order,0.02,3.0,routine
8677,3,2021-05-14,prep_waste,0.35,48.11,routine
8678,3,2021-05-14,unsold_cooked,0.23,31.77,routine
8679,3,2021-05-14,spoilage,0.04,5.48,routine
8680,3,2021-05-14,returned_order,0.02,2.45,routine
8681,1,2021-05-15,prep_waste,0.38,51.97,routine
8682,1,2021-05-15,unsold_cooked,0.2,29.73,routine
8683,1,2021-05-15,spoilage,0.06,8.23,routine
8684,1,2021-05-15,returned_order,0.81,96.56,routine
8685,2,2021-05-15,prep_waste,0.37,44.58,routine
8686,2,2021-05-15,unsold_cooked,0.14,19.75,routine
8687,2,2021-05-15,spoilage,0.05,7.08,routine
8688,2,2021-05-15,returned_order,0.02,2.51,routine
8689,3,2021-05-15,prep_waste,0.34,44.98,routine
8690,3,2021-05-15,unsold_cooked,0.16,18.84,routine
8691,3,2021-05-15,spoilage,0.05,6.85,routine
8692,3,2021-05-15,returned_order,0.02,3.03,routine
8693,1,2021-05-16,prep_waste,0.44,61.39,routine
8694,1,2021-05-16,unsold_cooked,0.24,25.31,routine
8695,1,2021-05-16,spoilage,0.07,10.65,routine
8696,1,2021-05-16,returned_order,0.02,2.6,routine
8697,2,2021-05-16,prep_waste,0.31,35.66,routine
8698,2,2021-05-16,unsold_cooked,0.11,13.78,routine
8699,2,2021-05-16,spoilage,0.06,6.87,routine
8700,2,2021-05-16,returned_order,0.02,2.73,routine
8701,3,2021-05-16,prep_waste,0.25,37.76,routine
8702,3,2021-05-16,unsold_cooked,0.15,23.52,routine
8703,3,2021-05-16,spoilage,0.07,8.35,routine
8704,3,2021-05-16,returned_order,0.02,2.36,routine
8705,1,2021-05-17,prep_waste,0.39,42.32,routine
8706,1,2021-05-17,unsold_cooked,0.23,24.47,routine
8707,1,2021-05-17,spoilage,0.04,4.4,routine
8708,1,2021-05-17,returned_order,0.02,2.2,routine
8709,2,2021-05-17,prep_waste,0.42,52.06,routine
8710,2,2021-05-17,unsold_cooked,0.15,19.84,routine
8711,2,2021-05-17,spoilage,0.06,6.3,routine
8712,2,2021-05-17,returned_order,0.02,2.94,routine
8713,3,2021-05-17,prep_waste,0.23,30.7,routine
8714,3,2021-05-17,unsold_cooked,0.12,16.44,routine
8715,3,2021-05-17,spoilage,0.04,3.93,routine
8716,3,2021-05-17,returned_order,0.83,90.63,routine
8717,1,2021-05-18,prep_waste,0.26,28.82,routine
8718,1,2021-05-18,unsold_cooked,0.24,27.54,routine
8719,1,2021-05-18,spoilage,0.04,5.66,routine
8720,1,2021-05-18,returned_order,0.02,2.73,routine
8721,2,2021-05-18,prep_waste,0.35,47.03,routine
8722,2,2021-05-18,unsold_cooked,0.11,15.0,routine
8723,2,2021-05-18,spoilage,0.06,7.71,routine
8724,2,2021-05-18,returned_order,0.02,2.89,routine
8725,3,2021-05-18,prep_waste,0.32,47.37,routine
8726,3,2021-05-18,unsold_cooked,0.2,27.83,routine
8727,3,2021-05-18,spoilage,0.06,7.93,routine
8728,3,2021-05-18,returned_order,0.02,2.94,routine
8729,1,2021-05-19,prep_waste,0.34,47.84,routine
8730,1,2021-05-19,unsold_cooked,0.14,18.78,routine
8731,1,2021-05-19,spoilage,0.05,6.65,routine
8732,1,2021-05-19,returned_order,0.02,2.52,routine
8733,2,2021-05-19,prep_waste,0.2,22.27,routine
8734,2,2021-05-19,unsold_cooked,0.18,21.44,routine
8735,2,2021-05-19,spoilage,0.05,6.82,routine
8736,2,2021-05-19,returned_order,0.02,2.54,routine
8737,3,2021-05-19,prep_waste,0.33,46.01,routine
8738,3,2021-05-19,unsold_cooked,0.21,30.8,routine
8739,3,2021-05-19,spoilage,0.07,7.52,routine
8740,3,2021-05-19,returned_order,0.02,2.55,routine
8741,1,2021-05-20,prep_waste,0.25,37.95,routine
8742,1,2021-05-20,unsold_cooked,0.21,31.49,routine
8743,1,2021-05-20,spoilage,0.08,9.15,routine
8744,1,2021-05-20,returned_order,0.88,120.74,routine
8745,2,2021-05-20,prep_waste,0.36,49.01,routine
8746,2,2021-05-20,unsold_cooked,0.24,28.46,routine
8747,2,2021-05-20,spoilage,0.06,6.89,routine
8748,2,2021-05-20,returned_order,0.02,2.96,routine
8749,3,2021-05-20,prep_waste,0.21,26.08,routine
8750,3,2021-05-20,unsold_cooked,0.15,18.97,routine
8751,3,2021-05-20,spoilage,0.04,5.15,routine
8752,3,2021-05-20,returned_order,0.02,2.76,routine
8753,1,2021-05-21,prep_waste,0.38,52.3,routine
8754,1,2021-05-21,unsold_cooked,0.2,21.95,routine
8755,1,2021-05-21,spoilage,0.06,7.14,routine
8756,1,2021-05-21,returned_order,0.02,2.33,routine
8757,2,2021-05-21,prep_waste,0.37,48.5,routine
8758,2,2021-05-21,unsold_cooked,0.22,26.82,routine
8759,2,2021-05-21,spoilage,0.07,9.26,routine
8760,2,2021-05-21,returned_order,0.02,2.48,routine
8761,3,2021-05-21,prep_waste,0.37,52.56,routine
8762,3,2021-05-21,unsold_cooked,0.1,12.27,routine
8763,3,2021-05-21,spoilage,0.04,4.37,routine
8764,3,2021-05-21,returned_order,0.02,2.9,routine
8765,1,2021-05-22,prep_waste,0.27,38.58,routine
8766,1,2021-05-22,unsold_cooked,0.22,32.48,routine
8767,1,2021-05-22,spoilage,0.07,10.31,routine
8768,1,2021-05-22,returned_order,0.02,2.62,routine
8769,2,2021-05-22,prep_waste,0.43,57.29,routine
8770,2,2021-05-22,unsold_cooked,0.17,25.57,routine
8771,2,2021-05-22,spoilage,0.08,9.75,routine
8772,2,2021-05-22,returned_order,0.02,2.21,routine
8773,3,2021-05-22,prep_waste,0.41,45.51,routine
8774,3,2021-05-22,unsold_cooked,0.14,14.43,routine
8775,3,2021-05-22,spoilage,0.04,4.85,routine
8776,3,2021-05-22,returned_order,0.79,117.47,routine
8777,1,2021-05-23,prep_waste,0.43,54.81,routine
8778,1,2021-05-23,unsold_cooked,0.22,24.66,routine
8779,1,2021-05-23,spoilage,0.05,6.66,routine
8780,1,2021-05-23,returned_order,0.02,2.3,routine
8781,2,2021-05-23,prep_waste,0.4,54.78,routine
8782,2,2021-05-23,unsold_cooked,0.21,25.69,routine
8783,2,2021-05-23,spoilage,0.06,6.56,routine
8784,2,2021-05-23,returned_order,0.02,2.97,routine
8785,3,2021-05-23,prep_waste,0.32,46.64,routine
8786,3,2021-05-23,unsold_cooked,0.22,23.33,routine
8787,3,2021-05-23,spoilage,0.05,7.91,routine
8788,3,2021-05-23,returned_order,0.02,2.77,routine
8789,1,2021-05-24,prep_waste,0.23,32.07,routine
8790,1,2021-05-24,unsold_cooked,0.2,28.14,routine
8791,1,2021-05-24,spoilage,0.05,7.35,routine
8792,1,2021-05-24,returned_order,0.02,2.15,routine
8793,2,2021-05-24,prep_waste,0.42,54.28,routine
8794,2,2021-05-24,unsold_cooked,0.11,12.02,routine
8795,2,2021-05-24,spoilage,0.07,9.08,routine
8796,2,2021-05-24,returned_order,0.02,2.93,routine
8797,3,2021-05-24,prep_waste,0.19,22.8,routine
8798,3,2021-05-24,unsold_cooked,0.19,24.1,routine
8799,3,2021-05-24,spoilage,0.06,7.61,routine
8800,3,2021-05-24,returned_order,0.02,2.22,routine
8801,1,2021-05-25,prep_waste,0.26,34.11,routine
8802,1,2021-05-25,unsold_cooked,0.14,20.95,routine
8803,1,2021-05-25,spoilage,0.05,4.97,routine
8804,1,2021-05-25,returned_order,0.02,2.76,routine
8805,2,2021-05-25,prep_waste,0.38,44.85,routine
8806,2,2021-05-25,unsold_cooked,0.16,23.94,routine
8807,2,2021-05-25,spoilage,0.05,7.54,routine
8808,2,2021-05-25,returned_order,0.02,2.73,routine
8809,3,2021-05-25,prep_waste,0.3,40.03,routine
8810,3,2021-05-25,unsold_cooked,0.2,22.33,routine
8811,3,2021-05-25,spoilage,0.08,9.14,routine
8812,3,2021-05-25,returned_order,0.02,2.89,routine
8813,1,2021-05-26,prep_waste,0.34,36.74,routine
8814,1,2021-05-26,unsold_cooked,0.11,12.12,routine
8815,1,2021-05-26,spoilage,0.06,8.51,routine
8816,1,2021-05-26,returned_order,0.02,2.64,routine
8817,2,2021-05-26,prep_waste,0.21,30.76,routine
8818,2,2021-05-26,unsold_cooked,0.18,26.51,routine
8819,2,2021-05-26,spoilage,0.04,4.93,routine
8820,2,2021-05-26,returned_order,0.02,2.86,routine
8821,3,2021-05-26,prep_waste,0.44,62.23,routine
8822,3,2021-05-26,unsold_cooked,0.19,27.62,routine
8823,3,2021-05-26,spoilage,0.07,9.91,routine
8824,3,2021-05-26,returned_order,0.02,2.76,routine
8825,1,2021-05-27,prep_waste,0.28,41.12,routine
8826,1,2021-05-27,unsold_cooked,0.22,27.87,routine
8827,1,2021-05-27,spoilage,0.05,5.76,routine
8828,1,2021-05-27,returned_order,0.74,90.05,routine
8829,2,2021-05-27,prep_waste,0.35,42.35,routine
8830,2,2021-05-27,unsold_cooked,0.23,27.33,routine
8831,2,2021-05-27,spoilage,0.07,10.75,routine
8832,2,2021-05-27,returned_order,0.02,3.05,routine
8833,3,2021-05-27,prep_waste,0.34,42.01,routine
8834,3,2021-05-27,unsold_cooked,0.18,26.85,routine
8835,3,2021-05-27,spoilage,0.08,9.22,routine
8836,3,2021-05-27,returned_order,0.02,2.55,routine
8837,1,2021-05-28,prep_waste,0.19,20.33,routine
8838,1,2021-05-28,unsold_cooked,0.14,18.29,routine
8839,1,2021-05-28,spoilage,0.03,3.64,routine
8840,1,2021-05-28,returned_order,1.37,144.03,routine
8841,2,2021-05-28,prep_waste,0.29,34.02,routine
8842,2,2021-05-28,unsold_cooked,0.15,18.26,routine
8843,2,2021-05-28,spoilage,0.05,6.05,routine
8844,2,2021-05-28,returned_order,0.02,2.52,routine
8845,3,2021-05-28,prep_waste,0.26,38.41,routine
8846,3,2021-05-28,unsold_cooked,0.23,34.43,routine
8847,3,2021-05-28,spoilage,0.06,7.7,routine
8848,3,2021-05-28,returned_order,0.02,2.95,routine
8849,1,2021-05-29,prep_waste,0.32,39.78,routine
8850,1,2021-05-29,unsold_cooked,0.1,12.05,routine
8851,1,2021-05-29,spoilage,0.06,8.18,routine
8852,1,2021-05-29,returned_order,0.02,2.96,routine
8853,2,2021-05-29,prep_waste,0.25,34.4,routine
8854,2,2021-05-29,unsold_cooked,0.14,19.81,routine
8855,2,2021-05-29,spoilage,0.07,10.11,routine
8856,2,2021-05-29,returned_order,0.67,81.95,routine
8857,3,2021-05-29,prep_waste,0.43,64.41,routine
8858,3,2021-05-29,unsold_cooked,0.23,35.93,routine
8859,3,2021-05-29,spoilage,0.06,7.58,routine
8860,3,2021-05-29,returned_order,0.02,2.75,routine
8861,1,2021-05-30,prep_waste,0.25,33.89,routine
8862,1,2021-05-30,unsold_cooked,0.17,18.16,routine
8863,1,2021-05-30,spoilage,0.04,4.79,routine
8864,1,2021-05-30,returned_order,0.55,80.25,routine
8865,2,2021-05-30,prep_waste,0.32,34.49,routine
8866,2,2021-05-30,unsold_cooked,0.16,21.66,routine
8867,2,2021-05-30,spoilage,0.06,7.19,routine
8868,2,2021-05-30,returned_order,0.02,2.27,routine
8869,3,2021-05-30,prep_waste,0.25,32.02,routine
8870,3,2021-05-30,unsold_cooked,0.14,21.65,routine
8871,3,2021-05-30,spoilage,0.04,4.5,routine
8872,3,2021-05-30,returned_order,0.02,3.0,routine
8873,1,2021-05-31,prep_waste,0.43,59.94,routine
8874,1,2021-05-31,unsold_cooked,0.15,22.98,routine
8875,1,2021-05-31,spoilage,0.04,5.26,routine
8876,1,2021-05-31,returned_order,0.02,3.02,routine
8877,2,2021-05-31,prep_waste,0.41,53.59,routine
8878,2,2021-05-31,unsold_cooked,0.17,24.34,routine
8879,2,2021-05-31,spoilage,0.05,5.61,routine
8880,2,2021-05-31,returned_order,0.84,94.73,routine
8881,3,2021-05-31,prep_waste,0.4,56.38,routine
8882,3,2021-05-31,unsold_cooked,0.15,22.66,routine
8883,3,2021-05-31,spoilage,0.03,4.32,routine
8884,3,2021-05-31,returned_order,0.02,2.3,routine
8885,1,2021-06-01,prep_waste,0.42,50.49,routine
8886,1,2021-06-01,unsold_cooked,0.14,17.94,routine
8887,1,2021-06-01,spoilage,0.07,9.67,routine
8888,1,2021-06-01,returned_order,0.02,2.43,routine
8889,2,2021-06-01,prep_waste,0.23,29.4,routine
8890,2,2021-06-01,unsold_cooked,0.2,27.19,routine
8891,2,2021-06-01,spoilage,0.05,7.27,routine
8892,2,2021-06-01,returned_order,0.02,2.13,routine
8893,3,2021-06-01,prep_waste,0.22,23.56,routine
8894,3,2021-06-01,unsold_cooked,0.12,17.14,routine
8895,3,2021-06-01,spoilage,0.06,8.8,routine
8896,3,2021-06-01,returned_order,0.02,2.82,routine
8897,1,2021-06-02,prep_waste,0.38,58.1,routine
8898,1,2021-06-02,unsold_cooked,0.16,21.72,routine
8899,1,2021-06-02,spoilage,0.06,8.6,routine
8900,1,2021-06-02,returned_order,0.02,2.14,routine
8901,2,2021-06-02,prep_waste,0.31,38.04,routine
8902,2,2021-06-02,unsold_cooked,0.12,14.24,routine
8903,2,2021-06-02,spoilage,0.03,4.35,routine
8904,2,2021-06-02,returned_order,0.02,2.33,routine
8905,3,2021-06-02,prep_waste,0.4,43.78,routine
8906,3,2021-06-02,unsold_cooked,0.17,23.55,routine
8907,3,2021-06-02,spoilage,0.06,8.2,routine
8908,3,2021-06-02,returned_order,0.02,2.7,routine
8909,1,2021-06-03,prep_waste,0.38,53.52,routine
8910,1,2021-06-03,unsold_cooked,0.12,15.45,routine
8911,1,2021-06-03,spoilage,0.03,4.56,routine
8912,1,2021-06-03,returned_order,0.82,119.5,routine
8913,2,2021-06-03,prep_waste,0.3,32.44,routine
8914,2,2021-06-03,unsold_cooked,0.11,14.22,routine
8915,2,2021-06-03,spoilage,0.04,4.87,routine
8916,2,2021-06-03,returned_order,0.02,2.26,routine
8917,3,2021-06-03,prep_waste,0.25,30.85,routine
8918,3,2021-06-03,unsold_cooked,0.18,23.62,routine
8919,3,2021-06-03,spoilage,0.05,5.33,routine
8920,3,2021-06-03,returned_order,0.02,2.41,routine
8921,1,2021-06-04,prep_waste,0.42,61.11,routine
8922,1,2021-06-04,unsold_cooked,0.14,21.03,routine
8923,1,2021-06-04,spoilage,0.07,7.98,routine
8924,1,2021-06-04,returned_order,0.02,2.79,routine
8925,2,2021-06-04,prep_waste,0.28,29.39,routine
8926,2,2021-06-04,unsold_cooked,0.24,33.36,routine
8927,2,2021-06-04,spoilage,0.03,4.88,routine
8928,2,2021-06-04,returned_order,0.02,2.75,routine
8929,3,2021-06-04,prep_waste,0.44,58.94,routine
8930,3,2021-06-04,unsold_cooked,0.12,16.38,routine
8931,3,2021-06-04,spoilage,0.05,6.65,routine
8932,3,2021-06-04,returned_order,0.02,2.18,routine
8933,1,2021-06-05,prep_waste,0.24,29.98,routine
8934,1,2021-06-05,unsold_cooked,0.12,17.03,routine
8935,1,2021-06-05,spoilage,0.06,8.49,routine
8936,1,2021-06-05,returned_order,0.02,2.92,routine
8937,2,2021-06-05,prep_waste,0.2,26.92,routine
8938,2,2021-06-05,unsold_cooked,0.15,15.86,routine
8939,2,2021-06-05,spoilage,0.07,7.11,routine
8940,2,2021-06-05,returned_order,0.02,2.13,routine
8941,3,2021-06-05,prep_waste,0.39,52.05,routine
8942,3,2021-06-05,unsold_cooked,0.19,21.52,routine
8943,3,2021-06-05,spoilage,0.04,5.6,routine
8944,3,2021-06-05,returned_order,0.02,3.09,routine
8945,1,2021-06-06,prep_waste,0.42,61.13,routine
8946,1,2021-06-06,unsold_cooked,0.16,22.42,routine
8947,1,2021-06-06,spoilage,0.08,8.94,routine
8948,1,2021-06-06,returned_order,0.74,110.3,routine
8949,2,2021-06-06,prep_waste,0.33,36.7,routine
8950,2,2021-06-06,unsold_cooked,0.22,25.94,routine
8951,2,2021-06-06,spoilage,0.03,4.85,routine
8952,2,2021-06-06,returned_order,0.02,2.85,routine
8953,3,2021-06-06,prep_waste,0.3,39.83,routine
8954,3,2021-06-06,unsold_cooked,0.21,30.31,routine
8955,3,2021-06-06,spoilage,0.08,8.51,routine
8956,3,2021-06-06,returned_order,0.02,2.73,routine
8957,1,2021-06-07,prep_waste,0.34,48.36,routine
8958,1,2021-06-07,unsold_cooked,0.17,20.06,routine
8959,1,2021-06-07,spoilage,0.04,6.32,routine
8960,1,2021-06-07,returned_order,0.02,2.75,routine
8961,2,2021-06-07,prep_waste,0.19,26.75,routine
8962,2,2021-06-07,unsold_cooked,0.21,26.63,routine
8963,2,2021-06-07,spoilage,0.05,7.89,routine
8964,2,2021-06-07,returned_order,0.02,2.29,routine
8965,3,2021-06-07,prep_waste,0.44,55.54,routine
8966,3,2021-06-07,unsold_cooked,0.23,28.87,routine
8967,3,2021-06-07,spoilage,0.06,6.88,routine
8968,3,2021-06-07,returned_order,0.02,2.21,routine
8969,1,2021-06-08,prep_waste,0.26,30.09,routine
8970,1,2021-06-08,unsold_cooked,0.24,34.41,routine
8971,1,2021-06-08,spoilage,0.08,11.46,routine
8972,1,2021-06-08,returned_order,0.02,2.6,routine
8973,2,2021-06-08,prep_waste,0.35,37.51,routine
8974,2,2021-06-08,unsold_cooked,0.23,34.26,routine
8975,2,2021-06-08,spoilage,0.06,6.17,routine
8976,2,2021-06-08,returned_order,0.02,2.12,routine
8977,3,2021-06-08,prep_waste,0.24,37.01,routine
8978,3,2021-06-08,unsold_cooked,0.1,15.38,routine
8979,3,2021-06-08,spoilage,0.07,10.77,routine
8980,3,2021-06-08,returned_order,0.02,2.91,routine
8981,1,2021-06-09,prep_waste,0.23,33.39,routine
8982,1,2021-06-09,unsold_cooked,0.19,20.24,routine
8983,1,2021-06-09,spoilage,0.05,7.1,routine
8984,1,2021-06-09,returned_order,0.66,77.68,routine
8985,2,2021-06-09,prep_waste,0.29,31.65,routine
8986,2,2021-06-09,unsold_cooked,0.11,16.42,routine
8987,2,2021-06-09,spoilage,0.06,7.89,routine
8988,2,2021-06-09,returned_order,0.65,77.81,routine
8989,3,2021-06-09,prep_waste,0.39,43.7,routine
8990,3,2021-06-09,unsold_cooked,0.14,20.25,routine
8991,3,2021-06-09,spoilage,0.03,4.72,routine
8992,3,2021-06-09,returned_order,0.02,2.43,routine
8993,1,2021-06-10,prep_waste,0.38,57.86,routine
8994,1,2021-06-10,unsold_cooked,0.21,26.77,routine
8995,1,2021-06-10,spoilage,0.05,5.52,routine
8996,1,2021-06-10,returned_order,0.02,2.82,routine
8997,2,2021-06-10,prep_waste,0.38,45.18,routine
8998,2,2021-06-10,unsold_cooked,0.1,10.99,routine
8999,2,2021-06-10,spoilage,0.04,5.41,routine
9000,2,2021-06-10,returned_order,0.02,2.66,routine
9001,3,2021-06-10,prep_waste,0.21,25.41,routine
9002,3,2021-06-10,unsold_cooked,0.23,35.83,routine
9003,3,2021-06-10,spoilage,0.04,4.65,routine
9004,3,2021-06-10,returned_order,0.02,3.05,routine
9005,1,2021-06-11,prep_waste,0.19,22.55,routine
9006,1,2021-06-11,unsold_cooked,0.17,24.49,routine
9007,1,2021-06-11,spoilage,0.04,4.55,routine
9008,1,2021-06-11,returned_order,0.02,2.44,routine
9009,2,2021-06-11,prep_waste,0.32,34.39,routine
9010,2,2021-06-11,unsold_cooked,0.23,32.68,routine
9011,2,2021-06-11,spoilage,0.06,5.86,routine
9012,2,2021-06-11,returned_order,0.02,2.3,routine
9013,3,2021-06-11,prep_waste,0.44,60.39,routine
9014,3,2021-06-11,unsold_cooked,0.12,18.26,routine
9015,3,2021-06-11,spoilage,0.06,7.46,routine
9016,3,2021-06-11,returned_order,0.02,2.42,routine
9017,1,2021-06-12,prep_waste,0.35,42.32,routine
9018,1,2021-06-12,unsold_cooked,0.14,18.01,routine
9019,1,2021-06-12,spoilage,0.04,6.53,routine
9020,1,2021-06-12,returned_order,0.02,2.1,routine
9021,2,2021-06-12,prep_waste,0.42,50.31,routine
9022,2,2021-06-12,unsold_cooked,0.1,15.07,routine
9023,2,2021-06-12,spoilage,0.04,5.25,routine
9024,2,2021-06-12,returned_order,0.02,2.28,routine
9025,3,2021-06-12,prep_waste,0.4,46.36,routine
9026,3,2021-06-12,unsold_cooked,0.21,26.72,routine
9027,3,2021-06-12,spoilage,0.08,9.73,routine
9028,3,2021-06-12,returned_order,0.02,2.41,routine
9029,1,2021-06-13,prep_waste,0.35,50.67,routine
9030,1,2021-06-13,unsold_cooked,0.13,14.6,routine
9031,1,2021-06-13,spoilage,0.06,9.24,routine
9032,1,2021-06-13,returned_order,0.02,2.71,routine
9033,2,2021-06-13,prep_waste,0.42,58.05,routine
9034,2,2021-06-13,unsold_cooked,0.19,21.04,routine
9035,2,2021-06-13,spoilage,0.04,4.65,routine
9036,2,2021-06-13,returned_order,0.02,2.5,routine
9037,3,2021-06-13,prep_waste,0.36,46.4,routine
9038,3,2021-06-13,unsold_cooked,0.1,11.23,routine
9039,3,2021-06-13,spoilage,0.07,9.11,routine
9040,3,2021-06-13,returned_order,0.54,59.02,routine
9041,1,2021-06-14,prep_waste,0.22,31.65,routine
9042,1,2021-06-14,unsold_cooked,0.11,13.23,routine
9043,1,2021-06-14,spoilage,0.06,6.56,routine
9044,1,2021-06-14,returned_order,0.02,2.62,routine
9045,2,2021-06-14,prep_waste,0.33,42.36,routine
9046,2,2021-06-14,unsold_cooked,0.1,14.65,routine
9047,2,2021-06-14,spoilage,0.05,5.45,routine
9048,2,2021-06-14,returned_order,0.02,2.76,routine
9049,3,2021-06-14,prep_waste,0.44,48.37,routine
9050,3,2021-06-14,unsold_cooked,0.19,25.11,routine
9051,3,2021-06-14,spoilage,0.03,4.23,routine
9052,3,2021-06-14,returned_order,0.02,2.72,routine
9053,1,2021-06-15,prep_waste,0.44,55.9,routine
9054,1,2021-06-15,unsold_cooked,0.2,26.1,routine
9055,1,2021-06-15,spoilage,0.04,6.74,routine
9056,1,2021-06-15,returned_order,0.63,78.63,routine
9057,2,2021-06-15,prep_waste,0.25,33.21,routine
9058,2,2021-06-15,unsold_cooked,0.19,26.99,routine
9059,2,2021-06-15,spoilage,0.05,5.81,routine
9060,2,2021-06-15,returned_order,0.02,2.7,routine
9061,3,2021-06-15,prep_waste,0.4,44.97,routine
9062,3,2021-06-15,unsold_cooked,0.1,13.32,routine
9063,3,2021-06-15,spoilage,0.05,6.45,routine
9064,3,2021-06-15,returned_order,0.02,2.99,routine
9065,1,2021-06-16,prep_waste,0.36,49.44,routine
9066,1,2021-06-16,unsold_cooked,0.11,12.21,routine
9067,1,2021-06-16,spoilage,0.05,6.29,routine
9068,1,2021-06-16,returned_order,0.02,2.73,routine
9069,2,2021-06-16,prep_waste,0.41,55.39,routine
9070,2,2021-06-16,unsold_cooked,0.15,18.23,routine
9071,2,2021-06-16,spoilage,0.06,8.28,routine
9072,2,2021-06-16,returned_order,0.02,2.98,routine
9073,3,2021-06-16,prep_waste,0.35,53.46,routine
9074,3,2021-06-16,unsold_cooked,0.19,28.44,routine
9075,3,2021-06-16,spoilage,0.03,3.72,routine
9076,3,2021-06-16,returned_order,0.02,2.33,routine
9077,1,2021-06-17,prep_waste,0.25,33.5,routine
9078,1,2021-06-17,unsold_cooked,0.17,25.95,routine
9079,1,2021-06-17,spoilage,0.06,8.99,routine
9080,1,2021-06-17,returned_order,0.02,2.47,routine
9081,2,2021-06-17,prep_waste,0.44,57.12,routine
9082,2,2021-06-17,unsold_cooked,0.15,24.0,routine
9083,2,2021-06-17,spoilage,0.07,10.74,routine
9084,2,2021-06-17,returned_order,0.02,2.82,routine
9085,3,2021-06-17,prep_waste,0.32,42.64,routine
9086,3,2021-06-17,unsold_cooked,0.2,29.41,routine
9087,3,2021-06-17,spoilage,0.08,10.74,routine
9088,3,2021-06-17,returned_order,0.02,2.67,routine
9089,1,2021-06-18,prep_waste,0.31,41.54,routine
9090,1,2021-06-18,unsold_cooked,0.12,12.97,routine
9091,1,2021-06-18,spoilage,0.05,4.84,routine
9092,1,2021-06-18,returned_order,0.02,2.62,routine
9093,2,2021-06-18,prep_waste,0.43,62.04,routine
9094,2,2021-06-18,unsold_cooked,0.13,17.47,routine
9095,2,2021-06-18,spoilage,0.07,8.68,routine
9096,2,2021-06-18,returned_order,0.82,110.58,routine
9097,3,2021-06-18,prep_waste,0.2,29.62,routine
9098,3,2021-06-18,unsold_cooked,0.18,25.75,routine
9099,3,2021-06-18,spoilage,0.07,9.23,routine
9100,3,2021-06-18,returned_order,0.02,2.46,routine
9101,1,2021-06-19,prep_waste,0.22,28.83,routine
9102,1,2021-06-19,unsold_cooked,0.24,25.61,routine
9103,1,2021-06-19,spoilage,0.04,6.43,routine
9104,1,2021-06-19,returned_order,0.02,2.13,routine
9105,2,2021-06-19,prep_waste,0.25,38.39,routine
9106,2,2021-06-19,unsold_cooked,0.12,18.51,routine
9107,2,2021-06-19,spoilage,0.05,7.67,routine
9108,2,2021-06-19,returned_order,0.02,2.94,routine
9109,3,2021-06-19,prep_waste,0.22,26.0,routine
9110,3,2021-06-19,unsold_cooked,0.22,27.26,routine
9111,3,2021-06-19,spoilage,0.04,4.34,routine
9112,3,2021-06-19,returned_order,0.02,2.87,routine
9113,1,2021-06-20,prep_waste,0.34,35.68,routine
9114,1,2021-06-20,unsold_cooked,0.24,34.39,routine
9115,1,2021-06-20,spoilage,0.06,9.17,routine
9116,1,2021-06-20,returned_order,0.02,2.86,routine
9117,2,2021-06-20,prep_waste,0.23,24.84,routine
9118,2,2021-06-20,unsold_cooked,0.2,29.32,routine
9119,2,2021-06-20,spoilage,0.07,8.95,routine
9120,2,2021-06-20,returned_order,0.02,2.4,routine
9121,3,2021-06-20,prep_waste,0.41,49.55,routine
9122,3,2021-06-20,unsold_cooked,0.1,14.75,routine
9123,3,2021-06-20,spoilage,0.04,5.74,routine
9124,3,2021-06-20,returned_order,0.02,2.91,routine
9125,1,2021-06-21,prep_waste,0.33,46.11,routine
9126,1,2021-06-21,unsold_cooked,0.2,25.78,routine
9127,1,2021-06-21,spoilage,0.07,10.42,routine
9128,1,2021-06-21,returned_order,0.02,2.16,routine
9129,2,2021-06-21,prep_waste,0.4,45.28,routine
9130,2,2021-06-21,unsold_cooked,0.1,15.35,routine
9131,2,2021-06-21,spoilage,0.06,9.13,routine
9132,2,2021-06-21,returned_order,0.02,2.1,routine
9133,3,2021-06-21,prep_waste,0.36,40.52,routine
9134,3,2021-06-21,unsold_cooked,0.2,23.62,routine
9135,3,2021-06-21,spoilage,0.04,5.03,routine
9136,3,2021-06-21,returned_order,0.02,3.01,routine
9137,1,2021-06-22,prep_waste,0.43,56.4,routine
9138,1,2021-06-22,unsold_cooked,0.15,22.74,routine
9139,1,2021-06-22,spoilage,0.04,5.61,routine
9140,1,2021-06-22,returned_order,0.02,2.74,routine
9141,2,2021-06-22,prep_waste,0.4,55.41,routine
9142,2,2021-06-22,unsold_cooked,0.1,15.97,routine
9143,2,2021-06-22,spoilage,0.07,8.6,routine
9144,2,2021-06-22,returned_order,0.02,2.11,routine
9145,3,2021-06-22,prep_waste,0.24,35.41,routine
9146,3,2021-06-22,unsold_cooked,0.22,25.74,routine
9147,3,2021-06-22,spoilage,0.06,6.74,routine
9148,3,2021-06-22,returned_order,0.02,2.27,routine
9149,1,2021-06-23,prep_waste,0.36,48.67,routine
9150,1,2021-06-23,unsold_cooked,0.23,30.0,routine
9151,1,2021-06-23,spoilage,0.05,6.12,routine
9152,1,2021-06-23,returned_order,0.88,127.42,routine
9153,2,2021-06-23,prep_waste,0.44,46.75,routine
9154,2,2021-06-23,unsold_cooked,0.24,31.98,routine
9155,2,2021-06-23,spoilage,0.07,9.13,routine
9156,2,2021-06-23,returned_order,0.02,2.97,routine
9157,3,2021-06-23,prep_waste,0.4,57.47,routine
9158,3,2021-06-23,unsold_cooked,0.11,14.37,routine
9159,3,2021-06-23,spoilage,0.07,7.17,routine
9160,3,2021-06-23,returned_order,0.02,2.99,routine
9161,1,2021-06-24,prep_waste,0.31,40.28,routine
9162,1,2021-06-24,unsold_cooked,0.11,14.74,routine
9163,1,2021-06-24,spoilage,0.06,9.39,routine
9164,1,2021-06-24,returned_order,0.02,2.59,routine
9165,2,2021-06-24,prep_waste,0.44,50.86,routine
9166,2,2021-06-24,unsold_cooked,0.24,35.49,routine
9167,2,2021-06-24,spoilage,0.07,7.89,routine
9168,2,2021-06-24,returned_order,0.02,2.29,routine
9169,3,2021-06-24,prep_waste,0.32,42.89,routine
9170,3,2021-06-24,unsold_cooked,0.17,19.7,routine
9171,3,2021-06-24,spoilage,0.06,7.95,routine
9172,3,2021-06-24,returned_order,0.02,2.41,routine
9173,1,2021-06-25,prep_waste,0.23,26.64,routine
9174,1,2021-06-25,unsold_cooked,0.16,19.18,routine
9175,1,2021-06-25,spoilage,0.05,5.2,routine
9176,1,2021-06-25,returned_order,0.02,2.82,routine
9177,2,2021-06-25,prep_waste,0.25,33.73,routine
9178,2,2021-06-25,unsold_cooked,0.14,21.31,routine
9179,2,2021-06-25,spoilage,0.03,4.75,routine
9180,2,2021-06-25,returned_order,0.02,2.79,routine
9181,3,2021-06-25,prep_waste,0.27,37.61,routine
9182,3,2021-06-25,unsold_cooked,0.14,17.54,routine
9183,3,2021-06-25,spoilage,0.08,8.77,routine
9184,3,2021-06-25,returned_order,0.02,2.86,routine
9185,1,2021-06-26,prep_waste,0.43,59.4,routine
9186,1,2021-06-26,unsold_cooked,0.12,12.85,routine
9187,1,2021-06-26,spoilage,0.07,10.69,routine
9188,1,2021-06-26,returned_order,0.02,2.54,routine
9189,2,2021-06-26,prep_waste,0.41,45.37,routine
9190,2,2021-06-26,unsold_cooked,0.21,23.85,routine
9191,2,2021-06-26,spoilage,0.07,7.47,routine
9192,2,2021-06-26,returned_order,0.51,71.04,routine
9193,3,2021-06-26,prep_waste,0.34,42.29,routine
9194,3,2021-06-26,unsold_cooked,0.22,27.65,routine
9195,3,2021-06-26,spoilage,0.05,6.86,routine
9196,3,2021-06-26,returned_order,0.02,2.35,routine
9197,1,2021-06-27,prep_waste,0.4,46.61,routine
9198,1,2021-06-27,unsold_cooked,0.16,16.85,routine
9199,1,2021-06-27,spoilage,0.07,11.11,routine
9200,1,2021-06-27,returned_order,0.88,123.39,routine
9201,2,2021-06-27,prep_waste,0.27,37.4,routine
9202,2,2021-06-27,unsold_cooked,0.11,12.21,routine
9203,2,2021-06-27,spoilage,0.04,4.47,routine
9204,2,2021-06-27,returned_order,0.02,2.33,routine
9205,3,2021-06-27,prep_waste,0.2,29.02,routine
9206,3,2021-06-27,unsold_cooked,0.18,22.9,routine
9207,3,2021-06-27,spoilage,0.05,5.9,routine
9208,3,2021-06-27,returned_order,0.02,2.83,routine
9209,1,2021-06-28,prep_waste,0.2,21.29,routine
9210,1,2021-06-28,unsold_cooked,0.22,28.4,routine
9211,1,2021-06-28,spoilage,0.04,5.77,routine
9212,1,2021-06-28,returned_order,0.6,73.63,routine
9213,2,2021-06-28,prep_waste,0.18,21.8,routine
9214,2,2021-06-28,unsold_cooked,0.19,21.73,routine
9215,2,2021-06-28,spoilage,0.04,3.93,routine
9216,2,2021-06-28,returned_order,0.02,2.26,routine
9217,3,2021-06-28,prep_waste,0.41,54.12,routine
9218,3,2021-06-28,unsold_cooked,0.12,13.62,routine
9219,3,2021-06-28,spoilage,0.03,3.85,routine
9220,3,2021-06-28,returned_order,0.02,3.07,routine
9221,1,2021-06-29,prep_waste,0.34,48.68,routine
9222,1,2021-06-29,unsold_cooked,0.12,15.33,routine
9223,1,2021-06-29,spoilage,0.05,7.51,routine
9224,1,2021-06-29,returned_order,0.02,3.0,routine
9225,2,2021-06-29,prep_waste,0.26,39.45,routine
9226,2,2021-06-29,unsold_cooked,0.2,30.14,routine
9227,2,2021-06-29,spoilage,0.06,7.67,routine
9228,2,2021-06-29,returned_order,0.02,2.58,routine
9229,3,2021-06-29,prep_waste,0.24,27.02,routine
9230,3,2021-06-29,unsold_cooked,0.15,19.37,routine
9231,3,2021-06-29,spoilage,0.05,6.71,routine
9232,3,2021-06-29,returned_order,0.02,2.81,routine
9233,1,2021-06-30,prep_waste,0.23,31.67,routine
9234,1,2021-06-30,unsold_cooked,0.13,15.07,routine
9235,1,2021-06-30,spoilage,0.06,8.57,routine
9236,1,2021-06-30,returned_order,0.02,2.53,routine
9237,2,2021-06-30,prep_waste,0.25,37.11,routine
9238,2,2021-06-30,unsold_cooked,0.19,27.78,routine
9239,2,2021-06-30,spoilage,0.05,6.78,routine
9240,2,2021-06-30,returned_order,0.02,2.53,routine
9241,3,2021-06-30,prep_waste,0.32,38.59,routine
9242,3,2021-06-30,unsold_cooked,0.22,33.74,routine
9243,3,2021-06-30,spoilage,0.07,9.19,routine
9244,3,2021-06-30,returned_order,0.02,2.43,routine
9245,1,2021-07-01,prep_waste,0.38,55.8,routine
9246,1,2021-07-01,unsold_cooked,0.16,22.19,routine
9247,1,2021-07-01,spoilage,0.06,7.88,routine
9248,1,2021-07-01,returned_order,0.02,3.0,routine
9249,2,2021-07-01,prep_waste,0.27,31.1,routine
9250,2,2021-07-01,unsold_cooked,0.22,24.49,routine
9251,2,2021-07-01,spoilage,0.04,3.94,routine
9252,2,2021-07-01,returned_order,0.02,2.89,routine
9253,3,2021-07-01,prep_waste,0.42,56.25,routine
9254,3,2021-07-01,unsold_cooked,0.23,32.83,routine
9255,3,2021-07-01,spoilage,0.06,6.44,routine
9256,3,2021-07-01,returned_order,0.02,2.39,routine
9257,1,2021-07-02,prep_waste,0.34,49.05,routine
9258,1,2021-07-02,unsold_cooked,0.2,25.52,routine
9259,1,2021-07-02,spoilage,0.05,6.99,routine
9260,1,2021-07-02,returned_order,0.02,2.8,routine
9261,2,2021-07-02,prep_waste,0.25,29.36,routine
9262,2,2021-07-02,unsold_cooked,0.22,27.05,routine
9263,2,2021-07-02,spoilage,0.07,8.26,routine
9264,2,2021-07-02,returned_order,0.02,2.87,routine
9265,3,2021-07-02,prep_waste,0.42,49.31,routine
9266,3,2021-07-02,unsold_cooked,0.16,24.36,routine
9267,3,2021-07-02,spoilage,0.07,7.35,routine
9268,3,2021-07-02,returned_order,0.02,2.53,routine
9269,1,2021-07-03,prep_waste,0.22,26.7,routine
9270,1,2021-07-03,unsold_cooked,0.13,15.47,routine
9271,1,2021-07-03,spoilage,0.06,7.79,routine
9272,1,2021-07-03,returned_order,0.02,2.19,routine
9273,2,2021-07-03,prep_waste,0.29,45.12,routine
9274,2,2021-07-03,unsold_cooked,0.24,27.79,routine
9275,2,2021-07-03,spoilage,0.03,3.95,routine
9276,2,2021-07-03,returned_order,0.02,2.48,routine
9277,3,2021-07-03,prep_waste,0.25,29.55,routine
9278,3,2021-07-03,unsold_cooked,0.23,35.06,routine
9279,3,2021-07-03,spoilage,0.07,10.41,routine
9280,3,2021-07-03,returned_order,0.87,119.02,routine
9281,1,2021-07-04,prep_waste,0.42,45.04,routine
9282,1,2021-07-04,unsold_cooked,0.11,14.03,routine
9283,1,2021-07-04,spoilage,0.05,5.9,routine
9284,1,2021-07-04,returned_order,0.02,2.78,routine
9285,2,2021-07-04,prep_waste,0.19,26.42,routine
9286,2,2021-07-04,unsold_cooked,0.21,26.08,routine
9287,2,2021-07-04,spoilage,0.04,6.41,routine
9288,2,2021-07-04,returned_order,0.02,2.73,routine
9289,3,2021-07-04,prep_waste,0.36,54.9,routine
9290,3,2021-07-04,unsold_cooked,0.21,32.7,routine
9291,3,2021-07-04,spoilage,0.06,9.11,routine
9292,3,2021-07-04,returned_order,0.02,2.56,routine
9293,1,2021-07-05,prep_waste,0.32,43.68,routine
9294,1,2021-07-05,unsold_cooked,0.18,24.19,routine
9295,1,2021-07-05,spoilage,0.05,4.92,routine
9296,1,2021-07-05,returned_order,0.02,2.58,routine
9297,2,2021-07-05,prep_waste,0.38,47.91,routine
9298,2,2021-07-05,unsold_cooked,0.11,17.34,routine
9299,2,2021-07-05,spoilage,0.04,6.04,routine
9300,2,2021-07-05,returned_order,0.02,2.95,routine
9301,3,2021-07-05,prep_waste,0.4,42.87,routine
9302,3,2021-07-05,unsold_cooked,0.18,19.45,routine
9303,3,2021-07-05,spoilage,0.03,4.49,routine
9304,3,2021-07-05,returned_order,0.02,2.61,routine
9305,1,2021-07-06,prep_waste,0.32,38.59,routine
9306,1,2021-07-06,unsold_cooked,0.15,15.6,routine
9307,1,2021-07-06,spoilage,0.04,6.18,routine
9308,1,2021-07-06,returned_order,0.02,2.69,routine
9309,2,2021-07-06,prep_waste,0.28,30.94,routine
9310,2,2021-07-06,unsold_cooked,0.26,33.22,routine
9311,2,2021-07-06,spoilage,0.03,4.13,routine
9312,2,2021-07-06,returned_order,0.02,2.27,routine
9313,3,2021-07-06,prep_waste,0.43,48.01,routine
9314,3,2021-07-06,unsold_cooked,0.19,24.73,routine
9315,3,2021-07-06,spoilage,0.07,9.54,routine
9316,3,2021-07-06,returned_order,0.02,2.22,routine
9317,1,2021-07-07,prep_waste,0.3,38.3,routine
9318,1,2021-07-07,unsold_cooked,0.21,31.88,routine
9319,1,2021-07-07,spoilage,0.04,4.95,routine
9320,1,2021-07-07,returned_order,0.02,2.76,routine
9321,2,2021-07-07,prep_waste,0.3,40.78,routine
9322,2,2021-07-07,unsold_cooked,0.24,36.0,routine
9323,2,2021-07-07,spoilage,0.05,6.51,routine
9324,2,2021-07-07,returned_order,0.02,3.08,routine
9325,3,2021-07-07,prep_waste,0.18,24.5,routine
9326,3,2021-07-07,unsold_cooked,0.1,12.32,routine
9327,3,2021-07-07,spoilage,0.07,7.93,routine
9328,3,2021-07-07,returned_order,0.02,2.63,routine
9329,1,2021-07-08,prep_waste,0.33,37.42,routine
9330,1,2021-07-08,unsold_cooked,0.13,17.66,routine
9331,1,2021-07-08,spoilage,0.04,6.31,routine
9332,1,2021-07-08,returned_order,0.88,101.55,routine
9333,2,2021-07-08,prep_waste,0.44,61.15,routine
9334,2,2021-07-08,unsold_cooked,0.24,36.68,routine
9335,2,2021-07-08,spoilage,0.04,5.26,routine
9336,2,2021-07-08,returned_order,0.02,2.22,routine
9337,3,2021-07-08,prep_waste,0.35,46.55,routine
9338,3,2021-07-08,unsold_cooked,0.22,25.13,routine
9339,3,2021-07-08,spoilage,0.05,5.58,routine
9340,3,2021-07-08,returned_order,0.02,2.77,routine
9341,1,2021-07-09,prep_waste,0.19,22.15,routine
9342,1,2021-07-09,unsold_cooked,0.12,13.52,routine
9343,1,2021-07-09,spoilage,0.06,6.59,routine
9344,1,2021-07-09,returned_order,0.02,2.62,routine
9345,2,2021-07-09,prep_waste,0.27,32.35,routine
9346,2,2021-07-09,unsold_cooked,0.17,22.57,routine
9347,2,2021-07-09,spoilage,0.05,7.98,routine
9348,2,2021-07-09,returned_order,0.02,2.93,routine
9349,3,2021-07-09,prep_waste,0.2,23.45,routine
9350,3,2021-07-09,unsold_cooked,0.24,36.14,routine
9351,3,2021-07-09,spoilage,0.06,8.37,routine
9352,3,2021-07-09,returned_order,0.02,2.11,routine
9353,1,2021-07-10,prep_waste,0.32,35.55,routine
9354,1,2021-07-10,unsold_cooked,0.2,21.26,routine
9355,1,2021-07-10,spoilage,0.05,6.81,routine
9356,1,2021-07-10,returned_order,0.02,2.74,routine
9357,2,2021-07-10,prep_waste,0.35,50.0,routine
9358,2,2021-07-10,unsold_cooked,0.27,39.01,routine
9359,2,2021-07-10,spoilage,0.06,7.86,routine
9360,2,2021-07-10,returned_order,1.68,230.24,routine
9361,3,2021-07-10,prep_waste,0.37,50.57,routine
9362,3,2021-07-10,unsold_cooked,0.19,22.58,routine
9363,3,2021-07-10,spoilage,0.06,8.43,routine
9364,3,2021-07-10,returned_order,0.02,2.9,routine
9365,1,2021-07-11,prep_waste,0.4,59.63,routine
9366,1,2021-07-11,unsold_cooked,0.24,28.72,routine
9367,1,2021-07-11,spoilage,0.05,6.77,routine
9368,1,2021-07-11,returned_order,0.72,96.17,routine
9369,2,2021-07-11,prep_waste,0.28,37.85,routine
9370,2,2021-07-11,unsold_cooked,0.2,30.64,routine
9371,2,2021-07-11,spoilage,0.03,4.97,routine
9372,2,2021-07-11,returned_order,0.02,2.58,routine
9373,3,2021-07-11,prep_waste,0.29,44.41,routine
9374,3,2021-07-11,unsold_cooked,0.1,13.03,routine
9375,3,2021-07-11,spoilage,0.05,6.02,routine
9376,3,2021-07-11,returned_order,0.72,85.25,routine
9377,1,2021-07-12,prep_waste,0.38,49.78,routine
9378,1,2021-07-12,unsold_cooked,0.14,20.7,routine
9379,1,2021-07-12,spoilage,0.07,8.16,routine
9380,1,2021-07-12,returned_order,0.02,2.6,routine
9381,2,2021-07-12,prep_waste,0.34,49.63,routine
9382,2,2021-07-12,unsold_cooked,0.18,19.63,routine
9383,2,2021-07-12,spoilage,0.05,7.32,routine
9384,2,2021-07-12,returned_order,0.02,2.16,routine
9385,3,2021-07-12,prep_waste,0.21,31.61,routine
9386,3,2021-07-12,unsold_cooked,0.1,10.91,routine
9387,3,2021-07-12,spoilage,0.07,7.65,routine
9388,3,2021-07-12,returned_order,0.02,2.41,routine
9389,1,2021-07-13,prep_waste,0.3,37.4,routine
9390,1,2021-07-13,unsold_cooked,0.21,25.51,routine
9391,1,2021-07-13,spoilage,0.05,5.53,routine
9392,1,2021-07-13,returned_order,0.02,2.93,routine
9393,2,2021-07-13,prep_waste,0.3,45.51,routine
9394,2,2021-07-13,unsold_cooked,0.13,18.15,routine
9395,2,2021-07-13,spoilage,0.04,5.74,routine
9396,2,2021-07-13,returned_order,0.02,2.19,routine
9397,3,2021-07-13,prep_waste,0.24,28.85,routine
9398,3,2021-07-13,unsold_cooked,0.13,18.39,routine
9399,3,2021-07-13,spoilage,0.06,6.51,routine
9400,3,2021-07-13,returned_order,0.02,2.11,routine
9401,1,2021-07-14,prep_waste,0.33,48.53,routine
9402,1,2021-07-14,unsold_cooked,0.19,22.62,routine
9403,1,2021-07-14,spoilage,0.05,6.91,routine
9404,1,2021-07-14,returned_order,0.79,102.97,routine
9405,2,2021-07-14,prep_waste,0.19,24.3,routine
9406,2,2021-07-14,unsold_cooked,0.21,28.92,routine
9407,2,2021-07-14,spoilage,0.06,8.7,routine
9408,2,2021-07-14,returned_order,0.02,3.0,routine
9409,3,2021-07-14,prep_waste,0.44,65.96,routine
9410,3,2021-07-14,unsold_cooked,0.18,26.6,routine
9411,3,2021-07-14,spoilage,0.04,6.11,routine
9412,3,2021-07-14,returned_order,0.02,2.8,routine
9413,1,2021-07-15,prep_waste,0.33,49.83,routine
9414,1,2021-07-15,unsold_cooked,0.23,28.65,routine
9415,1,2021-07-15,spoilage,0.07,10.73,routine
9416,1,2021-07-15,returned_order,0.02,2.34,routine
9417,2,2021-07-15,prep_waste,0.38,50.91,routine
9418,2,2021-07-15,unsold_cooked,0.1,11.52,routine
9419,2,2021-07-15,spoilage,0.08,8.23,routine
9420,2,2021-07-15,returned_order,0.02,2.66,routine
9421,3,2021-07-15,prep_waste,0.25,33.05,routine
9422,3,2021-07-15,unsold_cooked,0.15,22.63,routine
9423,3,2021-07-15,spoilage,0.04,4.88,routine
9424,3,2021-07-15,returned_order,0.02,2.4,routine
9425,1,2021-07-16,prep_waste,0.24,32.94,routine
9426,1,2021-07-16,unsold_cooked,0.18,23.24,routine
9427,1,2021-07-16,spoilage,0.08,10.02,routine
9428,1,2021-07-16,returned_order,0.02,2.94,routine
9429,2,2021-07-16,prep_waste,0.31,38.92,routine
9430,2,2021-07-16,unsold_cooked,0.15,23.43,routine
9431,2,2021-07-16,spoilage,0.04,5.38,routine
9432,2,2021-07-16,returned_order,0.02,2.93,routine
9433,3,2021-07-16,prep_waste,0.25,36.01,routine
9434,3,2021-07-16,unsold_cooked,0.15,20.65,routine
9435,3,2021-07-16,spoilage,0.05,5.49,routine
9436,3,2021-07-16,returned_order,0.53,59.88,routine
9437,1,2021-07-17,prep_waste,0.33,50.13,routine
9438,1,2021-07-17,unsold_cooked,0.19,28.61,routine
9439,1,2021-07-17,spoilage,0.08,9.06,routine
9440,1,2021-07-17,returned_order,0.02,2.64,routine
9441,2,2021-07-17,prep_waste,0.22,29.99,routine
9442,2,2021-07-17,unsold_cooked,0.19,28.25,routine
9443,2,2021-07-17,spoilage,0.08,11.42,routine
9444,2,2021-07-17,returned_order,0.77,111.24,routine
9445,3,2021-07-17,prep_waste,0.19,22.17,routine
9446,3,2021-07-17,unsold_cooked,0.2,23.35,routine
9447,3,2021-07-17,spoilage,0.07,8.07,routine
9448,3,2021-07-17,returned_order,0.75,90.69,routine
9449,1,2021-07-18,prep_waste,0.29,45.14,routine
9450,1,2021-07-18,unsold_cooked,0.14,16.43,routine
9451,1,2021-07-18,spoilage,0.04,4.97,routine
9452,1,2021-07-18,returned_order,0.02,2.56,routine
9453,2,2021-07-18,prep_waste,0.18,25.22,routine
9454,2,2021-07-18,unsold_cooked,0.11,17.16,routine
9455,2,2021-07-18,spoilage,0.06,7.95,routine
9456,2,2021-07-18,returned_order,0.02,3.08,routine
9457,3,2021-07-18,prep_waste,0.36,45.05,routine
9458,3,2021-07-18,unsold_cooked,0.12,16.29,routine
9459,3,2021-07-18,spoilage,0.04,6.41,routine
9460,3,2021-07-18,returned_order,0.02,2.89,routine
9461,1,2021-07-19,prep_waste,0.3,42.04,routine
9462,1,2021-07-19,unsold_cooked,0.17,26.57,routine
9463,1,2021-07-19,spoilage,0.05,5.64,routine
9464,1,2021-07-19,returned_order,0.02,2.51,routine
9465,2,2021-07-19,prep_waste,0.37,51.46,routine
9466,2,2021-07-19,unsold_cooked,0.21,23.96,routine
9467,2,2021-07-19,spoilage,0.07,9.08,routine
9468,2,2021-07-19,returned_order,0.02,2.85,routine
9469,3,2021-07-19,prep_waste,0.28,36.92,routine
9470,3,2021-07-19,unsold_cooked,0.22,29.09,routine
9471,3,2021-07-19,spoilage,0.08,11.77,routine
9472,3,2021-07-19,returned_order,0.02,2.54,routine
9473,1,2021-07-20,prep_waste,0.28,30.21,routine
9474,1,2021-07-20,unsold_cooked,0.15,16.42,routine
9475,1,2021-07-20,spoilage,0.07,9.32,routine
9476,1,2021-07-20,returned_order,0.02,2.14,routine
9477,2,2021-07-20,prep_waste,0.25,27.02,routine
9478,2,2021-07-20,unsold_cooked,0.21,23.77,routine
9479,2,2021-07-20,spoilage,0.05,7.44,routine
9480,2,2021-07-20,returned_order,0.02,2.16,routine
9481,3,2021-07-20,prep_waste,0.43,64.93,routine
9482,3,2021-07-20,unsold_cooked,0.1,14.88,routine
9483,3,2021-07-20,spoilage,0.07,7.73,routine
9484,3,2021-07-20,returned_order,0.02,2.94,routine
9485,1,2021-07-21,prep_waste,0.44,56.27,routine
9486,1,2021-07-21,unsold_cooked,0.13,17.16,routine
9487,1,2021-07-21,spoilage,0.07,7.31,routine
9488,1,2021-07-21,returned_order,0.52,69.27,routine
9489,2,2021-07-21,prep_waste,0.25,27.14,routine
9490,2,2021-07-21,unsold_cooked,0.17,20.15,routine
9491,2,2021-07-21,spoilage,0.04,4.58,routine
9492,2,2021-07-21,returned_order,0.02,2.22,routine
9493,3,2021-07-21,prep_waste,0.36,43.13,routine
9494,3,2021-07-21,unsold_cooked,0.11,11.1,routine
9495,3,2021-07-21,spoilage,0.05,6.68,routine
9496,3,2021-07-21,returned_order,0.02,2.29,routine
9497,1,2021-07-22,prep_waste,0.27,32.39,routine
9498,1,2021-07-22,unsold_cooked,0.11,13.74,routine
9499,1,2021-07-22,spoilage,0.06,8.81,routine
9500,1,2021-07-22,returned_order,0.02,2.13,routine
9501,2,2021-07-22,prep_waste,0.34,44.44,routine
9502,2,2021-07-22,unsold_cooked,0.21,24.27,routine
9503,2,2021-07-22,spoilage,0.06,6.66,routine
9504,2,2021-07-22,returned_order,0.02,2.33,routine
9505,3,2021-07-22,prep_waste,0.43,65.98,routine
9506,3,2021-07-22,unsold_cooked,0.2,23.9,routine
9507,3,2021-07-22,spoilage,0.05,7.0,routine
9508,3,2021-07-22,returned_order,0.02,2.56,routine
9509,1,2021-07-23,prep_waste,0.2,27.7,routine
9510,1,2021-07-23,unsold_cooked,0.2,26.4,routine
9511,1,2021-07-23,spoilage,0.08,8.56,routine
9512,1,2021-07-23,returned_order,0.66,76.08,routine
9513,2,2021-07-23,prep_waste,0.34,50.43,routine
9514,2,2021-07-23,unsold_cooked,0.2,23.23,routine
9515,2,2021-07-23,spoilage,0.06,6.52,routine
9516,2,2021-07-23,returned_order,0.02,2.36,routine
9517,3,2021-07-23,prep_waste,0.25,33.11,routine
9518,3,2021-07-23,unsold_cooked,0.11,14.09,routine
9519,3,2021-07-23,spoilage,0.06,7.43,routine
9520,3,2021-07-23,returned_order,0.02,2.51,routine
9521,1,2021-07-24,prep_waste,0.18,20.4,routine
9522,1,2021-07-24,unsold_cooked,0.17,20.43,routine
9523,1,2021-07-24,spoilage,0.05,7.09,routine
9524,1,2021-07-24,returned_order,0.77,119.31,routine
9525,2,2021-07-24,prep_waste,0.37,50.67,routine
9526,2,2021-07-24,unsold_cooked,0.24,34.23,routine
9527,2,2021-07-24,spoilage,0.05,7.67,routine
9528,2,2021-07-24,returned_order,0.02,2.13,routine
9529,3,2021-07-24,prep_waste,0.31,46.59,routine
9530,3,2021-07-24,unsold_cooked,0.14,20.36,routine
9531,3,2021-07-24,spoilage,0.08,10.11,routine
9532,3,2021-07-24,returned_order,0.02,2.38,routine
9533,1,2021-07-25,prep_waste,0.26,28.01,routine
9534,1,2021-07-25,unsold_cooked,0.23,31.35,routine
9535,1,2021-07-25,spoilage,0.04,5.37,routine
9536,1,2021-07-25,returned_order,0.02,2.41,routine
9537,2,2021-07-25,prep_waste,0.24,35.4,routine
9538,2,2021-07-25,unsold_cooked,0.2,23.54,routine
9539,2,2021-07-25,spoilage,0.07,8.07,routine
9540,2,2021-07-25,returned_order,0.02,3.01,routine
9541,3,2021-07-25,prep_waste,0.37,47.59,routine
9542,3,2021-07-25,unsold_cooked,0.1,12.01,routine
9543,3,2021-07-25,spoilage,0.08,9.13,routine
9544,3,2021-07-25,returned_order,0.02,2.63,routine
9545,1,2021-07-26,prep_waste,0.29,37.09,routine
9546,1,2021-07-26,unsold_cooked,0.23,33.26,routine
9547,1,2021-07-26,spoilage,0.07,10.26,routine
9548,1,2021-07-26,returned_order,0.02,2.81,routine
9549,2,2021-07-26,prep_waste,0.19,28.89,routine
9550,2,2021-07-26,unsold_cooked,0.18,23.85,routine
9551,2,2021-07-26,spoilage,0.06,9.49,routine
9552,2,2021-07-26,returned_order,0.02,2.96,routine
9553,3,2021-07-26,prep_waste,0.42,50.07,routine
9554,3,2021-07-26,unsold_cooked,0.21,22.69,routine
9555,3,2021-07-26,spoilage,0.06,8.09,routine
9556,3,2021-07-26,returned_order,0.02,2.95,routine
9557,1,2021-07-27,prep_waste,0.44,59.59,routine
9558,1,2021-07-27,unsold_cooked,0.22,31.34,routine
9559,1,2021-07-27,spoilage,0.06,9.68,routine
9560,1,2021-07-27,returned_order,0.02,2.43,routine
9561,2,2021-07-27,prep_waste,0.24,25.22,routine
9562,2,2021-07-27,unsold_cooked,0.11,13.76,routine
9563,2,2021-07-27,spoilage,0.08,8.79,routine
9564,2,2021-07-27,returned_order,1.67,214.25,routine
9565,3,2021-07-27,prep_waste,0.36,39.28,routine
9566,3,2021-07-27,unsold_cooked,0.14,19.96,routine
9567,3,2021-07-27,spoilage,0.04,5.68,routine
9568,3,2021-07-27,returned_order,0.02,2.73,routine
9569,1,2021-07-28,prep_waste,0.32,35.31,routine
9570,1,2021-07-28,unsold_cooked,0.15,19.28,routine
9571,1,2021-07-28,spoilage,0.05,5.93,routine
9572,1,2021-07-28,returned_order,0.02,2.26,routine
9573,2,2021-07-28,prep_waste,0.37,39.46,routine
9574,2,2021-07-28,unsold_cooked,0.18,25.62,routine
9575,2,2021-07-28,spoilage,0.07,8.46,routine
9576,2,2021-07-28,returned_order,0.57,82.05,routine
9577,3,2021-07-28,prep_waste,0.23,31.33,routine
9578,3,2021-07-28,unsold_cooked,0.2,27.46,routine
9579,3,2021-07-28,spoilage,0.03,4.87,routine
9580,3,2021-07-28,returned_order,0.02,2.37,routine
9581,1,2021-07-29,prep_waste,0.27,41.19,routine
9582,1,2021-07-29,unsold_cooked,0.11,15.94,routine
9583,1,2021-07-29,spoilage,0.03,4.22,routine
9584,1,2021-07-29,returned_order,0.02,2.85,routine
9585,2,2021-07-29,prep_waste,0.27,34.66,routine
9586,2,2021-07-29,unsold_cooked,0.14,15.11,routine
9587,2,2021-07-29,spoilage,0.06,6.44,routine
9588,2,2021-07-29,returned_order,0.02,2.62,routine
9589,3,2021-07-29,prep_waste,0.33,39.12,routine
9590,3,2021-07-29,unsold_cooked,0.24,28.32,routine
9591,3,2021-07-29,spoilage,0.04,4.5,routine
9592,3,2021-07-29,returned_order,0.02,3.01,routine
9593,1,2021-07-30,prep_waste,0.38,42.07,routine
9594,1,2021-07-30,unsold_cooked,0.14,14.48,routine
9595,1,2021-07-30,spoilage,0.06,6.46,routine
9596,1,2021-07-30,returned_order,0.02,2.45,routine
9597,2,2021-07-30,prep_waste,0.24,35.81,routine
9598,2,2021-07-30,unsold_cooked,0.13,17.38,routine
9599,2,2021-07-30,spoilage,0.06,8.11,routine
9600,2,2021-07-30,returned_order,0.02,2.31,routine
9601,3,2021-07-30,prep_waste,0.23,33.03,routine
9602,3,2021-07-30,unsold_cooked,0.23,29.83,routine
9603,3,2021-07-30,spoilage,0.05,6.62,routine
9604,3,2021-07-30,returned_order,0.02,2.5,routine
9605,1,2021-07-31,prep_waste,0.32,35.51,routine
9606,1,2021-07-31,unsold_cooked,0.16,19.4,routine
9607,1,2021-07-31,spoilage,0.05,6.0,routine
9608,1,2021-07-31,returned_order,0.02,2.72,routine
9609,2,2021-07-31,prep_waste,0.42,46.83,routine
9610,2,2021-07-31,unsold_cooked,0.12,16.68,routine
9611,2,2021-07-31,spoilage,0.04,3.89,routine
9612,2,2021-07-31,returned_order,0.51,59.38,routine
9613,3,2021-07-31,prep_waste,0.29,33.26,routine
9614,3,2021-07-31,unsold_cooked,0.13,17.39,routine
9615,3,2021-07-31,spoilage,0.05,6.73,routine
9616,3,2021-07-31,returned_order,0.02,2.99,routine
9617,1,2021-08-01,prep_waste,0.29,36.46,routine
9618,1,2021-08-01,unsold_cooked,0.13,16.51,routine
9619,1,2021-08-01,spoilage,0.06,8.05,routine
9620,1,2021-08-01,returned_order,0.02,2.53,routine
9621,2,2021-08-01,prep_waste,0.29,33.16,routine
9622,2,2021-08-01,unsold_cooked,0.17,19.06,routine
9623,2,2021-08-01,spoilage,0.05,6.25,routine
9624,2,2021-08-01,returned_order,0.02,2.17,routine
9625,3,2021-08-01,prep_waste,0.37,55.11,routine
9626,3,2021-08-01,unsold_cooked,0.11,12.65,routine
9627,3,2021-08-01,spoilage,0.04,6.17,routine
9628,3,2021-08-01,returned_order,0.53,63.32,routine
9629,1,2021-08-02,prep_waste,0.41,62.71,routine
9630,1,2021-08-02,unsold_cooked,0.17,25.83,routine
9631,1,2021-08-02,spoilage,0.05,6.18,routine
9632,1,2021-08-02,returned_order,0.02,2.62,routine
9633,2,2021-08-02,prep_waste,0.2,26.63,routine
9634,2,2021-08-02,unsold_cooked,0.22,31.41,routine
9635,2,2021-08-02,spoilage,0.06,8.67,routine
9636,2,2021-08-02,returned_order,0.63,85.19,routine
9637,3,2021-08-02,prep_waste,0.3,33.75,routine
9638,3,2021-08-02,unsold_cooked,0.11,14.23,routine
9639,3,2021-08-02,spoilage,0.05,7.14,routine
9640,3,2021-08-02,returned_order,0.02,2.72,routine
9641,1,2021-08-03,prep_waste,0.28,30.51,routine
9642,1,2021-08-03,unsold_cooked,0.15,21.65,routine
9643,1,2021-08-03,spoilage,0.05,5.85,routine
9644,1,2021-08-03,returned_order,0.02,2.39,routine
9645,2,2021-08-03,prep_waste,0.19,19.92,routine
9646,2,2021-08-03,unsold_cooked,0.23,26.01,routine
9647,2,2021-08-03,spoilage,0.08,8.36,routine
9648,2,2021-08-03,returned_order,0.02,2.82,routine
9649,3,2021-08-03,prep_waste,0.4,44.93,routine
9650,3,2021-08-03,unsold_cooked,0.16,18.41,routine
9651,3,2021-08-03,spoilage,0.03,5.04,routine
9652,3,2021-08-03,returned_order,0.02,2.9,routine
9653,1,2021-08-04,prep_waste,0.39,52.63,routine
9654,1,2021-08-04,unsold_cooked,0.1,12.81,routine
9655,1,2021-08-04,spoilage,0.08,10.31,routine
9656,1,2021-08-04,returned_order,0.02,2.13,routine
9657,2,2021-08-04,prep_waste,0.38,53.41,routine
9658,2,2021-08-04,unsold_cooked,0.12,15.79,routine
9659,2,2021-08-04,spoilage,0.07,8.16,routine
9660,2,2021-08-04,returned_order,0.54,65.69,routine
9661,3,2021-08-04,prep_waste,0.26,33.36,routine
9662,3,2021-08-04,unsold_cooked,0.23,25.69,routine
9663,3,2021-08-04,spoilage,0.04,4.93,routine
9664,3,2021-08-04,returned_order,0.02,2.54,routine
9665,1,2021-08-05,prep_waste,0.39,49.72,routine
9666,1,2021-08-05,unsold_cooked,0.19,28.08,routine
9667,1,2021-08-05,spoilage,0.08,8.61,routine
9668,1,2021-08-05,returned_order,0.02,2.39,routine
9669,2,2021-08-05,prep_waste,0.35,41.06,routine
9670,2,2021-08-05,unsold_cooked,0.1,12.96,routine
9671,2,2021-08-05,spoilage,0.06,7.11,routine
9672,2,2021-08-05,returned_order,0.02,2.8,routine
9673,3,2021-08-05,prep_waste,0.39,46.03,routine
9674,3,2021-08-05,unsold_cooked,0.14,15.38,routine
9675,3,2021-08-05,spoilage,0.06,7.93,routine
9676,3,2021-08-05,returned_order,0.02,2.72,routine
9677,1,2021-08-06,prep_waste,0.29,38.69,routine
9678,1,2021-08-06,unsold_cooked,0.1,13.45,routine
9679,1,2021-08-06,spoilage,0.05,7.03,routine
9680,1,2021-08-06,returned_order,0.02,2.16,routine
9681,2,2021-08-06,prep_waste,0.4,44.36,routine
9682,2,2021-08-06,unsold_cooked,0.2,24.09,routine
9683,2,2021-08-06,spoilage,0.07,8.98,routine
9684,2,2021-08-06,returned_order,0.02,2.77,routine
9685,3,2021-08-06,prep_waste,0.43,64.79,routine
9686,3,2021-08-06,unsold_cooked,0.23,35.61,routine
9687,3,2021-08-06,spoilage,0.08,9.52,routine
9688,3,2021-08-06,returned_order,0.02,2.29,routine
9689,1,2021-08-07,prep_waste,0.19,25.06,routine
9690,1,2021-08-07,unsold_cooked,0.1,15.4,routine
9691,1,2021-08-07,spoilage,0.07,9.76,routine
9692,1,2021-08-07,returned_order,0.02,2.7,routine
9693,2,2021-08-07,prep_waste,0.18,27.15,routine
9694,2,2021-08-07,unsold_cooked,0.25,36.09,routine
9695,2,2021-08-07,spoilage,0.07,7.75,routine
9696,2,2021-08-07,returned_order,0.02,2.66,routine
9697,3,2021-08-07,prep_waste,0.44,67.03,routine
9698,3,2021-08-07,unsold_cooked,0.11,13.85,routine
9699,3,2021-08-07,spoilage,0.04,5.51,routine
9700,3,2021-08-07,returned_order,0.74,94.13,routine
9701,1,2021-08-08,prep_waste,0.25,29.08,routine
9702,1,2021-08-08,unsold_cooked,0.24,26.94,routine
9703,1,2021-08-08,spoilage,0.04,5.16,routine
9704,1,2021-08-08,returned_order,0.02,2.63,routine
9705,2,2021-08-08,prep_waste,0.37,51.25,routine
9706,2,2021-08-08,unsold_cooked,0.26,29.91,routine
9707,2,2021-08-08,spoilage,0.07,10.23,routine
9708,2,2021-08-08,returned_order,0.67,91.56,routine
9709,3,2021-08-08,prep_waste,0.28,38.42,routine
9710,3,2021-08-08,unsold_cooked,0.21,32.63,routine
9711,3,2021-08-08,spoilage,0.04,4.98,routine
9712,3,2021-08-08,returned_order,0.02,2.43,routine
9713,1,2021-08-09,prep_waste,0.22,26.37,routine
9714,1,2021-08-09,unsold_cooked,0.14,15.55,routine
9715,1,2021-08-09,spoilage,0.05,5.42,routine
9716,1,2021-08-09,returned_order,0.02,3.0,routine
9717,2,2021-08-09,prep_waste,0.24,27.52,routine
9718,2,2021-08-09,unsold_cooked,0.14,14.73,routine
9719,2,2021-08-09,spoilage,0.04,4.94,routine
9720,2,2021-08-09,returned_order,0.02,2.38,routine
9721,3,2021-08-09,prep_waste,0.43,63.89,routine
9722,3,2021-08-09,unsold_cooked,0.21,28.39,routine
9723,3,2021-08-09,spoilage,0.04,5.86,routine
9724,3,2021-08-09,returned_order,0.02,2.19,routine
9725,1,2021-08-10,prep_waste,0.21,29.57,routine
9726,1,2021-08-10,unsold_cooked,0.16,21.38,routine
9727,1,2021-08-10,spoilage,0.03,4.78,routine
9728,1,2021-08-10,returned_order,0.02,2.54,routine
9729,2,2021-08-10,prep_waste,0.4,54.52,routine
9730,2,2021-08-10,unsold_cooked,0.22,28.9,routine
9731,2,2021-08-10,spoilage,0.06,6.71,routine
9732,2,2021-08-10,returned_order,0.02,2.23,routine
9733,3,2021-08-10,prep_waste,0.29,38.98,routine
9734,3,2021-08-10,unsold_cooked,0.22,33.24,routine
9735,3,2021-08-10,spoilage,0.05,5.19,routine
9736,3,2021-08-10,returned_order,0.63,87.39,routine
9737,1,2021-08-11,prep_waste,0.4,47.27,routine
9738,1,2021-08-11,unsold_cooked,0.16,25.36,routine
9739,1,2021-08-11,spoilage,0.07,8.99,routine
9740,1,2021-08-11,returned_order,0.02,2.93,routine
9741,2,2021-08-11,prep_waste,0.26,31.76,routine
9742,2,2021-08-11,unsold_cooked,0.11,16.57,routine
9743,2,2021-08-11,spoilage,0.08,8.54,routine
9744,2,2021-08-11,returned_order,0.02,2.18,routine
9745,3,2021-08-11,prep_waste,0.38,54.22,routine
9746,3,2021-08-11,unsold_cooked,0.16,22.01,routine
9747,3,2021-08-11,spoilage,0.03,4.33,routine
9748,3,2021-08-11,returned_order,0.02,2.67,routine
9749,1,2021-08-12,prep_waste,0.18,28.09,routine
9750,1,2021-08-12,unsold_cooked,0.27,36.59,routine
9751,1,2021-08-12,spoilage,0.04,4.74,routine
9752,1,2021-08-12,returned_order,0.02,2.55,routine
9753,2,2021-08-12,prep_waste,0.28,38.25,routine
9754,2,2021-08-12,unsold_cooked,0.21,25.7,routine
9755,2,2021-08-12,spoilage,0.06,8.52,routine
9756,2,2021-08-12,returned_order,0.02,2.18,routine
9757,3,2021-08-12,prep_waste,0.36,39.13,routine
9758,3,2021-08-12,unsold_cooked,0.1,14.05,routine
9759,3,2021-08-12,spoilage,0.06,8.0,routine
9760,3,2021-08-12,returned_order,0.02,3.0,routine
9761,1,2021-08-13,prep_waste,0.25,30.38,routine
9762,1,2021-08-13,unsold_cooked,0.19,29.01,routine
9763,1,2021-08-13,spoilage,0.04,4.99,routine
9764,1,2021-08-13,returned_order,0.02,2.96,routine
9765,2,2021-08-13,prep_waste,0.43,64.13,routine
9766,2,2021-08-13,unsold_cooked,0.11,13.07,routine
9767,2,2021-08-13,spoilage,0.07,8.42,routine
9768,2,2021-08-13,returned_order,0.02,2.59,routine
9769,3,2021-08-13,prep_waste,0.3,42.01,routine
9770,3,2021-08-13,unsold_cooked,0.13,20.02,routine
9771,3,2021-08-13,spoilage,0.07,8.68,routine
9772,3,2021-08-13,returned_order,0.02,2.61,routine
9773,1,2021-08-14,prep_waste,0.44,49.93,routine
9774,1,2021-08-14,unsold_cooked,0.2,28.91,routine
9775,1,2021-08-14,spoilage,0.03,3.56,routine
9776,1,2021-08-14,returned_order,0.02,3.05,routine
9777,2,2021-08-14,prep_waste,0.33,44.99,routine
9778,2,2021-08-14,unsold_cooked,0.19,26.62,routine
9779,2,2021-08-14,spoilage,0.04,5.65,routine
9780,2,2021-08-14,returned_order,0.02,2.43,routine
9781,3,2021-08-14,prep_waste,0.21,31.02,routine
9782,3,2021-08-14,unsold_cooked,0.11,15.07,routine
9783,3,2021-08-14,spoilage,0.04,5.29,routine
9784,3,2021-08-14,returned_order,0.02,3.03,routine
9785,1,2021-08-15,prep_waste,0.26,31.03,routine
9786,1,2021-08-15,unsold_cooked,0.21,25.75,routine
9787,1,2021-08-15,spoilage,0.04,4.9,routine
9788,1,2021-08-15,returned_order,0.02,3.0,routine
9789,2,2021-08-15,prep_waste,0.37,39.64,routine
9790,2,2021-08-15,unsold_cooked,0.23,32.91,routine
9791,2,2021-08-15,spoilage,0.07,10.76,routine
9792,2,2021-08-15,returned_order,0.02,3.06,routine
9793,3,2021-08-15,prep_waste,0.27,40.7,routine
9794,3,2021-08-15,unsold_cooked,0.24,34.08,routine
9795,3,2021-08-15,spoilage,0.06,6.54,routine
9796,3,2021-08-15,returned_order,0.02,2.47,routine
9797,1,2021-08-16,prep_waste,0.44,56.39,routine
9798,1,2021-08-16,unsold_cooked,0.17,19.33,routine
9799,1,2021-08-16,spoilage,0.04,4.94,routine
9800,1,2021-08-16,returned_order,0.02,2.61,routine
9801,2,2021-08-16,prep_waste,0.19,23.32,routine
9802,2,2021-08-16,unsold_cooked,0.21,26.27,routine
9803,2,2021-08-16,spoilage,0.08,9.94,routine
9804,2,2021-08-16,returned_order,0.02,2.22,routine
9805,3,2021-08-16,prep_waste,0.21,31.09,routine
9806,3,2021-08-16,unsold_cooked,0.11,11.85,routine
9807,3,2021-08-16,spoilage,0.04,4.55,routine
9808,3,2021-08-16,returned_order,0.02,2.48,routine
9809,1,2021-08-17,prep_waste,0.33,35.23,routine
9810,1,2021-08-17,unsold_cooked,0.1,14.15,routine
9811,1,2021-08-17,spoilage,0.07,7.79,routine
9812,1,2021-08-17,returned_order,0.02,3.03,routine
9813,2,2021-08-17,prep_waste,0.31,34.93,routine
9814,2,2021-08-17,unsold_cooked,0.17,25.97,routine
9815,2,2021-08-17,spoilage,0.05,8.01,routine
9816,2,2021-08-17,returned_order,0.02,2.88,routine
9817,3,2021-08-17,prep_waste,0.44,64.12,routine
9818,3,2021-08-17,unsold_cooked,0.13,14.35,routine
9819,3,2021-08-17,spoilage,0.04,4.45,routine
9820,3,2021-08-17,returned_order,0.57,86.13,routine
9821,1,2021-08-18,prep_waste,0.22,25.34,routine
9822,1,2021-08-18,unsold_cooked,0.14,18.56,routine
9823,1,2021-08-18,spoilage,0.05,6.96,routine
9824,1,2021-08-18,returned_order,0.02,2.53,routine
9825,2,2021-08-18,prep_waste,0.35,52.9,routine
9826,2,2021-08-18,unsold_cooked,0.2,30.57,routine
9827,2,2021-08-18,spoilage,0.05,6.29,routine
9828,2,2021-08-18,returned_order,0.9,95.27,routine
9829,3,2021-08-18,prep_waste,0.39,42.67,routine
9830,3,2021-08-18,unsold_cooked,0.11,15.12,routine
9831,3,2021-08-18,spoilage,0.07,10.29,routine
9832,3,2021-08-18,returned_order,0.02,2.66,routine
9833,1,2021-08-19,prep_waste,0.29,41.45,routine
9834,1,2021-08-19,unsold_cooked,0.2,29.61,routine
9835,1,2021-08-19,spoilage,0.03,4.77,routine
9836,1,2021-08-19,returned_order,0.02,2.36,routine
9837,2,2021-08-19,prep_waste,0.33,50.65,routine
9838,2,2021-08-19,unsold_cooked,0.16,21.35,routine
9839,2,2021-08-19,spoilage,0.06,8.4,routine
9840,2,2021-08-19,returned_order,0.02,2.52,routine
9841,3,2021-08-19,prep_waste,0.2,22.11,routine
9842,3,2021-08-19,unsold_cooked,0.17,23.01,routine
9843,3,2021-08-19,spoilage,0.04,4.84,routine
9844,3,2021-08-19,returned_order,0.02,2.13,routine
9845,1,2021-08-20,prep_waste,0.37,53.57,routine
9846,1,2021-08-20,unsold_cooked,0.19,22.65,routine
9847,1,2021-08-20,spoilage,0.07,9.57,routine
9848,1,2021-08-20,returned_order,0.78,98.77,routine
9849,2,2021-08-20,prep_waste,0.22,24.63,routine
9850,2,2021-08-20,unsold_cooked,0.2,27.9,routine
9851,2,2021-08-20,spoilage,0.05,7.32,routine
9852,2,2021-08-20,returned_order,0.02,2.3,routine
9853,3,2021-08-20,prep_waste,0.31,38.74,routine
9854,3,2021-08-20,unsold_cooked,0.14,20.43,routine
9855,3,2021-08-20,spoilage,0.05,6.32,routine
9856,3,2021-08-20,returned_order,0.02,2.92,routine
9857,1,2021-08-21,prep_waste,0.41,53.4,routine
9858,1,2021-08-21,unsold_cooked,0.2,29.61,routine
9859,1,2021-08-21,spoilage,0.08,8.85,routine
9860,1,2021-08-21,returned_order,0.02,2.51,routine
9861,2,2021-08-21,prep_waste,0.43,47.7,routine
9862,2,2021-08-21,unsold_cooked,0.23,32.74,routine
9863,2,2021-08-21,spoilage,0.04,5.86,routine
9864,2,2021-08-21,returned_order,0.57,61.47,routine
9865,3,2021-08-21,prep_waste,0.36,55.15,routine
9866,3,2021-08-21,unsold_cooked,0.11,16.33,routine
9867,3,2021-08-21,spoilage,0.06,6.77,routine
9868,3,2021-08-21,returned_order,0.02,2.3,routine
9869,1,2021-08-22,prep_waste,0.39,53.84,routine
9870,1,2021-08-22,unsold_cooked,0.22,29.09,routine
9871,1,2021-08-22,spoilage,0.04,6.11,routine
9872,1,2021-08-22,returned_order,0.65,98.06,routine
9873,2,2021-08-22,prep_waste,0.18,25.94,routine
9874,2,2021-08-22,unsold_cooked,0.19,21.98,routine
9875,2,2021-08-22,spoilage,0.07,7.78,routine
9876,2,2021-08-22,returned_order,0.02,2.51,routine
9877,3,2021-08-22,prep_waste,0.33,37.24,routine
9878,3,2021-08-22,unsold_cooked,0.18,27.81,routine
9879,3,2021-08-22,spoilage,0.07,8.8,routine
9880,3,2021-08-22,returned_order,0.02,2.51,routine
9881,1,2021-08-23,prep_waste,0.22,33.09,routine
9882,1,2021-08-23,unsold_cooked,0.12,16.7,routine
9883,1,2021-08-23,spoilage,0.08,10.65,routine
9884,1,2021-08-23,returned_order,0.02,2.95,routine
9885,2,2021-08-23,prep_waste,0.31,36.84,routine
9886,2,2021-08-23,unsold_cooked,0.1,11.69,routine
9887,2,2021-08-23,spoilage,0.04,5.9,routine
9888,2,2021-08-23,returned_order,0.02,3.01,routine
9889,3,2021-08-23,prep_waste,0.28,33.72,routine
9890,3,2021-08-23,unsold_cooked,0.24,30.5,routine
9891,3,2021-08-23,spoilage,0.07,10.38,routine
9892,3,2021-08-23,returned_order,0.02,2.29,routine
9893,1,2021-08-24,prep_waste,0.19,20.4,routine
9894,1,2021-08-24,unsold_cooked,0.16,24.07,routine
9895,1,2021-08-24,spoilage,0.05,6.23,routine
9896,1,2021-08-24,returned_order,0.02,2.63,routine
9897,2,2021-08-24,prep_waste,0.21,24.02,routine
9898,2,2021-08-24,unsold_cooked,0.15,23.55,routine
9899,2,2021-08-24,spoilage,0.05,6.3,routine
9900,2,2021-08-24,returned_order,0.52,78.45,routine
9901,3,2021-08-24,prep_waste,0.32,35.25,routine
9902,3,2021-08-24,unsold_cooked,0.21,30.16,routine
9903,3,2021-08-24,spoilage,0.08,9.11,routine
9904,3,2021-08-24,returned_order,0.02,2.95,routine
9905,1,2021-08-25,prep_waste,0.42,50.33,routine
9906,1,2021-08-25,unsold_cooked,0.24,34.6,routine
9907,1,2021-08-25,spoilage,0.03,4.55,routine
9908,1,2021-08-25,returned_order,0.02,2.85,routine
9909,2,2021-08-25,prep_waste,0.37,50.51,routine
9910,2,2021-08-25,unsold_cooked,0.21,23.68,routine
9911,2,2021-08-25,spoilage,0.07,8.63,routine
9912,2,2021-08-25,returned_order,0.02,2.64,routine
9913,3,2021-08-25,prep_waste,0.4,61.33,routine
9914,3,2021-08-25,unsold_cooked,0.15,15.88,routine
9915,3,2021-08-25,spoilage,0.07,8.49,routine
9916,3,2021-08-25,returned_order,0.02,2.21,routine
9917,1,2021-08-26,prep_waste,0.23,35.21,routine
9918,1,2021-08-26,unsold_cooked,0.18,23.6,routine
9919,1,2021-08-26,spoilage,0.06,7.71,routine
9920,1,2021-08-26,returned_order,0.69,78.43,routine
9921,2,2021-08-26,prep_waste,0.21,28.34,routine
9922,2,2021-08-26,unsold_cooked,0.15,20.02,routine
9923,2,2021-08-26,spoilage,0.06,8.14,routine
9924,2,2021-08-26,returned_order,0.02,2.36,routine
9925,3,2021-08-26,prep_waste,0.23,24.69,routine
9926,3,2021-08-26,unsold_cooked,0.16,18.22,routine
9927,3,2021-08-26,spoilage,0.06,8.52,routine
9928,3,2021-08-26,returned_order,0.02,2.76,routine
9929,1,2021-08-27,prep_waste,0.19,29.16,routine
9930,1,2021-08-27,unsold_cooked,0.14,15.98,routine
9931,1,2021-08-27,spoilage,0.07,10.56,routine
9932,1,2021-08-27,returned_order,0.02,2.16,routine
9933,2,2021-08-27,prep_waste,0.36,42.84,routine
9934,2,2021-08-27,unsold_cooked,0.2,30.24,routine
9935,2,2021-08-27,spoilage,0.08,11.09,routine
9936,2,2021-08-27,returned_order,0.75,102.66,routine
9937,3,2021-08-27,prep_waste,0.29,38.7,routine
9938,3,2021-08-27,unsold_cooked,0.12,14.58,routine
9939,3,2021-08-27,spoilage,0.05,6.44,routine
9940,3,2021-08-27,returned_order,0.02,2.2,routine
9941,1,2021-08-28,prep_waste,0.4,44.7,routine
9942,1,2021-08-28,unsold_cooked,0.1,11.98,routine
9943,1,2021-08-28,spoilage,0.04,5.12,routine
9944,1,2021-08-28,returned_order,0.02,2.26,routine
9945,2,2021-08-28,prep_waste,0.38,52.2,routine
9946,2,2021-08-28,unsold_cooked,0.23,31.1,routine
9947,2,2021-08-28,spoilage,0.06,10.0,routine
9948,2,2021-08-28,returned_order,0.02,3.05,routine
9949,3,2021-08-28,prep_waste,0.44,52.67,routine
9950,3,2021-08-28,unsold_cooked,0.2,23.29,routine
9951,3,2021-08-28,spoilage,0.06,6.42,routine
9952,3,2021-08-28,returned_order,0.02,2.35,routine
9953,1,2021-08-29,prep_waste,0.28,34.64,routine
9954,1,2021-08-29,unsold_cooked,0.15,17.25,routine
9955,1,2021-08-29,spoilage,0.05,6.91,routine
9956,1,2021-08-29,returned_order,0.02,2.49,routine
9957,2,2021-08-29,prep_waste,0.31,33.81,routine
9958,2,2021-08-29,unsold_cooked,0.13,16.5,routine
9959,2,2021-08-29,spoilage,0.06,6.26,routine
9960,2,2021-08-29,returned_order,0.02,2.83,routine
9961,3,2021-08-29,prep_waste,0.3,34.58,routine
9962,3,2021-08-29,unsold_cooked,0.19,25.11,routine
9963,3,2021-08-29,spoilage,0.06,7.47,routine
9964,3,2021-08-29,returned_order,0.02,3.05,routine
9965,1,2021-08-30,prep_waste,0.38,44.78,routine
9966,1,2021-08-30,unsold_cooked,0.17,24.17,routine
9967,1,2021-08-30,spoilage,0.04,5.88,routine
9968,1,2021-08-30,returned_order,0.02,2.57,routine
9969,2,2021-08-30,prep_waste,0.24,25.66,routine
9970,2,2021-08-30,unsold_cooked,0.22,31.21,routine
9971,2,2021-08-30,spoilage,0.06,9.97,routine
9972,2,2021-08-30,returned_order,0.02,2.83,routine
9973,3,2021-08-30,prep_waste,0.2,31.2,routine
9974,3,2021-08-30,unsold_cooked,0.13,19.81,routine
9975,3,2021-08-30,spoilage,0.07,7.78,routine
9976,3,2021-08-30,returned_order,0.02,2.1,routine
9977,1,2021-08-31,prep_waste,0.35,49.15,routine
9978,1,2021-08-31,unsold_cooked,0.22,32.78,routine
9979,1,2021-08-31,spoilage,0.04,5.08,routine
9980,1,2021-08-31,returned_order,0.02,3.04,routine
9981,2,2021-08-31,prep_waste,0.29,43.69,routine
9982,2,2021-08-31,unsold_cooked,0.16,22.17,routine
9983,2,2021-08-31,spoilage,0.08,8.67,routine
9984,2,2021-08-31,returned_order,0.02,2.91,routine
9985,3,2021-08-31,prep_waste,0.31,47.79,routine
9986,3,2021-08-31,unsold_cooked,0.24,29.63,routine
9987,3,2021-08-31,spoilage,0.05,5.49,routine
9988,3,2021-08-31,returned_order,0.02,3.02,routine
9989,1,2021-09-01,prep_waste,0.25,29.81,routine
9990,1,2021-09-01,unsold_cooked,0.26,34.68,routine
9991,1,2021-09-01,spoilage,0.04,5.42,routine
9992,1,2021-09-01,returned_order,0.02,3.07,routine
9993,2,2021-09-01,prep_waste,0.28,31.3,routine
9994,2,2021-09-01,unsold_cooked,0.25,29.38,routine
9995,2,2021-09-01,spoilage,0.07,7.42,routine
9996,2,2021-09-01,returned_order,0.77,91.32,routine
9997,3,2021-09-01,prep_waste,0.31,35.77,routine
9998,3,2021-09-01,unsold_cooked,0.12,14.93,routine
9999,3,2021-09-01,spoilage,0.05,5.46,routine
10000,3,2021-09-01,returned_order,0.02,2.98,routine
10001,1,2021-09-02,prep_waste,0.2,29.32,routine
10002,1,2021-09-02,unsold_cooked,0.12,15.31,routine
10003,1,2021-09-02,spoilage,0.04,4.98,routine
10004,1,2021-09-02,returned_order,0.02,2.51,routine
10005,2,2021-09-02,prep_waste,0.35,38.91,routine
10006,2,2021-09-02,unsold_cooked,0.14,21.05,routine
10007,2,2021-09-02,spoilage,0.07,9.57,routine
10008,2,2021-09-02,returned_order,0.02,2.96,routine
10009,3,2021-09-02,prep_waste,0.32,46.01,routine
10010,3,2021-09-02,unsold_cooked,0.22,31.31,routine
10011,3,2021-09-02,spoilage,0.04,5.79,routine
10012,3,2021-09-02,returned_order,0.02,3.07,routine
10013,1,2021-09-03,prep_waste,0.31,40.61,routine
10014,1,2021-09-03,unsold_cooked,0.1,12.22,routine
10015,1,2021-09-03,spoilage,0.03,5.21,routine
10016,1,2021-09-03,returned_order,0.74,88.78,routine
10017,2,2021-09-03,prep_waste,0.26,30.41,routine
10018,2,2021-09-03,unsold_cooked,0.16,20.35,routine
10019,2,2021-09-03,spoilage,0.06,8.62,routine
10020,2,2021-09-03,returned_order,0.02,2.81,routine
10021,3,2021-09-03,prep_waste,0.3,38.47,routine
10022,3,2021-09-03,unsold_cooked,0.16,19.47,routine
10023,3,2021-09-03,spoilage,0.05,7.95,routine
10024,3,2021-09-03,returned_order,0.02,2.41,routine
10025,1,2021-09-04,prep_waste,0.27,36.95,routine
10026,1,2021-09-04,unsold_cooked,0.26,27.99,routine
10027,1,2021-09-04,spoilage,0.05,6.58,routine
10028,1,2021-09-04,returned_order,0.84,96.2,routine
10029,2,2021-09-04,prep_waste,0.23,27.53,routine
10030,2,2021-09-04,unsold_cooked,0.12,12.96,routine
10031,2,2021-09-04,spoilage,0.04,4.2,routine
10032,2,2021-09-04,returned_order,0.69,82.48,routine
10033,3,2021-09-04,prep_waste,0.32,34.71,routine
10034,3,2021-09-04,unsold_cooked,0.2,26.23,routine
10035,3,2021-09-04,spoilage,0.04,5.64,routine
10036,3,2021-09-04,returned_order,0.02,2.47,routine
10037,1,2021-09-05,prep_waste,0.36,41.79,routine
10038,1,2021-09-05,unsold_cooked,0.18,19.15,routine
10039,1,2021-09-05,spoilage,0.07,8.03,routine
10040,1,2021-09-05,returned_order,0.02,2.23,routine
10041,2,2021-09-05,prep_waste,0.33,44.86,routine
10042,2,2021-09-05,unsold_cooked,0.22,32.24,routine
10043,2,2021-09-05,spoilage,0.07,7.16,routine
10044,2,2021-09-05,returned_order,0.9,117.77,routine
10045,3,2021-09-05,prep_waste,0.3,46.44,routine
10046,3,2021-09-05,unsold_cooked,0.12,14.02,routine
10047,3,2021-09-05,spoilage,0.06,6.58,routine
10048,3,2021-09-05,returned_order,0.02,3.0,routine
10049,1,2021-09-06,prep_waste,0.42,51.17,routine
10050,1,2021-09-06,unsold_cooked,0.19,22.65,routine
10051,1,2021-09-06,spoilage,0.04,5.04,routine
10052,1,2021-09-06,returned_order,0.02,2.2,routine
10053,2,2021-09-06,prep_waste,0.41,58.52,routine
10054,2,2021-09-06,unsold_cooked,0.21,31.74,routine
10055,2,2021-09-06,spoilage,0.04,4.12,routine
10056,2,2021-09-06,returned_order,0.02,2.92,routine
10057,3,2021-09-06,prep_waste,0.31,47.17,routine
10058,3,2021-09-06,unsold_cooked,0.17,22.97,routine
10059,3,2021-09-06,spoilage,0.05,6.55,routine
10060,3,2021-09-06,returned_order,0.02,3.02,routine
10061,1,2021-09-07,prep_waste,0.38,47.87,routine
10062,1,2021-09-07,unsold_cooked,0.15,19.03,routine
10063,1,2021-09-07,spoilage,0.08,11.77,routine
10064,1,2021-09-07,returned_order,0.02,3.07,routine
10065,2,2021-09-07,prep_waste,0.21,24.69,routine
10066,2,2021-09-07,unsold_cooked,0.19,26.3,routine
10067,2,2021-09-07,spoilage,0.06,5.93,routine
10068,2,2021-09-07,returned_order,0.02,2.67,routine
10069,3,2021-09-07,prep_waste,0.24,31.56,routine
10070,3,2021-09-07,unsold_cooked,0.18,25.32,routine
10071,3,2021-09-07,spoilage,0.05,5.66,routine
10072,3,2021-09-07,returned_order,0.02,2.57,routine
10073,1,2021-09-08,prep_waste,0.4,61.09,routine
10074,1,2021-09-08,unsold_cooked,0.11,16.92,routine
10075,1,2021-09-08,spoilage,0.07,7.53,routine
10076,1,2021-09-08,returned_order,0.02,2.36,routine
10077,2,2021-09-08,prep_waste,0.2,21.38,routine
10078,2,2021-09-08,unsold_cooked,0.12,13.76,routine
10079,2,2021-09-08,spoilage,0.03,4.33,routine
10080,2,2021-09-08,returned_order,0.02,3.02,routine
10081,3,2021-09-08,prep_waste,0.41,51.71,routine
10082,3,2021-09-08,unsold_cooked,0.18,19.75,routine
10083,3,2021-09-08,spoilage,0.07,8.02,routine
10084,3,2021-09-08,returned_order,0.02,2.71,routine
10085,1,2021-09-09,prep_waste,0.39,50.27,routine
10086,1,2021-09-09,unsold_cooked,0.11,12.76,routine
10087,1,2021-09-09,spoilage,0.05,6.73,routine
10088,1,2021-09-09,returned_order,0.02,2.65,routine
10089,2,2021-09-09,prep_waste,0.3,33.61,routine
10090,2,2021-09-09,unsold_cooked,0.1,14.46,routine
10091,2,2021-09-09,spoilage,0.06,8.2,routine
10092,2,2021-09-09,returned_order,0.02,2.66,routine
10093,3,2021-09-09,prep_waste,0.28,37.49,routine
10094,3,2021-09-09,unsold_cooked,0.15,16.39,routine
10095,3,2021-09-09,spoilage,0.03,3.65,routine
10096,3,2021-09-09,returned_order,0.02,2.55,routine
10097,1,2021-09-10,prep_waste,0.41,48.51,routine
10098,1,2021-09-10,unsold_cooked,0.2,25.16,routine
10099,1,2021-09-10,spoilage,0.04,5.13,routine
10100,1,2021-09-10,returned_order,0.02,2.98,routine
10101,2,2021-09-10,prep_waste,0.29,39.39,routine
10102,2,2021-09-10,unsold_cooked,0.22,26.15,routine
10103,2,2021-09-10,spoilage,0.06,6.63,routine
10104,2,2021-09-10,returned_order,0.02,2.25,routine
10105,3,2021-09-10,prep_waste,0.44,56.38,routine
10106,3,2021-09-10,unsold_cooked,0.11,11.9,routine
10107,3,2021-09-10,spoilage,0.06,6.39,routine
10108,3,2021-09-10,returned_order,0.02,2.37,routine
10109,1,2021-09-11,prep_waste,0.43,53.04,routine
10110,1,2021-09-11,unsold_cooked,0.23,31.62,routine
10111,1,2021-09-11,spoilage,0.07,9.68,routine
10112,1,2021-09-11,returned_order,0.02,2.92,routine
10113,2,2021-09-11,prep_waste,0.26,38.97,routine
10114,2,2021-09-11,unsold_cooked,0.14,20.74,routine
10115,2,2021-09-11,spoilage,0.08,10.03,routine
10116,2,2021-09-11,returned_order,0.02,3.04,routine
10117,3,2021-09-11,prep_waste,0.22,32.15,routine
10118,3,2021-09-11,unsold_cooked,0.22,24.6,routine
10119,3,2021-09-11,spoilage,0.07,9.81,routine
10120,3,2021-09-11,returned_order,0.02,3.0,routine
10121,1,2021-09-12,prep_waste,0.37,45.96,routine
10122,1,2021-09-12,unsold_cooked,0.14,16.5,routine
10123,1,2021-09-12,spoilage,0.04,4.78,routine
10124,1,2021-09-12,returned_order,2.04,246.14,routine
10125,2,2021-09-12,prep_waste,0.26,28.37,routine
10126,2,2021-09-12,unsold_cooked,0.16,19.3,routine
10127,2,2021-09-12,spoilage,0.03,4.46,routine
10128,2,2021-09-12,returned_order,0.02,2.1,routine
10129,3,2021-09-12,prep_waste,0.28,41.44,routine
10130,3,2021-09-12,unsold_cooked,0.18,28.05,routine
10131,3,2021-09-12,spoilage,0.07,10.37,routine
10132,3,2021-09-12,returned_order,0.02,2.6,routine
10133,1,2021-09-13,prep_waste,0.34,44.35,routine
10134,1,2021-09-13,unsold_cooked,0.16,21.38,routine
10135,1,2021-09-13,spoilage,0.06,7.24,routine
10136,1,2021-09-13,returned_order,0.67,90.64,routine
10137,2,2021-09-13,prep_waste,0.2,26.04,routine
10138,2,2021-09-13,unsold_cooked,0.19,24.76,routine
10139,2,2021-09-13,spoilage,0.04,5.99,routine
10140,2,2021-09-13,returned_order,0.02,2.67,routine
10141,3,2021-09-13,prep_waste,0.32,34.86,routine
10142,3,2021-09-13,unsold_cooked,0.14,15.09,routine
10143,3,2021-09-13,spoilage,0.04,5.38,routine
10144,3,2021-09-13,returned_order,0.02,3.05,routine
10145,1,2021-09-14,prep_waste,0.22,28.88,routine
10146,1,2021-09-14,unsold_cooked,0.22,27.2,routine
10147,1,2021-09-14,spoilage,0.05,5.35,routine
10148,1,2021-09-14,returned_order,0.02,2.26,routine
10149,2,2021-09-14,prep_waste,0.28,31.99,routine
10150,2,2021-09-14,unsold_cooked,0.18,27.16,routine
10151,2,2021-09-14,spoilage,0.04,6.06,routine
10152,2,2021-09-14,returned_order,0.02,2.85,routine
10153,3,2021-09-14,prep_waste,0.19,23.9,routine
10154,3,2021-09-14,unsold_cooked,0.2,21.08,routine
10155,3,2021-09-14,spoilage,0.06,9.0,routine
10156,3,2021-09-14,returned_order,0.02,2.16,routine
10157,1,2021-09-15,prep_waste,0.27,34.87,routine
10158,1,2021-09-15,unsold_cooked,0.24,34.0,routine
10159,1,2021-09-15,spoilage,0.05,7.74,routine
10160,1,2021-09-15,returned_order,0.02,2.93,routine
10161,2,2021-09-15,prep_waste,0.32,43.7,routine
10162,2,2021-09-15,unsold_cooked,0.17,17.79,routine
10163,2,2021-09-15,spoilage,0.04,4.99,routine
10164,2,2021-09-15,returned_order,0.02,2.8,routine
10165,3,2021-09-15,prep_waste,0.28,31.21,routine
10166,3,2021-09-15,unsold_cooked,0.24,30.61,routine
10167,3,2021-09-15,spoilage,0.04,5.05,routine
10168,3,2021-09-15,returned_order,0.02,2.37,routine
10169,1,2021-09-16,prep_waste,0.27,35.15,routine
10170,1,2021-09-16,unsold_cooked,0.12,13.19,routine
10171,1,2021-09-16,spoilage,0.05,6.08,routine
10172,1,2021-09-16,returned_order,0.02,2.19,routine
10173,2,2021-09-16,prep_waste,0.2,28.34,routine
10174,2,2021-09-16,unsold_cooked,0.12,16.56,routine
10175,2,2021-09-16,spoilage,0.08,11.62,routine
10176,2,2021-09-16,returned_order,0.02,2.74,routine
10177,3,2021-09-16,prep_waste,0.42,50.65,routine
10178,3,2021-09-16,unsold_cooked,0.22,24.98,routine
10179,3,2021-09-16,spoilage,0.07,7.2,routine
10180,3,2021-09-16,returned_order,0.02,2.88,routine
10181,1,2021-09-17,prep_waste,0.33,41.81,routine
10182,1,2021-09-17,unsold_cooked,0.19,30.02,routine
10183,1,2021-09-17,spoilage,0.04,5.45,routine
10184,1,2021-09-17,returned_order,0.02,2.46,routine
10185,2,2021-09-17,prep_waste,0.37,46.55,routine
10186,2,2021-09-17,unsold_cooked,0.23,31.62,routine
10187,2,2021-09-17,spoilage,0.07,7.75,routine
10188,2,2021-09-17,returned_order,0.02,2.82,routine
10189,3,2021-09-17,prep_waste,0.4,42.38,routine
10190,3,2021-09-17,unsold_cooked,0.18,24.47,routine
10191,3,2021-09-17,spoilage,0.07,10.22,routine
10192,3,2021-09-17,returned_order,0.02,2.67,routine
10193,1,2021-09-18,prep_waste,0.24,32.2,routine
10194,1,2021-09-18,unsold_cooked,0.23,28.11,routine
10195,1,2021-09-18,spoilage,0.06,7.01,routine
10196,1,2021-09-18,returned_order,0.02,2.49,routine
10197,2,2021-09-18,prep_waste,0.26,28.07,routine
10198,2,2021-09-18,unsold_cooked,0.17,23.53,routine
10199,2,2021-09-18,spoilage,0.07,9.29,routine
10200,2,2021-09-18,returned_order,0.02,2.24,routine
10201,3,2021-09-18,prep_waste,0.31,44.95,routine
10202,3,2021-09-18,unsold_cooked,0.19,24.42,routine
10203,3,2021-09-18,spoilage,0.06,7.26,routine
10204,3,2021-09-18,returned_order,0.02,2.14,routine
10205,1,2021-09-19,prep_waste,0.38,45.94,routine
10206,1,2021-09-19,unsold_cooked,0.19,23.93,routine
10207,1,2021-09-19,spoilage,0.08,9.93,routine
10208,1,2021-09-19,returned_order,0.02,2.67,routine
10209,2,2021-09-19,prep_waste,0.23,26.14,routine
10210,2,2021-09-19,unsold_cooked,0.24,29.25,routine
10211,2,2021-09-19,spoilage,0.03,4.57,routine
10212,2,2021-09-19,returned_order,0.02,2.24,routine
10213,3,2021-09-19,prep_waste,0.34,45.31,routine
10214,3,2021-09-19,unsold_cooked,0.18,21.12,routine
10215,3,2021-09-19,spoilage,0.06,7.5,routine
10216,3,2021-09-19,returned_order,0.02,2.16,routine
10217,1,2021-09-20,prep_waste,0.28,29.48,routine
10218,1,2021-09-20,unsold_cooked,0.23,26.2,routine
10219,1,2021-09-20,spoilage,0.04,4.55,routine
10220,1,2021-09-20,returned_order,0.02,2.32,routine
10221,2,2021-09-20,prep_waste,0.23,34.43,routine
10222,2,2021-09-20,unsold_cooked,0.19,25.31,routine
10223,2,2021-09-20,spoilage,0.06,8.22,routine
10224,2,2021-09-20,returned_order,0.02,2.79,routine
10225,3,2021-09-20,prep_waste,0.2,26.09,routine
10226,3,2021-09-20,unsold_cooked,0.17,19.9,routine
10227,3,2021-09-20,spoilage,0.04,5.19,routine
10228,3,2021-09-20,returned_order,0.02,3.01,routine
10229,1,2021-09-21,prep_waste,0.4,43.12,routine
10230,1,2021-09-21,unsold_cooked,0.23,27.14,routine
10231,1,2021-09-21,spoilage,0.07,8.8,routine
10232,1,2021-09-21,returned_order,0.02,2.54,routine
10233,2,2021-09-21,prep_waste,0.38,53.69,routine
10234,2,2021-09-21,unsold_cooked,0.17,23.17,routine
10235,2,2021-09-21,spoilage,0.06,8.3,routine
10236,2,2021-09-21,returned_order,0.02,2.66,routine
10237,3,2021-09-21,prep_waste,0.4,58.45,routine
10238,3,2021-09-21,unsold_cooked,0.12,13.73,routine
10239,3,2021-09-21,spoilage,0.06,8.99,routine
10240,3,2021-09-21,returned_order,0.02,2.63,routine
10241,1,2021-09-22,prep_waste,0.29,42.22,routine
10242,1,2021-09-22,unsold_cooked,0.22,33.07,routine
10243,1,2021-09-22,spoilage,0.06,8.78,routine
10244,1,2021-09-22,returned_order,0.02,2.41,routine
10245,2,2021-09-22,prep_waste,0.19,20.67,routine
10246,2,2021-09-22,unsold_cooked,0.21,28.67,routine
10247,2,2021-09-22,spoilage,0.04,3.87,routine
10248,2,2021-09-22,returned_order,0.02,3.09,routine
10249,3,2021-09-22,prep_waste,0.45,67.52,routine
10250,3,2021-09-22,unsold_cooked,0.23,28.51,routine
10251,3,2021-09-22,spoilage,0.07,8.1,routine
10252,3,2021-09-22,returned_order,0.02,2.53,routine
10253,1,2021-09-23,prep_waste,0.37,49.32,routine
10254,1,2021-09-23,unsold_cooked,0.1,13.3,routine
10255,1,2021-09-23,spoilage,0.08,10.99,routine
10256,1,2021-09-23,returned_order,0.02,2.44,routine
10257,2,2021-09-23,prep_waste,0.31,41.44,routine
10258,2,2021-09-23,unsold_cooked,0.16,19.98,routine
10259,2,2021-09-23,spoilage,0.03,3.71,routine
10260,2,2021-09-23,returned_order,0.02,2.91,routine
10261,3,2021-09-23,prep_waste,0.44,57.43,routine
10262,3,2021-09-23,unsold_cooked,0.13,17.93,routine
10263,3,2021-09-23,spoilage,0.06,8.57,routine
10264,3,2021-09-23,returned_order,0.02,2.65,routine
10265,1,2021-09-24,prep_waste,0.39,58.11,routine
10266,1,2021-09-24,unsold_cooked,0.27,34.47,routine
10267,1,2021-09-24,spoilage,0.07,8.52,routine
10268,1,2021-09-24,returned_order,0.02,2.54,routine
10269,2,2021-09-24,prep_waste,0.3,42.74,routine
10270,2,2021-09-24,unsold_cooked,0.12,17.91,routine
10271,2,2021-09-24,spoilage,0.06,7.68,routine
10272,2,2021-09-24,returned_order,0.02,3.09,routine
10273,3,2021-09-24,prep_waste,0.28,35.59,routine
10274,3,2021-09-24,unsold_cooked,0.19,25.79,routine
10275,3,2021-09-24,spoilage,0.07,10.07,routine
10276,3,2021-09-24,returned_order,0.02,2.8,routine
10277,1,2021-09-25,prep_waste,0.43,51.64,routine
10278,1,2021-09-25,unsold_cooked,0.23,30.15,routine
10279,1,2021-09-25,spoilage,0.08,8.36,routine
10280,1,2021-09-25,returned_order,0.02,2.21,routine
10281,2,2021-09-25,prep_waste,0.43,53.76,routine
10282,2,2021-09-25,unsold_cooked,0.18,21.32,routine
10283,2,2021-09-25,spoilage,0.08,9.09,routine
10284,2,2021-09-25,returned_order,0.02,2.33,routine
10285,3,2021-09-25,prep_waste,0.38,47.59,routine
10286,3,2021-09-25,unsold_cooked,0.18,20.95,routine
10287,3,2021-09-25,spoilage,0.06,7.07,routine
10288,3,2021-09-25,returned_order,0.02,2.18,routine
10289,1,2021-09-26,prep_waste,0.34,36.64,routine
10290,1,2021-09-26,unsold_cooked,0.2,25.83,routine
10291,1,2021-09-26,spoilage,0.06,6.14,routine
10292,1,2021-09-26,returned_order,0.67,77.64,routine
10293,2,2021-09-26,prep_waste,0.26,28.19,routine
10294,2,2021-09-26,unsold_cooked,0.14,17.35,routine
10295,2,2021-09-26,spoilage,0.04,4.28,routine
10296,2,2021-09-26,returned_order,0.02,2.19,routine
10297,3,2021-09-26,prep_waste,0.36,46.02,routine
10298,3,2021-09-26,unsold_cooked,0.22,33.35,routine
10299,3,2021-09-26,spoilage,0.07,8.14,routine
10300,3,2021-09-26,returned_order,0.02,2.87,routine
10301,1,2021-09-27,prep_waste,0.29,44.19,routine
10302,1,2021-09-27,unsold_cooked,0.1,11.17,routine
10303,1,2021-09-27,spoilage,0.05,7.24,routine
10304,1,2021-09-27,returned_order,0.02,2.95,routine
10305,2,2021-09-27,prep_waste,0.31,46.76,routine
10306,2,2021-09-27,unsold_cooked,0.15,18.54,routine
10307,2,2021-09-27,spoilage,0.08,11.82,routine
10308,2,2021-09-27,returned_order,0.02,2.82,routine
10309,3,2021-09-27,prep_waste,0.32,34.98,routine
10310,3,2021-09-27,unsold_cooked,0.16,25.17,routine
10311,3,2021-09-27,spoilage,0.03,4.7,routine
10312,3,2021-09-27,returned_order,0.02,2.91,routine
10313,1,2021-09-28,prep_waste,0.2,22.73,routine
10314,1,2021-09-28,unsold_cooked,0.21,25.61,routine
10315,1,2021-09-28,spoilage,0.05,6.17,routine
10316,1,2021-09-28,returned_order,0.02,2.41,routine
10317,2,2021-09-28,prep_waste,0.43,48.11,routine
10318,2,2021-09-28,unsold_cooked,0.14,16.68,routine
10319,2,2021-09-28,spoilage,0.08,12.34,routine
10320,2,2021-09-28,returned_order,0.02,2.21,routine
10321,3,2021-09-28,prep_waste,0.33,37.03,routine
10322,3,2021-09-28,unsold_cooked,0.24,34.22,routine
10323,3,2021-09-28,spoilage,0.07,9.2,routine
10324,3,2021-09-28,returned_order,0.79,116.4,routine
10325,1,2021-09-29,prep_waste,0.32,45.0,routine
10326,1,2021-09-29,unsold_cooked,0.15,16.89,routine
10327,1,2021-09-29,spoilage,0.06,6.5,routine
10328,1,2021-09-29,returned_order,0.02,2.2,routine
10329,2,2021-09-29,prep_waste,0.19,20.86,routine
10330,2,2021-09-29,unsold_cooked,0.12,14.77,routine
10331,2,2021-09-29,spoilage,0.04,5.3,routine
10332,2,2021-09-29,returned_order,0.02,2.3,routine
10333,3,2021-09-29,prep_waste,0.26,39.61,routine
10334,3,2021-09-29,unsold_cooked,0.18,24.84,routine
10335,3,2021-09-29,spoilage,0.06,7.8,routine
10336,3,2021-09-29,returned_order,0.02,2.38,routine
10337,1,2021-09-30,prep_waste,0.27,30.18,routine
10338,1,2021-09-30,unsold_cooked,0.13,17.48,routine
10339,1,2021-09-30,spoilage,0.06,7.46,routine
10340,1,2021-09-30,returned_order,0.02,2.29,routine
10341,2,2021-09-30,prep_waste,0.36,47.62,routine
10342,2,2021-09-30,unsold_cooked,0.15,15.62,routine
10343,2,2021-09-30,spoilage,0.05,8.11,routine
10344,2,2021-09-30,returned_order,0.02,2.12,routine
10345,3,2021-09-30,prep_waste,0.26,35.29,routine
10346,3,2021-09-30,unsold_cooked,0.17,18.61,routine
10347,3,2021-09-30,spoilage,0.06,5.93,routine
10348,3,2021-09-30,returned_order,0.02,3.0,routine
10349,1,2021-10-01,prep_waste,0.25,30.73,routine
10350,1,2021-10-01,unsold_cooked,0.25,33.07,routine
10351,1,2021-10-01,spoilage,0.07,8.37,routine
10352,1,2021-10-01,returned_order,0.02,2.6,routine
10353,2,2021-10-01,prep_waste,0.39,47.0,routine
10354,2,2021-10-01,unsold_cooked,0.1,13.72,routine
10355,2,2021-10-01,spoilage,0.06,7.78,routine
10356,2,2021-10-01,returned_order,0.02,2.94,routine
10357,3,2021-10-01,prep_waste,0.29,37.65,routine
10358,3,2021-10-01,unsold_cooked,0.21,24.77,routine
10359,3,2021-10-01,spoilage,0.04,4.61,routine
10360,3,2021-10-01,returned_order,0.02,3.05,routine
10361,1,2021-10-02,prep_waste,0.34,51.61,routine
10362,1,2021-10-02,unsold_cooked,0.3,33.12,routine
10363,1,2021-10-02,spoilage,0.04,4.19,routine
10364,1,2021-10-02,returned_order,1.45,204.43,routine
10365,2,2021-10-02,prep_waste,0.23,30.68,routine
10366,2,2021-10-02,unsold_cooked,0.15,20.95,routine
10367,2,2021-10-02,spoilage,0.06,7.77,routine
10368,2,2021-10-02,returned_order,0.02,3.07,routine
10369,3,2021-10-02,prep_waste,0.24,34.21,routine
10370,3,2021-10-02,unsold_cooked,0.2,26.06,routine
10371,3,2021-10-02,spoilage,0.03,3.61,routine
10372,3,2021-10-02,returned_order,0.02,3.09,routine
10373,1,2021-10-03,prep_waste,0.27,38.55,routine
10374,1,2021-10-03,unsold_cooked,0.14,15.14,routine
10375,1,2021-10-03,spoilage,0.06,7.46,routine
10376,1,2021-10-03,returned_order,0.02,2.45,routine
10377,2,2021-10-03,prep_waste,0.25,32.31,routine
10378,2,2021-10-03,unsold_cooked,0.26,32.64,routine
10379,2,2021-10-03,spoilage,0.05,7.05,routine
10380,2,2021-10-03,returned_order,0.02,2.23,routine
10381,3,2021-10-03,prep_waste,0.25,29.84,routine
10382,3,2021-10-03,unsold_cooked,0.16,25.03,routine
10383,3,2021-10-03,spoilage,0.04,5.28,routine
10384,3,2021-10-03,returned_order,0.02,2.73,routine
10385,1,2021-10-04,prep_waste,0.2,21.82,routine
10386,1,2021-10-04,unsold_cooked,0.15,18.98,routine
10387,1,2021-10-04,spoilage,0.07,10.15,routine
10388,1,2021-10-04,returned_order,0.02,3.03,routine
10389,2,2021-10-04,prep_waste,0.43,54.15,routine
10390,2,2021-10-04,unsold_cooked,0.24,30.97,routine
10391,2,2021-10-04,spoilage,0.07,8.47,routine
10392,2,2021-10-04,returned_order,0.02,2.16,routine
10393,3,2021-10-04,prep_waste,0.33,50.65,routine
10394,3,2021-10-04,unsold_cooked,0.18,19.53,routine
10395,3,2021-10-04,spoilage,0.08,9.15,routine
10396,3,2021-10-04,returned_order,0.69,105.57,routine
10397,1,2021-10-05,prep_waste,0.43,47.81,routine
10398,1,2021-10-05,unsold_cooked,0.11,14.53,routine
10399,1,2021-10-05,spoilage,0.05,6.19,routine
10400,1,2021-10-05,returned_order,0.02,2.59,routine
10401,2,2021-10-05,prep_waste,0.44,62.18,routine
10402,2,2021-10-05,unsold_cooked,0.16,17.44,routine
10403,2,2021-10-05,spoilage,0.06,8.51,routine
10404,2,2021-10-05,returned_order,0.02,2.25,routine
10405,3,2021-10-05,prep_waste,0.25,31.97,routine
10406,3,2021-10-05,unsold_cooked,0.22,32.0,routine
10407,3,2021-10-05,spoilage,0.05,6.68,routine
10408,3,2021-10-05,returned_order,0.02,2.25,routine
10409,1,2021-10-06,prep_waste,0.34,47.42,routine
10410,1,2021-10-06,unsold_cooked,0.23,34.62,routine
10411,1,2021-10-06,spoilage,0.04,6.18,routine
10412,1,2021-10-06,returned_order,0.02,2.62,routine
10413,2,2021-10-06,prep_waste,0.31,40.13,routine
10414,2,2021-10-06,unsold_cooked,0.24,34.64,routine
10415,2,2021-10-06,spoilage,0.05,6.63,routine
10416,2,2021-10-06,returned_order,0.02,2.39,routine
10417,3,2021-10-06,prep_waste,0.29,37.03,routine
10418,3,2021-10-06,unsold_cooked,0.18,27.33,routine
10419,3,2021-10-06,spoilage,0.05,5.49,routine
10420,3,2021-10-06,returned_order,0.7,105.06,routine
10421,1,2021-10-07,prep_waste,0.43,51.7,routine
10422,1,2021-10-07,unsold_cooked,0.14,15.6,routine
10423,1,2021-10-07,spoilage,0.06,7.88,routine
10424,1,2021-10-07,returned_order,0.02,2.49,routine
10425,2,2021-10-07,prep_waste,0.32,45.24,routine
10426,2,2021-10-07,unsold_cooked,0.13,18.96,routine
10427,2,2021-10-07,spoilage,0.06,8.07,routine
10428,2,2021-10-07,returned_order,0.02,2.8,routine
10429,3,2021-10-07,prep_waste,0.41,44.68,routine
10430,3,2021-10-07,unsold_cooked,0.1,15.55,routine
10431,3,2021-10-07,spoilage,0.08,10.61,routine
10432,3,2021-10-07,returned_order,0.02,2.54,routine
10433,1,2021-10-08,prep_waste,0.4,62.43,routine
10434,1,2021-10-08,unsold_cooked,0.23,28.32,routine
10435,1,2021-10-08,spoilage,0.08,8.9,routine
10436,1,2021-10-08,returned_order,0.85,92.99,routine
10437,2,2021-10-08,prep_waste,0.37,56.72,routine
10438,2,2021-10-08,unsold_cooked,0.21,29.18,routine
10439,2,2021-10-08,spoilage,0.04,6.25,routine
10440,2,2021-10-08,returned_order,0.02,3.04,routine
10441,3,2021-10-08,prep_waste,0.28,35.55,routine
10442,3,2021-10-08,unsold_cooked,0.17,18.74,routine
10443,3,2021-10-08,spoilage,0.06,8.06,routine
10444,3,2021-10-08,returned_order,0.02,2.76,routine
10445,1,2021-10-09,prep_waste,0.3,46.32,routine
10446,1,2021-10-09,unsold_cooked,0.13,19.63,routine
10447,1,2021-10-09,spoilage,0.04,5.82,routine
10448,1,2021-10-09,returned_order,0.02,2.53,routine
10449,2,2021-10-09,prep_waste,0.44,55.09,routine
10450,2,2021-10-09,unsold_cooked,0.16,20.12,routine
10451,2,2021-10-09,spoilage,0.08,11.19,routine
10452,2,2021-10-09,returned_order,2.47,270.91,routine
10453,3,2021-10-09,prep_waste,0.34,43.5,routine
10454,3,2021-10-09,unsold_cooked,0.14,19.83,routine
10455,3,2021-10-09,spoilage,0.04,4.23,routine
10456,3,2021-10-09,returned_order,0.02,2.46,routine
10457,1,2021-10-10,prep_waste,0.4,44.44,routine
10458,1,2021-10-10,unsold_cooked,0.28,38.75,routine
10459,1,2021-10-10,spoilage,0.06,8.17,routine
10460,1,2021-10-10,returned_order,0.02,2.23,routine
10461,2,2021-10-10,prep_waste,0.42,45.07,routine
10462,2,2021-10-10,unsold_cooked,0.24,29.51,routine
10463,2,2021-10-10,spoilage,0.05,7.04,routine
10464,2,2021-10-10,returned_order,0.02,2.68,routine
10465,3,2021-10-10,prep_waste,0.32,33.93,routine
10466,3,2021-10-10,unsold_cooked,0.11,14.28,routine
10467,3,2021-10-10,spoilage,0.05,5.3,routine
10468,3,2021-10-10,returned_order,0.02,2.45,routine
10469,1,2021-10-11,prep_waste,0.23,34.04,routine
10470,1,2021-10-11,unsold_cooked,0.21,26.13,routine
10471,1,2021-10-11,spoilage,0.04,4.19,routine
10472,1,2021-10-11,returned_order,0.02,2.71,routine
10473,2,2021-10-11,prep_waste,0.44,52.97,routine
10474,2,2021-10-11,unsold_cooked,0.12,13.97,routine
10475,2,2021-10-11,spoilage,0.07,10.49,routine
10476,2,2021-10-11,returned_order,0.02,2.18,routine
10477,3,2021-10-11,prep_waste,0.22,27.91,routine
10478,3,2021-10-11,unsold_cooked,0.11,11.11,routine
10479,3,2021-10-11,spoilage,0.05,5.79,routine
10480,3,2021-10-11,returned_order,0.02,2.27,routine
10481,1,2021-10-12,prep_waste,0.18,24.84,routine
10482,1,2021-10-12,unsold_cooked,0.19,21.67,routine
10483,1,2021-10-12,spoilage,0.07,8.25,routine
10484,1,2021-10-12,returned_order,1.69,188.74,routine
10485,2,2021-10-12,prep_waste,0.37,44.13,routine
10486,2,2021-10-12,unsold_cooked,0.1,15.06,routine
10487,2,2021-10-12,spoilage,0.04,5.29,routine
10488,2,2021-10-12,returned_order,0.02,2.78,routine
10489,3,2021-10-12,prep_waste,0.42,59.95,routine
10490,3,2021-10-12,unsold_cooked,0.12,13.7,routine
10491,3,2021-10-12,spoilage,0.03,4.42,routine
10492,3,2021-10-12,returned_order,0.02,2.23,routine
10493,1,2021-10-13,prep_waste,0.42,54.95,routine
10494,1,2021-10-13,unsold_cooked,0.23,33.09,routine
10495,1,2021-10-13,spoilage,0.07,11.18,routine
10496,1,2021-10-13,returned_order,0.02,2.77,routine
10497,2,2021-10-13,prep_waste,0.39,55.16,routine
10498,2,2021-10-13,unsold_cooked,0.13,18.88,routine
10499,2,2021-10-13,spoilage,0.05,7.12,routine
10500,2,2021-10-13,returned_order,0.02,2.71,routine
10501,3,2021-10-13,prep_waste,0.37,44.32,routine
10502,3,2021-10-13,unsold_cooked,0.21,26.96,routine
10503,3,2021-10-13,spoilage,0.07,7.76,routine
10504,3,2021-10-13,returned_order,0.87,108.36,routine
10505,1,2021-10-14,prep_waste,0.44,66.12,routine
10506,1,2021-10-14,unsold_cooked,0.18,22.75,routine
10507,1,2021-10-14,spoilage,0.07,10.58,routine
10508,1,2021-10-14,returned_order,0.73,96.7,routine
10509,2,2021-10-14,prep_waste,0.22,33.0,routine
10510,2,2021-10-14,unsold_cooked,0.16,18.25,routine
10511,2,2021-10-14,spoilage,0.08,8.61,routine
10512,2,2021-10-14,returned_order,1.78,215.12,routine
10513,3,2021-10-14,prep_waste,0.18,23.17,routine
10514,3,2021-10-14,unsold_cooked,0.21,26.33,routine
10515,3,2021-10-14,spoilage,0.05,6.76,routine
10516,3,2021-10-14,returned_order,0.02,2.35,routine
10517,1,2021-10-15,prep_waste,0.19,26.38,routine
10518,1,2021-10-15,unsold_cooked,0.12,16.65,routine
10519,1,2021-10-15,spoilage,0.06,8.66,routine
10520,1,2021-10-15,returned_order,1.02,120.98,routine
10521,2,2021-10-15,prep_waste,0.22,29.02,routine
10522,2,2021-10-15,unsold_cooked,0.11,16.59,routine
10523,2,2021-10-15,spoilage,0.05,5.63,routine
10524,2,2021-10-15,returned_order,0.02,2.26,routine
10525,3,2021-10-15,prep_waste,0.25,34.99,routine
10526,3,2021-10-15,unsold_cooked,0.15,20.71,routine
10527,3,2021-10-15,spoilage,0.06,6.72,routine
10528,3,2021-10-15,returned_order,0.02,2.9,routine
10529,1,2021-10-16,prep_waste,0.41,51.83,routine
10530,1,2021-10-16,unsold_cooked,0.17,23.89,routine
10531,1,2021-10-16,spoilage,0.06,8.32,routine
10532,1,2021-10-16,returned_order,1.89,227.52,routine
10533,2,2021-10-16,prep_waste,0.36,48.75,routine
10534,2,2021-10-16,unsold_cooked,0.18,28.06,routine
10535,2,2021-10-16,spoilage,0.04,4.58,routine
10536,2,2021-10-16,returned_order,0.02,2.46,routine
10537,3,2021-10-16,prep_waste,0.21,31.51,routine
10538,3,2021-10-16,unsold_cooked,0.23,25.52,routine
10539,3,2021-10-16,spoilage,0.07,10.46,routine
10540,3,2021-10-16,returned_order,0.02,2.19,routine
10541,1,2021-10-17,prep_waste,0.42,54.27,routine
10542,1,2021-10-17,unsold_cooked,0.11,16.4,routine
10543,1,2021-10-17,spoilage,0.06,8.91,routine
10544,1,2021-10-17,returned_order,0.6,67.74,routine
10545,2,2021-10-17,prep_waste,0.4,43.02,routine
10546,2,2021-10-17,unsold_cooked,0.22,24.2,routine
10547,2,2021-10-17,spoilage,0.05,7.09,routine
10548,2,2021-10-17,returned_order,0.02,2.45,routine
10549,3,2021-10-17,prep_waste,0.43,51.6,routine
10550,3,2021-10-17,unsold_cooked,0.13,14.32,routine
10551,3,2021-10-17,spoilage,0.08,9.97,routine
10552,3,2021-10-17,returned_order,0.02,2.2,routine
10553,1,2021-10-18,prep_waste,0.26,36.97,routine
10554,1,2021-10-18,unsold_cooked,0.22,31.31,routine
10555,1,2021-10-18,spoilage,0.06,7.45,routine
10556,1,2021-10-18,returned_order,0.02,2.31,routine
10557,2,2021-10-18,prep_waste,0.2,22.87,routine
10558,2,2021-10-18,unsold_cooked,0.11,16.51,routine
10559,2,2021-10-18,spoilage,0.04,5.61,routine
10560,2,2021-10-18,returned_order,0.02,2.98,routine
10561,3,2021-10-18,prep_waste,0.35,44.17,routine
10562,3,2021-10-18,unsold_cooked,0.14,16.59,routine
10563,3,2021-10-18,spoilage,0.07,7.64,routine
10564,3,2021-10-18,returned_order,0.02,2.3,routine
10565,1,2021-10-19,prep_waste,0.21,22.37,routine
10566,1,2021-10-19,unsold_cooked,0.11,15.66,routine
10567,1,2021-10-19,spoilage,0.05,6.06,routine
10568,1,2021-10-19,returned_order,0.02,3.02,routine
10569,2,2021-10-19,prep_waste,0.22,23.26,routine
10570,2,2021-10-19,unsold_cooked,0.12,15.62,routine
10571,2,2021-10-19,spoilage,0.08,11.56,routine
10572,2,2021-10-19,returned_order,0.02,3.02,routine
10573,3,2021-10-19,prep_waste,0.32,36.84,routine
10574,3,2021-10-19,unsold_cooked,0.23,30.99,routine
10575,3,2021-10-19,spoilage,0.07,11.04,routine
10576,3,2021-10-19,returned_order,0.02,2.77,routine
10577,1,2021-10-20,prep_waste,0.2,23.27,routine
10578,1,2021-10-20,unsold_cooked,0.13,14.65,routine
10579,1,2021-10-20,spoilage,0.07,9.72,routine
10580,1,2021-10-20,returned_order,0.02,2.92,routine
10581,2,2021-10-20,prep_waste,0.27,30.49,routine
10582,2,2021-10-20,unsold_cooked,0.19,22.1,routine
10583,2,2021-10-20,spoilage,0.08,11.83,routine
10584,2,2021-10-20,returned_order,0.65,80.28,routine
10585,3,2021-10-20,prep_waste,0.28,41.19,routine
10586,3,2021-10-20,unsold_cooked,0.23,33.37,routine
10587,3,2021-10-20,spoilage,0.05,5.31,routine
10588,3,2021-10-20,returned_order,0.02,2.86,routine
10589,1,2021-10-21,prep_waste,0.2,21.75,routine
10590,1,2021-10-21,unsold_cooked,0.19,24.28,routine
10591,1,2021-10-21,spoilage,0.06,7.49,routine
10592,1,2021-10-21,returned_order,0.02,2.65,routine
10593,2,2021-10-21,prep_waste,0.41,57.93,routine
10594,2,2021-10-21,unsold_cooked,0.24,27.3,routine
10595,2,2021-10-21,spoilage,0.05,5.32,routine
10596,2,2021-10-21,returned_order,0.02,2.66,routine
10597,3,2021-10-21,prep_waste,0.29,41.76,routine
10598,3,2021-10-21,unsold_cooked,0.12,12.91,routine
10599,3,2021-10-21,spoilage,0.08,11.14,routine
10600,3,2021-10-21,returned_order,0.02,2.47,routine
10601,1,2021-10-22,prep_waste,0.22,32.08,routine
10602,1,2021-10-22,unsold_cooked,0.11,14.45,routine
10603,1,2021-10-22,spoilage,0.03,4.38,routine
10604,1,2021-10-22,returned_order,0.02,3.07,routine
10605,2,2021-10-22,prep_waste,0.4,53.41,routine
10606,2,2021-10-22,unsold_cooked,0.19,21.99,routine
10607,2,2021-10-22,spoilage,0.04,4.77,routine
10608,2,2021-10-22,returned_order,0.02,2.13,routine
10609,3,2021-10-22,prep_waste,0.38,46.54,routine
10610,3,2021-10-22,unsold_cooked,0.11,14.17,routine
10611,3,2021-10-22,spoilage,0.07,10.8,routine
10612,3,2021-10-22,returned_order,0.02,3.05,routine
10613,1,2021-10-23,prep_waste,0.31,46.52,routine
10614,1,2021-10-23,unsold_cooked,0.26,33.7,routine
10615,1,2021-10-23,spoilage,0.08,8.68,routine
10616,1,2021-10-23,returned_order,1.29,176.38,routine
10617,2,2021-10-23,prep_waste,0.21,22.28,routine
10618,2,2021-10-23,unsold_cooked,0.14,18.85,routine
10619,2,2021-10-23,spoilage,0.07,9.8,routine
10620,2,2021-10-23,returned_order,0.02,2.94,routine
10621,3,2021-10-23,prep_waste,0.23,27.37,routine
10622,3,2021-10-23,unsold_cooked,0.13,17.25,routine
10623,3,2021-10-23,spoilage,0.05,6.72,routine
10624,3,2021-10-23,returned_order,0.02,2.33,routine
10625,1,2021-10-24,prep_waste,0.18,19.38,routine
10626,1,2021-10-24,unsold_cooked,0.21,32.07,routine
10627,1,2021-10-24,spoilage,0.07,7.28,routine
10628,1,2021-10-24,returned_order,0.02,2.54,routine
10629,2,2021-10-24,prep_waste,0.42,56.77,routine
10630,2,2021-10-24,unsold_cooked,0.21,26.33,routine
10631,2,2021-10-24,spoilage,0.06,9.53,routine
10632,2,2021-10-24,returned_order,0.02,2.69,routine
10633,3,2021-10-24,prep_waste,0.42,44.39,routine
10634,3,2021-10-24,unsold_cooked,0.13,19.15,routine
10635,3,2021-10-24,spoilage,0.04,5.44,routine
10636,3,2021-10-24,returned_order,0.02,2.74,routine
10637,1,2021-10-25,prep_waste,0.2,29.0,routine
10638,1,2021-10-25,unsold_cooked,0.18,19.96,routine
10639,1,2021-10-25,spoilage,0.08,9.23,routine
10640,1,2021-10-25,returned_order,0.02,2.11,routine
10641,2,2021-10-25,prep_waste,0.31,44.52,routine
10642,2,2021-10-25,unsold_cooked,0.21,27.98,routine
10643,2,2021-10-25,spoilage,0.08,12.42,routine
10644,2,2021-10-25,returned_order,0.02,2.6,routine
10645,3,2021-10-25,prep_waste,0.31,43.41,routine
10646,3,2021-10-25,unsold_cooked,0.23,34.31,routine
10647,3,2021-10-25,spoilage,0.05,5.58,routine
10648,3,2021-10-25,returned_order,0.02,2.41,routine
10649,1,2021-10-26,prep_waste,0.42,62.08,routine
10650,1,2021-10-26,unsold_cooked,0.17,23.1,routine
10651,1,2021-10-26,spoilage,0.05,5.51,routine
10652,1,2021-10-26,returned_order,0.02,2.93,routine
10653,2,2021-10-26,prep_waste,0.29,40.67,routine
10654,2,2021-10-26,unsold_cooked,0.12,14.9,routine
10655,2,2021-10-26,spoilage,0.06,7.26,routine
10656,2,2021-10-26,returned_order,0.63,77.21,routine
10657,3,2021-10-26,prep_waste,0.39,59.43,routine
10658,3,2021-10-26,unsold_cooked,0.17,20.69,routine
10659,3,2021-10-26,spoilage,0.06,6.53,routine
10660,3,2021-10-26,returned_order,0.02,2.11,routine
10661,1,2021-10-27,prep_waste,0.21,26.72,routine
10662,1,2021-10-27,unsold_cooked,0.2,25.53,routine
10663,1,2021-10-27,spoilage,0.07,10.62,routine
10664,1,2021-10-27,returned_order,0.68,75.89,routine
10665,2,2021-10-27,prep_waste,0.3,46.7,routine
10666,2,2021-10-27,unsold_cooked,0.27,37.56,routine
10667,2,2021-10-27,spoilage,0.04,4.79,routine
10668,2,2021-10-27,returned_order,0.02,2.16,routine
10669,3,2021-10-27,prep_waste,0.22,28.29,routine
10670,3,2021-10-27,unsold_cooked,0.23,29.4,routine
10671,3,2021-10-27,spoilage,0.05,4.89,routine
10672,3,2021-10-27,returned_order,0.02,3.01,routine
10673,1,2021-10-28,prep_waste,0.4,42.79,routine
10674,1,2021-10-28,unsold_cooked,0.27,35.92,routine
10675,1,2021-10-28,spoilage,0.07,9.87,routine
10676,1,2021-10-28,returned_order,0.02,2.39,routine
10677,2,2021-10-28,prep_waste,0.37,56.05,routine
10678,2,2021-10-28,unsold_cooked,0.24,28.81,routine
10679,2,2021-10-28,spoilage,0.05,6.33,routine
10680,2,2021-10-28,returned_order,0.76,104.42,routine
10681,3,2021-10-28,prep_waste,0.45,63.96,routine
10682,3,2021-10-28,unsold_cooked,0.21,22.03,routine
10683,3,2021-10-28,spoilage,0.04,5.08,routine
10684,3,2021-10-28,returned_order,0.82,101.02,routine
10685,1,2021-10-29,prep_waste,0.27,33.14,routine
10686,1,2021-10-29,unsold_cooked,0.25,35.14,routine
10687,1,2021-10-29,spoilage,0.07,9.37,routine
10688,1,2021-10-29,returned_order,0.02,3.09,routine
10689,2,2021-10-29,prep_waste,0.34,40.51,routine
10690,2,2021-10-29,unsold_cooked,0.24,25.92,routine
10691,2,2021-10-29,spoilage,0.06,6.74,routine
10692,2,2021-10-29,returned_order,0.02,2.36,routine
10693,3,2021-10-29,prep_waste,0.35,49.75,routine
10694,3,2021-10-29,unsold_cooked,0.1,12.82,routine
10695,3,2021-10-29,spoilage,0.08,10.87,routine
10696,3,2021-10-29,returned_order,0.02,2.24,routine
10697,1,2021-10-30,prep_waste,0.41,56.48,routine
10698,1,2021-10-30,unsold_cooked,0.17,23.53,routine
10699,1,2021-10-30,spoilage,0.08,9.68,routine
10700,1,2021-10-30,returned_order,0.02,2.63,routine
10701,2,2021-10-30,prep_waste,0.3,40.59,routine
10702,2,2021-10-30,unsold_cooked,0.14,15.62,routine
10703,2,2021-10-30,spoilage,0.07,9.53,routine
10704,2,2021-10-30,returned_order,0.02,2.96,routine
10705,3,2021-10-30,prep_waste,0.19,28.37,routine
10706,3,2021-10-30,unsold_cooked,0.23,33.75,routine
10707,3,2021-10-30,spoilage,0.06,6.22,routine
10708,3,2021-10-30,returned_order,0.02,2.34,routine
10709,1,2021-10-31,prep_waste,0.27,30.74,routine
10710,1,2021-10-31,unsold_cooked,0.16,24.26,routine
10711,1,2021-10-31,spoilage,0.06,6.93,routine
10712,1,2021-10-31,returned_order,0.02,2.63,routine
10713,2,2021-10-31,prep_waste,0.42,49.6,routine
10714,2,2021-10-31,unsold_cooked,0.12,14.16,routine
10715,2,2021-10-31,spoilage,0.06,6.74,routine
10716,2,2021-10-31,returned_order,0.02,2.58,routine
10717,3,2021-10-31,prep_waste,0.41,58.46,routine
10718,3,2021-10-31,unsold_cooked,0.12,17.75,routine
10719,3,2021-10-31,spoilage,0.05,6.45,routine
10720,3,2021-10-31,returned_order,0.02,2.31,routine
10721,1,2021-11-01,prep_waste,0.19,28.98,routine
10722,1,2021-11-01,unsold_cooked,0.12,16.55,routine
10723,1,2021-11-01,spoilage,0.07,9.39,routine
10724,1,2021-11-01,returned_order,0.8,101.34,routine
10725,2,2021-11-01,prep_waste,0.26,33.27,routine
10726,2,2021-11-01,unsold_cooked,0.12,14.34,routine
10727,2,2021-11-01,spoilage,0.08,11.47,routine
10728,2,2021-11-01,returned_order,0.02,2.83,routine
10729,3,2021-11-01,prep_waste,0.37,39.44,routine
10730,3,2021-11-01,unsold_cooked,0.12,14.21,routine
10731,3,2021-11-01,spoilage,0.05,6.8,routine
10732,3,2021-11-01,returned_order,0.02,3.02,routine
10733,1,2021-11-02,prep_waste,0.23,25.47,routine
10734,1,2021-11-02,unsold_cooked,0.12,15.0,routine
10735,1,2021-11-02,spoilage,0.06,6.91,routine
10736,1,2021-11-02,returned_order,0.9,133.23,routine
10737,2,2021-11-02,prep_waste,0.35,40.59,routine
10738,2,2021-11-02,unsold_cooked,0.16,22.71,routine
10739,2,2021-11-02,spoilage,0.08,10.68,routine
10740,2,2021-11-02,returned_order,0.02,2.73,routine
10741,3,2021-11-02,prep_waste,0.44,49.4,routine
10742,3,2021-11-02,unsold_cooked,0.19,23.48,routine
10743,3,2021-11-02,spoilage,0.04,5.69,routine
10744,3,2021-11-02,returned_order,0.02,2.63,routine
10745,1,2021-11-03,prep_waste,0.33,38.02,routine
10746,1,2021-11-03,unsold_cooked,0.23,28.17,routine
10747,1,2021-11-03,spoilage,0.04,4.13,routine
10748,1,2021-11-03,returned_order,0.02,2.12,routine
10749,2,2021-11-03,prep_waste,0.29,35.95,routine
10750,2,2021-11-03,unsold_cooked,0.22,26.86,routine
10751,2,2021-11-03,spoilage,0.08,9.52,routine
10752,2,2021-11-03,returned_order,0.02,2.21,routine
10753,3,2021-11-03,prep_waste,0.18,20.03,routine
10754,3,2021-11-03,unsold_cooked,0.21,30.95,routine
10755,3,2021-11-03,spoilage,0.07,8.56,routine
10756,3,2021-11-03,returned_order,0.02,2.19,routine
10757,1,2021-11-04,prep_waste,0.25,38.55,routine
10758,1,2021-11-04,unsold_cooked,0.21,26.63,routine
10759,1,2021-11-04,spoilage,0.07,7.44,routine
10760,1,2021-11-04,returned_order,0.02,2.65,routine
10761,2,2021-11-04,prep_waste,0.21,29.21,routine
10762,2,2021-11-04,unsold_cooked,0.23,29.06,routine
10763,2,2021-11-04,spoilage,0.07,9.34,routine
10764,2,2021-11-04,returned_order,0.02,3.0,routine
10765,3,2021-11-04,prep_waste,0.35,47.89,routine
10766,3,2021-11-04,unsold_cooked,0.1,14.77,routine
10767,3,2021-11-04,spoilage,0.06,6.92,routine
10768,3,2021-11-04,returned_order,0.02,2.72,routine
10769,1,2021-11-05,prep_waste,0.23,25.42,routine
10770,1,2021-11-05,unsold_cooked,0.22,23.57,routine
10771,1,2021-11-05,spoilage,0.04,5.26,routine
10772,1,2021-11-05,returned_order,0.02,2.44,routine
10773,2,2021-11-05,prep_waste,0.35,43.19,routine
10774,2,2021-11-05,unsold_cooked,0.23,33.93,routine
10775,2,2021-11-05,spoilage,0.05,8.03,routine
10776,2,2021-11-05,returned_order,0.02,2.29,routine
10777,3,2021-11-05,prep_waste,0.19,25.57,routine
10778,3,2021-11-05,unsold_cooked,0.15,17.07,routine
10779,3,2021-11-05,spoilage,0.07,9.34,routine
10780,3,2021-11-05,returned_order,0.02,3.03,routine
10781,1,2021-11-06,prep_waste,0.22,29.94,routine
10782,1,2021-11-06,unsold_cooked,0.19,21.66,routine
10783,1,2021-11-06,spoilage,0.05,6.45,routine
10784,1,2021-11-06,returned_order,0.83,113.31,routine
10785,2,2021-11-06,prep_waste,0.24,31.72,routine
10786,2,2021-11-06,unsold_cooked,0.12,14.07,routine
10787,2,2021-11-06,spoilage,0.08,8.87,routine
10788,2,2021-11-06,returned_order,0.59,63.29,routine
10789,3,2021-11-06,prep_waste,0.41,50.15,routine
10790,3,2021-11-06,unsold_cooked,0.21,23.31,routine
10791,3,2021-11-06,spoilage,0.06,8.09,routine
10792,3,2021-11-06,returned_order,0.02,2.17,routine
10793,1,2021-11-07,prep_waste,0.32,33.94,routine
10794,1,2021-11-07,unsold_cooked,0.18,19.65,routine
10795,1,2021-11-07,spoilage,0.07,8.18,routine
10796,1,2021-11-07,returned_order,0.02,2.18,routine
10797,2,2021-11-07,prep_waste,0.41,46.95,routine
10798,2,2021-11-07,unsold_cooked,0.16,17.61,routine
10799,2,2021-11-07,spoilage,0.04,4.16,routine
10800,2,2021-11-07,returned_order,0.02,2.51,routine
10801,3,2021-11-07,prep_waste,0.34,41.79,routine
10802,3,2021-11-07,unsold_cooked,0.19,26.63,routine
10803,3,2021-11-07,spoilage,0.06,8.88,routine
10804,3,2021-11-07,returned_order,0.66,82.98,routine
10805,1,2021-11-08,prep_waste,0.32,43.29,routine
10806,1,2021-11-08,unsold_cooked,0.23,29.89,routine
10807,1,2021-11-08,spoilage,0.04,5.42,routine
10808,1,2021-11-08,returned_order,0.02,2.13,routine
10809,2,2021-11-08,prep_waste,0.18,19.36,routine
10810,2,2021-11-08,unsold_cooked,0.1,14.75,routine
10811,2,2021-11-08,spoilage,0.04,4.58,routine
10812,2,2021-11-08,returned_order,0.02,2.32,routine
10813,3,2021-11-08,prep_waste,0.44,57.26,routine
10814,3,2021-11-08,unsold_cooked,0.13,15.47,routine
10815,3,2021-11-08,spoilage,0.05,6.57,routine
10816,3,2021-11-08,returned_order,0.02,3.02,routine
10817,1,2021-11-09,prep_waste,0.22,23.65,routine
10818,1,2021-11-09,unsold_cooked,0.24,28.66,routine
10819,1,2021-11-09,spoilage,0.05,7.44,routine
10820,1,2021-11-09,returned_order,0.02,2.58,routine
10821,2,2021-11-09,prep_waste,0.35,54.24,routine
10822,2,2021-11-09,unsold_cooked,0.22,28.79,routine
10823,2,2021-11-09,spoilage,0.06,6.65,routine
10824,2,2021-11-09,returned_order,0.02,2.93,routine
10825,3,2021-11-09,prep_waste,0.33,48.55,routine
10826,3,2021-11-09,unsold_cooked,0.21,26.63,routine
10827,3,2021-11-09,spoilage,0.05,7.48,routine
10828,3,2021-11-09,returned_order,0.02,2.69,routine
10829,1,2021-11-10,prep_waste,0.23,35.3,routine
10830,1,2021-11-10,unsold_cooked,0.14,16.09,routine
10831,1,2021-11-10,spoilage,0.08,9.8,routine
10832,1,2021-11-10,returned_order,0.02,2.31,routine
10833,2,2021-11-10,prep_waste,0.42,59.26,routine
10834,2,2021-11-10,unsold_cooked,0.12,16.25,routine
10835,2,2021-11-10,spoilage,0.05,8.0,routine
10836,2,2021-11-10,returned_order,0.02,2.56,routine
10837,3,2021-11-10,prep_waste,0.21,28.12,routine
10838,3,2021-11-10,unsold_cooked,0.13,18.11,routine
10839,3,2021-11-10,spoilage,0.03,5.14,routine
10840,3,2021-11-10,returned_order,0.02,2.7,routine
10841,1,2021-11-11,prep_waste,0.32,48.99,routine
10842,1,2021-11-11,unsold_cooked,0.19,29.46,routine
10843,1,2021-11-11,spoilage,0.08,9.99,routine
10844,1,2021-11-11,returned_order,0.02,2.64,routine
10845,2,2021-11-11,prep_waste,0.24,37.29,routine
10846,2,2021-11-11,unsold_cooked,0.17,21.56,routine
10847,2,2021-11-11,spoilage,0.08,10.4,routine
10848,2,2021-11-11,returned_order,0.02,2.22,routine
10849,3,2021-11-11,prep_waste,0.23,30.61,routine
10850,3,2021-11-11,unsold_cooked,0.22,32.04,routine
10851,3,2021-11-11,spoilage,0.04,5.78,routine
10852,3,2021-11-11,returned_order,0.02,2.63,routine
10853,1,2021-11-12,prep_waste,0.18,20.61,routine
10854,1,2021-11-12,unsold_cooked,0.25,26.66,routine
10855,1,2021-11-12,spoilage,0.07,11.24,routine
10856,1,2021-11-12,returned_order,0.02,2.31,routine
10857,2,2021-11-12,prep_waste,0.28,35.72,routine
10858,2,2021-11-12,unsold_cooked,0.13,16.36,routine
10859,2,2021-11-12,spoilage,0.05,5.93,routine
10860,2,2021-11-12,returned_order,0.02,2.96,routine
10861,3,2021-11-12,prep_waste,0.27,34.79,routine
10862,3,2021-11-12,unsold_cooked,0.16,23.81,routine
10863,3,2021-11-12,spoilage,0.07,6.89,routine
10864,3,2021-11-12,returned_order,0.02,2.71,routine
10865,1,2021-11-13,prep_waste,0.2,23.51,routine
10866,1,2021-11-13,unsold_cooked,0.14,16.16,routine
10867,1,2021-11-13,spoilage,0.08,10.05,routine
10868,1,2021-11-13,returned_order,0.9,96.14,routine
10869,2,2021-11-13,prep_waste,0.38,56.32,routine
10870,2,2021-11-13,unsold_cooked,0.17,25.65,routine
10871,2,2021-11-13,spoilage,0.05,6.28,routine
10872,2,2021-11-13,returned_order,0.02,2.95,routine
10873,3,2021-11-13,prep_waste,0.3,42.15,routine
10874,3,2021-11-13,unsold_cooked,0.22,31.11,routine
10875,3,2021-11-13,spoilage,0.04,5.28,routine
10876,3,2021-11-13,returned_order,0.02,2.3,routine
10877,1,2021-11-14,prep_waste,0.44,62.75,routine
10878,1,2021-11-14,unsold_cooked,0.2,25.74,routine
10879,1,2021-11-14,spoilage,0.04,6.1,routine
10880,1,2021-11-14,returned_order,1.67,190.96,routine
10881,2,2021-11-14,prep_waste,0.4,49.5,routine
10882,2,2021-11-14,unsold_cooked,0.11,13.33,routine
10883,2,2021-11-14,spoilage,0.07,10.18,routine
10884,2,2021-11-14,returned_order,0.89,101.18,routine
10885,3,2021-11-14,prep_waste,0.19,20.35,routine
10886,3,2021-11-14,unsold_cooked,0.24,29.47,routine
10887,3,2021-11-14,spoilage,0.08,9.94,routine
10888,3,2021-11-14,returned_order,0.02,2.35,routine
10889,1,2021-11-15,prep_waste,0.24,31.4,routine
10890,1,2021-11-15,unsold_cooked,0.19,26.5,routine
10891,1,2021-11-15,spoilage,0.07,9.97,routine
10892,1,2021-11-15,returned_order,0.02,2.56,routine
10893,2,2021-11-15,prep_waste,0.38,47.15,routine
10894,2,2021-11-15,unsold_cooked,0.11,12.18,routine
10895,2,2021-11-15,spoilage,0.04,5.96,routine
10896,2,2021-11-15,returned_order,0.02,3.06,routine
10897,3,2021-11-15,prep_waste,0.27,38.27,routine
10898,3,2021-11-15,unsold_cooked,0.17,19.38,routine
10899,3,2021-11-15,spoilage,0.05,7.01,routine
10900,3,2021-11-15,returned_order,0.02,2.79,routine
10901,1,2021-11-16,prep_waste,0.22,31.51,routine
10902,1,2021-11-16,unsold_cooked,0.1,11.71,routine
10903,1,2021-11-16,spoilage,0.04,5.87,routine
10904,1,2021-11-16,returned_order,0.02,2.88,routine
10905,2,2021-11-16,prep_waste,0.21,24.7,routine
10906,2,2021-11-16,unsold_cooked,0.24,30.72,routine
10907,2,2021-11-16,spoilage,0.05,5.04,routine
10908,2,2021-11-16,returned_order,0.84,102.17,routine
10909,3,2021-11-16,prep_waste,0.25,36.18,routine
10910,3,2021-11-16,unsold_cooked,0.11,16.89,routine
10911,3,2021-11-16,spoilage,0.04,6.47,routine
10912,3,2021-11-16,returned_order,0.02,2.99,routine
10913,1,2021-11-17,prep_waste,0.23,34.09,routine
10914,1,2021-11-17,unsold_cooked,0.12,15.26,routine
10915,1,2021-11-17,spoilage,0.04,6.38,routine
10916,1,2021-11-17,returned_order,0.02,2.78,routine
10917,2,2021-11-17,prep_waste,0.36,51.2,routine
10918,2,2021-11-17,unsold_cooked,0.2,24.36,routine
10919,2,2021-11-17,spoilage,0.06,8.67,routine
10920,2,2021-11-17,returned_order,0.02,2.31,routine
10921,3,2021-11-17,prep_waste,0.39,59.19,routine
10922,3,2021-11-17,unsold_cooked,0.22,33.34,routine
10923,3,2021-11-17,spoilage,0.06,9.46,routine
10924,3,2021-11-17,returned_order,0.02,2.28,routine
10925,1,2021-11-18,prep_waste,0.31,37.65,routine
10926,1,2021-11-18,unsold_cooked,0.23,27.11,routine
10927,1,2021-11-18,spoilage,0.03,4.86,routine
10928,1,2021-11-18,returned_order,0.79,88.76,routine
10929,2,2021-11-18,prep_waste,0.45,51.04,routine
10930,2,2021-11-18,unsold_cooked,0.22,25.3,routine
10931,2,2021-11-18,spoilage,0.07,9.32,routine
10932,2,2021-11-18,returned_order,0.02,2.38,routine
10933,3,2021-11-18,prep_waste,0.33,45.82,routine
10934,3,2021-11-18,unsold_cooked,0.21,27.17,routine
10935,3,2021-11-18,spoilage,0.06,7.22,routine
10936,3,2021-11-18,returned_order,0.02,2.38,routine
10937,1,2021-11-19,prep_waste,0.26,29.95,routine
10938,1,2021-11-19,unsold_cooked,0.16,21.43,routine
10939,1,2021-11-19,spoilage,0.06,9.16,routine
10940,1,2021-11-19,returned_order,0.02,3.0,routine
10941,2,2021-11-19,prep_waste,0.36,39.07,routine
10942,2,2021-11-19,unsold_cooked,0.24,30.31,routine
10943,2,2021-11-19,spoilage,0.08,9.77,routine
10944,2,2021-11-19,returned_order,0.54,57.29,routine
10945,3,2021-11-19,prep_waste,0.42,58.42,routine
10946,3,2021-11-19,unsold_cooked,0.11,13.98,routine
10947,3,2021-11-19,spoilage,0.07,8.28,routine
10948,3,2021-11-19,returned_order,0.02,2.17,routine
10949,1,2021-11-20,prep_waste,0.37,48.38,routine
10950,1,2021-11-20,unsold_cooked,0.21,28.78,routine
10951,1,2021-11-20,spoilage,0.08,10.04,routine
10952,1,2021-11-20,returned_order,0.02,2.16,routine
10953,2,2021-11-20,prep_waste,0.44,58.92,routine
10954,2,2021-11-20,unsold_cooked,0.12,13.23,routine
10955,2,2021-11-20,spoilage,0.08,8.22,routine
10956,2,2021-11-20,returned_order,0.02,3.1,routine
10957,3,2021-11-20,prep_waste,0.26,35.01,routine
10958,3,2021-11-20,unsold_cooked,0.14,20.45,routine
10959,3,2021-11-20,spoilage,0.07,8.76,routine
10960,3,2021-11-20,returned_order,0.02,3.04,routine
10961,1,2021-11-21,prep_waste,0.31,36.82,routine
10962,1,2021-11-21,unsold_cooked,0.13,13.76,routine
10963,1,2021-11-21,spoilage,0.04,5.38,routine
10964,1,2021-11-21,returned_order,0.02,2.16,routine
10965,2,2021-11-21,prep_waste,0.2,23.98,routine
10966,2,2021-11-21,unsold_cooked,0.25,35.84,routine
10967,2,2021-11-21,spoilage,0.04,5.72,routine
10968,2,2021-11-21,returned_order,0.02,3.02,routine
10969,3,2021-11-21,prep_waste,0.27,32.64,routine
10970,3,2021-11-21,unsold_cooked,0.2,21.52,routine
10971,3,2021-11-21,spoilage,0.06,7.84,routine
10972,3,2021-11-21,returned_order,0.02,2.73,routine
10973,1,2021-11-22,prep_waste,0.35,38.14,routine
10974,1,2021-11-22,unsold_cooked,0.11,17.02,routine
10975,1,2021-11-22,spoilage,0.06,8.81,routine
10976,1,2021-11-22,returned_order,1.8,252.55,routine
10977,2,2021-11-22,prep_waste,0.38,52.74,routine
10978,2,2021-11-22,unsold_cooked,0.15,17.54,routine
10979,2,2021-11-22,spoilage,0.08,11.78,routine
10980,2,2021-11-22,returned_order,0.02,2.37,routine
10981,3,2021-11-22,prep_waste,0.25,30.12,routine
10982,3,2021-11-22,unsold_cooked,0.12,18.09,routine
10983,3,2021-11-22,spoilage,0.05,7.15,routine
10984,3,2021-11-22,returned_order,0.02,2.92,routine
10985,1,2021-11-23,prep_waste,0.3,31.19,routine
10986,1,2021-11-23,unsold_cooked,0.22,34.27,routine
10987,1,2021-11-23,spoilage,0.06,8.11,routine
10988,1,2021-11-23,returned_order,0.02,2.32,routine
10989,2,2021-11-23,prep_waste,0.19,25.89,routine
10990,2,2021-11-23,unsold_cooked,0.18,23.27,routine
10991,2,2021-11-23,spoilage,0.05,6.88,routine
10992,2,2021-11-23,returned_order,0.02,2.39,routine
10993,3,2021-11-23,prep_waste,0.28,35.25,routine
10994,3,2021-11-23,unsold_cooked,0.22,32.85,routine
10995,3,2021-11-23,spoilage,0.06,6.18,routine
10996,3,2021-11-23,returned_order,0.02,2.4,routine
10997,1,2021-11-24,prep_waste,0.19,23.17,routine
10998,1,2021-11-24,unsold_cooked,0.14,15.7,routine
10999,1,2021-11-24,spoilage,0.07,10.01,routine
11000,1,2021-11-24,returned_order,0.81,89.59,routine
11001,2,2021-11-24,prep_waste,0.33,39.13,routine
11002,2,2021-11-24,unsold_cooked,0.14,19.05,routine
11003,2,2021-11-24,spoilage,0.07,8.41,routine
11004,2,2021-11-24,returned_order,0.02,2.76,routine
11005,3,2021-11-24,prep_waste,0.44,68.36,routine
11006,3,2021-11-24,unsold_cooked,0.15,20.52,routine
11007,3,2021-11-24,spoilage,0.06,9.08,routine
11008,3,2021-11-24,returned_order,0.02,2.54,routine
11009,1,2021-11-25,prep_waste,0.38,46.69,routine
11010,1,2021-11-25,unsold_cooked,0.18,21.42,routine
11011,1,2021-11-25,spoilage,0.05,6.96,routine
11012,1,2021-11-25,returned_order,0.83,94.66,routine
11013,2,2021-11-25,prep_waste,0.35,49.08,routine
11014,2,2021-11-25,unsold_cooked,0.2,27.26,routine
11015,2,2021-11-25,spoilage,0.07,10.1,routine
11016,2,2021-11-25,returned_order,0.02,2.27,routine
11017,3,2021-11-25,prep_waste,0.22,23.88,routine
11018,3,2021-11-25,unsold_cooked,0.24,30.45,routine
11019,3,2021-11-25,spoilage,0.07,8.95,routine
11020,3,2021-11-25,returned_order,0.02,2.45,routine
11021,1,2021-11-26,prep_waste,0.3,33.2,routine
11022,1,2021-11-26,unsold_cooked,0.15,20.58,routine
11023,1,2021-11-26,spoilage,0.05,5.58,routine
11024,1,2021-11-26,returned_order,0.63,73.66,routine
11025,2,2021-11-26,prep_waste,0.36,50.53,routine
11026,2,2021-11-26,unsold_cooked,0.16,22.77,routine
11027,2,2021-11-26,spoilage,0.03,5.27,routine
11028,2,2021-11-26,returned_order,0.61,74.9,routine
11029,3,2021-11-26,prep_waste,0.26,28.33,routine
11030,3,2021-11-26,unsold_cooked,0.18,21.51,routine
11031,3,2021-11-26,spoilage,0.07,8.94,routine
11032,3,2021-11-26,returned_order,0.02,2.9,routine
11033,1,2021-11-27,prep_waste,0.28,42.58,routine
11034,1,2021-11-27,unsold_cooked,0.14,16.27,routine
11035,1,2021-11-27,spoilage,0.08,9.11,routine
11036,1,2021-11-27,returned_order,1.08,121.51,routine
11037,2,2021-11-27,prep_waste,0.26,30.06,routine
11038,2,2021-11-27,unsold_cooked,0.22,29.37,routine
11039,2,2021-11-27,spoilage,0.04,6.03,routine
11040,2,2021-11-27,returned_order,0.02,2.66,routine
11041,3,2021-11-27,prep_waste,0.24,35.15,routine
11042,3,2021-11-27,unsold_cooked,0.11,14.62,routine
11043,3,2021-11-27,spoilage,0.06,8.93,routine
11044,3,2021-11-27,returned_order,0.02,2.98,routine
11045,1,2021-11-28,prep_waste,0.3,40.23,routine
11046,1,2021-11-28,unsold_cooked,0.22,33.5,routine
11047,1,2021-11-28,spoilage,0.04,5.0,routine
11048,1,2021-11-28,returned_order,0.02,2.89,routine
11049,2,2021-11-28,prep_waste,0.2,27.96,routine
11050,2,2021-11-28,unsold_cooked,0.13,16.86,routine
11051,2,2021-11-28,spoilage,0.04,4.86,routine
11052,2,2021-11-28,returned_order,0.73,103.18,routine
11053,3,2021-11-28,prep_waste,0.2,21.68,routine
11054,3,2021-11-28,unsold_cooked,0.21,28.82,routine
11055,3,2021-11-28,spoilage,0.05,6.74,routine
11056,3,2021-11-28,returned_order,0.54,74.1,routine
11057,1,2021-11-29,prep_waste,0.35,38.64,routine
11058,1,2021-11-29,unsold_cooked,0.15,21.92,routine
11059,1,2021-11-29,spoilage,0.08,12.49,routine
11060,1,2021-11-29,returned_order,0.02,3.03,routine
11061,2,2021-11-29,prep_waste,0.18,20.14,routine
11062,2,2021-11-29,unsold_cooked,0.14,18.97,routine
11063,2,2021-11-29,spoilage,0.06,6.58,routine
11064,2,2021-11-29,returned_order,0.02,2.6,routine
11065,3,2021-11-29,prep_waste,0.35,40.35,routine
11066,3,2021-11-29,unsold_cooked,0.22,30.44,routine
11067,3,2021-11-29,spoilage,0.04,5.53,routine
11068,3,2021-11-29,returned_order,0.02,2.89,routine
11069,1,2021-11-30,prep_waste,0.38,40.26,routine
11070,1,2021-11-30,unsold_cooked,0.14,19.34,routine
11071,1,2021-11-30,spoilage,0.07,9.23,routine
11072,1,2021-11-30,returned_order,0.02,2.53,routine
11073,2,2021-11-30,prep_waste,0.24,29.64,routine
11074,2,2021-11-30,unsold_cooked,0.16,24.02,routine
11075,2,2021-11-30,spoilage,0.06,8.26,routine
11076,2,2021-11-30,returned_order,0.02,3.03,routine
11077,3,2021-11-30,prep_waste,0.25,35.73,routine
11078,3,2021-11-30,unsold_cooked,0.14,16.86,routine
11079,3,2021-11-30,spoilage,0.04,6.3,routine
11080,3,2021-11-30,returned_order,0.02,2.18,routine
11081,1,2021-12-01,prep_waste,0.18,20.87,routine
11082,1,2021-12-01,unsold_cooked,0.16,18.03,routine
11083,1,2021-12-01,spoilage,0.05,6.19,routine
11084,1,2021-12-01,returned_order,0.02,2.88,routine
11085,2,2021-12-01,prep_waste,0.26,36.95,routine
11086,2,2021-12-01,unsold_cooked,0.2,26.7,routine
11087,2,2021-12-01,spoilage,0.06,6.13,routine
11088,2,2021-12-01,returned_order,0.02,2.97,routine
11089,3,2021-12-01,prep_waste,0.36,54.82,routine
11090,3,2021-12-01,unsold_cooked,0.13,17.93,routine
11091,3,2021-12-01,spoilage,0.06,8.7,routine
11092,3,2021-12-01,returned_order,0.02,2.88,routine
11093,1,2021-12-02,prep_waste,0.24,33.31,routine
11094,1,2021-12-02,unsold_cooked,0.23,26.08,routine
11095,1,2021-12-02,spoilage,0.06,8.14,routine
11096,1,2021-12-02,returned_order,0.02,2.17,routine
11097,2,2021-12-02,prep_waste,0.39,44.65,routine
11098,2,2021-12-02,unsold_cooked,0.18,21.22,routine
11099,2,2021-12-02,spoilage,0.08,9.01,routine
11100,2,2021-12-02,returned_order,0.85,99.16,routine
11101,3,2021-12-02,prep_waste,0.21,28.26,routine
11102,3,2021-12-02,unsold_cooked,0.11,15.56,routine
11103,3,2021-12-02,spoilage,0.03,4.89,routine
11104,3,2021-12-02,returned_order,0.02,2.88,routine
11105,1,2021-12-03,prep_waste,0.37,55.23,routine
11106,1,2021-12-03,unsold_cooked,0.13,13.48,routine
11107,1,2021-12-03,spoilage,0.06,7.36,routine
11108,1,2021-12-03,returned_order,0.02,2.66,routine
11109,2,2021-12-03,prep_waste,0.25,33.1,routine
11110,2,2021-12-03,unsold_cooked,0.15,20.81,routine
11111,2,2021-12-03,spoilage,0.04,5.76,routine
11112,2,2021-12-03,returned_order,0.82,123.18,routine
11113,3,2021-12-03,prep_waste,0.2,31.52,routine
11114,3,2021-12-03,unsold_cooked,0.18,19.37,routine
11115,3,2021-12-03,spoilage,0.07,8.34,routine
11116,3,2021-12-03,returned_order,0.02,2.61,routine
11117,1,2021-12-04,prep_waste,0.28,34.65,routine
11118,1,2021-12-04,unsold_cooked,0.17,25.49,routine
11119,1,2021-12-04,spoilage,0.05,6.6,routine
11120,1,2021-12-04,returned_order,0.02,2.57,routine
11121,2,2021-12-04,prep_waste,0.29,37.09,routine
11122,2,2021-12-04,unsold_cooked,0.24,34.95,routine
11123,2,2021-12-04,spoilage,0.04,4.27,routine
11124,2,2021-12-04,returned_order,0.61,87.25,routine
11125,3,2021-12-04,prep_waste,0.25,34.02,routine
11126,3,2021-12-04,unsold_cooked,0.11,15.37,routine
11127,3,2021-12-04,spoilage,0.04,4.68,routine
11128,3,2021-12-04,returned_order,0.52,73.36,routine
11129,1,2021-12-05,prep_waste,0.44,53.19,routine
11130,1,2021-12-05,unsold_cooked,0.21,29.57,routine
11131,1,2021-12-05,spoilage,0.06,6.61,routine
11132,1,2021-12-05,returned_order,0.02,2.9,routine
11133,2,2021-12-05,prep_waste,0.42,54.56,routine
11134,2,2021-12-05,unsold_cooked,0.22,27.79,routine
11135,2,2021-12-05,spoilage,0.05,7.02,routine
11136,2,2021-12-05,returned_order,0.02,2.52,routine
11137,3,2021-12-05,prep_waste,0.19,24.65,routine
11138,3,2021-12-05,unsold_cooked,0.2,23.69,routine
11139,3,2021-12-05,spoilage,0.06,8.45,routine
11140,3,2021-12-05,returned_order,0.02,2.58,routine
11141,1,2021-12-06,prep_waste,0.31,45.45,routine
11142,1,2021-12-06,unsold_cooked,0.24,31.17,routine
11143,1,2021-12-06,spoilage,0.08,9.11,routine
11144,1,2021-12-06,returned_order,0.67,97.26,routine
11145,2,2021-12-06,prep_waste,0.28,31.6,routine
11146,2,2021-12-06,unsold_cooked,0.21,32.84,routine
11147,2,2021-12-06,spoilage,0.07,7.01,routine
11148,2,2021-12-06,returned_order,0.02,2.53,routine
11149,3,2021-12-06,prep_waste,0.37,46.49,routine
11150,3,2021-12-06,unsold_cooked,0.15,19.05,routine
11151,3,2021-12-06,spoilage,0.04,5.53,routine
11152,3,2021-12-06,returned_order,0.02,3.03,routine
11153,1,2021-12-07,prep_waste,0.23,28.3,routine
11154,1,2021-12-07,unsold_cooked,0.11,15.26,routine
11155,1,2021-12-07,spoilage,0.04,5.65,routine
11156,1,2021-12-07,returned_order,0.64,91.2,routine
11157,2,2021-12-07,prep_waste,0.35,49.96,routine
11158,2,2021-12-07,unsold_cooked,0.13,15.07,routine
11159,2,2021-12-07,spoilage,0.08,9.71,routine
11160,2,2021-12-07,returned_order,0.02,2.13,routine
11161,3,2021-12-07,prep_waste,0.24,25.68,routine
11162,3,2021-12-07,unsold_cooked,0.15,17.72,routine
11163,3,2021-12-07,spoilage,0.06,9.08,routine
11164,3,2021-12-07,returned_order,0.02,3.09,routine
11165,1,2021-12-08,prep_waste,0.25,34.05,routine
11166,1,2021-12-08,unsold_cooked,0.15,19.24,routine
11167,1,2021-12-08,spoilage,0.07,8.03,routine
11168,1,2021-12-08,returned_order,0.02,2.68,routine
11169,2,2021-12-08,prep_waste,0.28,37.72,routine
11170,2,2021-12-08,unsold_cooked,0.2,27.66,routine
11171,2,2021-12-08,spoilage,0.05,6.32,routine
11172,2,2021-12-08,returned_order,0.02,2.59,routine
11173,3,2021-12-08,prep_waste,0.18,19.64,routine
11174,3,2021-12-08,unsold_cooked,0.17,21.4,routine
11175,3,2021-12-08,spoilage,0.08,10.49,routine
11176,3,2021-12-08,returned_order,0.02,2.34,routine
11177,1,2021-12-09,prep_waste,0.33,40.59,routine
11178,1,2021-12-09,unsold_cooked,0.19,27.85,routine
11179,1,2021-12-09,spoilage,0.05,6.48,routine
11180,1,2021-12-09,returned_order,0.02,2.14,routine
11181,2,2021-12-09,prep_waste,0.36,50.97,routine
11182,2,2021-12-09,unsold_cooked,0.16,19.72,routine
11183,2,2021-12-09,spoilage,0.07,9.71,routine
11184,2,2021-12-09,returned_order,0.02,2.94,routine
11185,3,2021-12-09,prep_waste,0.36,38.77,routine
11186,3,2021-12-09,unsold_cooked,0.13,19.05,routine
11187,3,2021-12-09,spoilage,0.06,6.84,routine
11188,3,2021-12-09,returned_order,0.02,2.46,routine
11189,1,2021-12-10,prep_waste,0.2,22.05,routine
11190,1,2021-12-10,unsold_cooked,0.23,24.2,routine
11191,1,2021-12-10,spoilage,0.07,8.02,routine
11192,1,2021-12-10,returned_order,0.84,94.63,routine
11193,2,2021-12-10,prep_waste,0.23,27.68,routine
11194,2,2021-12-10,unsold_cooked,0.12,17.86,routine
11195,2,2021-12-10,spoilage,0.05,5.45,routine
11196,2,2021-12-10,returned_order,0.02,2.82,routine
11197,3,2021-12-10,prep_waste,0.25,32.89,routine
11198,3,2021-12-10,unsold_cooked,0.16,21.75,routine
11199,3,2021-12-10,spoilage,0.07,7.55,routine
11200,3,2021-12-10,returned_order,0.02,2.23,routine
11201,1,2021-12-11,prep_waste,0.23,30.36,routine
11202,1,2021-12-11,unsold_cooked,0.22,25.94,routine
11203,1,2021-12-11,spoilage,0.04,3.84,routine
11204,1,2021-12-11,returned_order,0.02,2.76,routine
11205,2,2021-12-11,prep_waste,0.41,53.9,routine
11206,2,2021-12-11,unsold_cooked,0.2,26.54,routine
11207,2,2021-12-11,spoilage,0.06,7.89,routine
11208,2,2021-12-11,returned_order,0.02,2.48,routine
11209,3,2021-12-11,prep_waste,0.42,48.71,routine
11210,3,2021-12-11,unsold_cooked,0.21,30.37,routine
11211,3,2021-12-11,spoilage,0.04,6.06,routine
11212,3,2021-12-11,returned_order,0.02,2.84,routine
11213,1,2021-12-12,prep_waste,0.35,48.09,routine
11214,1,2021-12-12,unsold_cooked,0.11,12.17,routine
11215,1,2021-12-12,spoilage,0.04,4.64,routine
11216,1,2021-12-12,returned_order,0.63,92.49,routine
11217,2,2021-12-12,prep_waste,0.26,33.65,routine
11218,2,2021-12-12,unsold_cooked,0.21,26.42,routine
11219,2,2021-12-12,spoilage,0.05,8.01,routine
11220,2,2021-12-12,returned_order,0.72,90.88,routine
11221,3,2021-12-12,prep_waste,0.27,38.86,routine
11222,3,2021-12-12,unsold_cooked,0.23,28.86,routine
11223,3,2021-12-12,spoilage,0.05,7.53,routine
11224,3,2021-12-12,returned_order,0.02,3.04,routine
11225,1,2021-12-13,prep_waste,0.43,57.39,routine
11226,1,2021-12-13,unsold_cooked,0.1,15.21,routine
11227,1,2021-12-13,spoilage,0.06,7.58,routine
11228,1,2021-12-13,returned_order,0.02,2.56,routine
11229,2,2021-12-13,prep_waste,0.23,34.45,routine
11230,2,2021-12-13,unsold_cooked,0.16,22.44,routine
11231,2,2021-12-13,spoilage,0.07,9.15,routine
11232,2,2021-12-13,returned_order,0.68,80.57,routine
11233,3,2021-12-13,prep_waste,0.31,42.36,routine
11234,3,2021-12-13,unsold_cooked,0.24,32.17,routine
11235,3,2021-12-13,spoilage,0.07,10.8,routine
11236,3,2021-12-13,returned_order,0.02,3.05,routine
11237,1,2021-12-14,prep_waste,0.2,27.24,routine
11238,1,2021-12-14,unsold_cooked,0.21,25.0,routine
11239,1,2021-12-14,spoilage,0.04,4.22,routine
11240,1,2021-12-14,returned_order,0.02,3.08,routine
11241,2,2021-12-14,prep_waste,0.35,49.37,routine
11242,2,2021-12-14,unsold_cooked,0.19,28.38,routine
11243,2,2021-12-14,spoilage,0.06,8.49,routine
11244,2,2021-12-14,returned_order,0.02,2.51,routine
11245,3,2021-12-14,prep_waste,0.37,51.41,routine
11246,3,2021-12-14,unsold_cooked,0.14,19.38,routine
11247,3,2021-12-14,spoilage,0.04,5.31,routine
11248,3,2021-12-14,returned_order,0.02,2.18,routine
11249,1,2021-12-15,prep_waste,0.27,39.78,routine
11250,1,2021-12-15,unsold_cooked,0.21,28.66,routine
11251,1,2021-12-15,spoilage,0.08,9.71,routine
11252,1,2021-12-15,returned_order,0.02,2.33,routine
11253,2,2021-12-15,prep_waste,0.29,32.7,routine
11254,2,2021-12-15,unsold_cooked,0.14,16.32,routine
11255,2,2021-12-15,spoilage,0.04,5.1,routine
11256,2,2021-12-15,returned_order,0.02,2.16,routine
11257,3,2021-12-15,prep_waste,0.31,46.84,routine
11258,3,2021-12-15,unsold_cooked,0.24,30.06,routine
11259,3,2021-12-15,spoilage,0.07,10.0,routine
11260,3,2021-12-15,returned_order,0.02,2.83,routine
11261,1,2021-12-16,prep_waste,0.43,45.47,routine
11262,1,2021-12-16,unsold_cooked,0.13,19.63,routine
11263,1,2021-12-16,spoilage,0.07,7.45,routine
11264,1,2021-12-16,returned_order,0.02,2.44,routine
11265,2,2021-12-16,prep_waste,0.28,35.68,routine
11266,2,2021-12-16,unsold_cooked,0.22,31.49,routine
11267,2,2021-12-16,spoilage,0.05,6.83,routine
11268,2,2021-12-16,returned_order,0.02,2.16,routine
11269,3,2021-12-16,prep_waste,0.38,52.93,routine
11270,3,2021-12-16,unsold_cooked,0.18,23.69,routine
11271,3,2021-12-16,spoilage,0.04,4.44,routine
11272,3,2021-12-16,returned_order,0.02,2.73,routine
11273,1,2021-12-17,prep_waste,0.39,45.31,routine
11274,1,2021-12-17,unsold_cooked,0.2,27.31,routine
11275,1,2021-12-17,spoilage,0.06,8.19,routine
11276,1,2021-12-17,returned_order,0.02,2.71,routine
11277,2,2021-12-17,prep_waste,0.32,38.57,routine
11278,2,2021-12-17,unsold_cooked,0.2,21.29,routine
11279,2,2021-12-17,spoilage,0.06,7.03,routine
11280,2,2021-12-17,returned_order,0.02,2.4,routine
11281,3,2021-12-17,prep_waste,0.26,35.9,routine
11282,3,2021-12-17,unsold_cooked,0.13,18.57,routine
11283,3,2021-12-17,spoilage,0.07,10.43,routine
11284,3,2021-12-17,returned_order,0.02,2.47,routine
11285,1,2021-12-18,prep_waste,0.44,58.52,routine
11286,1,2021-12-18,unsold_cooked,0.12,12.28,routine
11287,1,2021-12-18,spoilage,0.05,5.97,routine
11288,1,2021-12-18,returned_order,0.88,97.45,routine
11289,2,2021-12-18,prep_waste,0.41,62.2,routine
11290,2,2021-12-18,unsold_cooked,0.21,27.52,routine
11291,2,2021-12-18,spoilage,0.06,8.39,routine
11292,2,2021-12-18,returned_order,0.02,2.91,routine
11293,3,2021-12-18,prep_waste,0.38,48.96,routine
11294,3,2021-12-18,unsold_cooked,0.21,25.21,routine
11295,3,2021-12-18,spoilage,0.06,7.55,routine
11296,3,2021-12-18,returned_order,0.02,2.12,routine
11297,1,2021-12-19,prep_waste,0.31,42.5,routine
11298,1,2021-12-19,unsold_cooked,0.19,26.83,routine
11299,1,2021-12-19,spoilage,0.05,5.33,routine
11300,1,2021-12-19,returned_order,1.76,215.89,routine
11301,2,2021-12-19,prep_waste,0.23,25.07,routine
11302,2,2021-12-19,unsold_cooked,0.22,25.1,routine
11303,2,2021-12-19,spoilage,0.05,6.31,routine
11304,2,2021-12-19,returned_order,0.02,2.66,routine
11305,3,2021-12-19,prep_waste,0.25,38.14,routine
11306,3,2021-12-19,unsold_cooked,0.17,18.33,routine
11307,3,2021-12-19,spoilage,0.04,4.72,routine
11308,3,2021-12-19,returned_order,0.02,2.11,routine
11309,1,2021-12-20,prep_waste,0.44,57.57,routine
11310,1,2021-12-20,unsold_cooked,0.24,35.02,routine
11311,1,2021-12-20,spoilage,0.04,6.82,routine
11312,1,2021-12-20,returned_order,0.02,2.27,routine
11313,2,2021-12-20,prep_waste,0.42,63.64,routine
11314,2,2021-12-20,unsold_cooked,0.1,13.21,routine
11315,2,2021-12-20,spoilage,0.06,7.28,routine
11316,2,2021-12-20,returned_order,0.02,2.57,routine
11317,3,2021-12-20,prep_waste,0.44,47.82,routine
11318,3,2021-12-20,unsold_cooked,0.12,17.14,routine
11319,3,2021-12-20,spoilage,0.06,6.48,routine
11320,3,2021-12-20,returned_order,0.02,2.18,routine
11321,1,2021-12-21,prep_waste,0.41,48.68,routine
11322,1,2021-12-21,unsold_cooked,0.11,13.54,routine
11323,1,2021-12-21,spoilage,0.04,5.7,routine
11324,1,2021-12-21,returned_order,0.02,2.46,routine
11325,2,2021-12-21,prep_waste,0.26,31.85,routine
11326,2,2021-12-21,unsold_cooked,0.2,28.06,routine
11327,2,2021-12-21,spoilage,0.05,5.86,routine
11328,2,2021-12-21,returned_order,0.02,2.86,routine
11329,3,2021-12-21,prep_waste,0.37,45.96,routine
11330,3,2021-12-21,unsold_cooked,0.12,15.17,routine
11331,3,2021-12-21,spoilage,0.03,3.73,routine
11332,3,2021-12-21,returned_order,0.02,2.94,routine
11333,1,2021-12-22,prep_waste,0.18,21.34,routine
11334,1,2021-12-22,unsold_cooked,0.11,14.1,routine
11335,1,2021-12-22,spoilage,0.04,5.79,routine
11336,1,2021-12-22,returned_order,0.02,2.35,routine
11337,2,2021-12-22,prep_waste,0.42,63.86,routine
11338,2,2021-12-22,unsold_cooked,0.18,23.14,routine
11339,2,2021-12-22,spoilage,0.04,4.9,routine
11340,2,2021-12-22,returned_order,0.02,2.28,routine
11341,3,2021-12-22,prep_waste,0.43,56.89,routine
11342,3,2021-12-22,unsold_cooked,0.2,29.96,routine
11343,3,2021-12-22,spoilage,0.06,8.71,routine
11344,3,2021-12-22,returned_order,0.02,2.55,routine
11345,1,2021-12-23,prep_waste,0.26,37.56,routine
11346,1,2021-12-23,unsold_cooked,0.18,22.46,routine
11347,1,2021-12-23,spoilage,0.07,9.14,routine
11348,1,2021-12-23,returned_order,0.02,2.94,routine
11349,2,2021-12-23,prep_waste,0.23,30.5,routine
11350,2,2021-12-23,unsold_cooked,0.19,25.76,routine
11351,2,2021-12-23,spoilage,0.08,9.0,routine
11352,2,2021-12-23,returned_order,0.02,2.83,routine
11353,3,2021-12-23,prep_waste,0.26,28.7,routine
11354,3,2021-12-23,unsold_cooked,0.15,20.23,routine
11355,3,2021-12-23,spoilage,0.04,5.85,routine
11356,3,2021-12-23,returned_order,0.02,2.31,routine
11357,1,2021-12-24,prep_waste,0.25,36.24,routine
11358,1,2021-12-24,unsold_cooked,0.21,32.52,routine
11359,1,2021-12-24,spoilage,0.07,9.16,routine
11360,1,2021-12-24,returned_order,0.02,2.94,routine
11361,2,2021-12-24,prep_waste,0.21,26.47,routine
11362,2,2021-12-24,unsold_cooked,0.18,21.99,routine
11363,2,2021-12-24,spoilage,0.08,11.88,routine
11364,2,2021-12-24,returned_order,0.02,2.96,routine
11365,3,2021-12-24,prep_waste,0.34,46.32,routine
11366,3,2021-12-24,unsold_cooked,0.13,19.09,routine
11367,3,2021-12-24,spoilage,0.07,9.16,routine
11368,3,2021-12-24,returned_order,0.02,2.9,routine
11369,1,2021-12-25,prep_waste,0.18,27.75,routine
11370,1,2021-12-25,unsold_cooked,0.15,17.28,routine
11371,1,2021-12-25,spoilage,0.07,10.44,routine
11372,1,2021-12-25,returned_order,0.02,2.46,routine
11373,2,2021-12-25,prep_waste,0.43,58.7,routine
11374,2,2021-12-25,unsold_cooked,0.16,16.75,routine
11375,2,2021-12-25,spoilage,0.07,10.13,routine
11376,2,2021-12-25,returned_order,0.02,2.56,routine
11377,3,2021-12-25,prep_waste,0.28,43.21,routine
11378,3,2021-12-25,unsold_cooked,0.16,18.19,routine
11379,3,2021-12-25,spoilage,0.07,8.16,routine
11380,3,2021-12-25,returned_order,0.83,90.43,routine
11381,1,2021-12-26,prep_waste,0.33,44.6,routine
11382,1,2021-12-26,unsold_cooked,0.27,40.43,routine
11383,1,2021-12-26,spoilage,0.05,5.51,routine
11384,1,2021-12-26,returned_order,0.8,92.18,routine
11385,2,2021-12-26,prep_waste,0.29,43.4,routine
11386,2,2021-12-26,unsold_cooked,0.14,16.16,routine
11387,2,2021-12-26,spoilage,0.08,9.97,routine
11388,2,2021-12-26,returned_order,0.63,86.88,routine
11389,3,2021-12-26,prep_waste,0.39,50.71,routine
11390,3,2021-12-26,unsold_cooked,0.14,16.1,routine
11391,3,2021-12-26,spoilage,0.06,6.79,routine
11392,3,2021-12-26,returned_order,0.02,3.02,routine
11393,1,2021-12-27,prep_waste,0.27,33.75,routine
11394,1,2021-12-27,unsold_cooked,0.13,19.78,routine
11395,1,2021-12-27,spoilage,0.08,11.48,routine
11396,1,2021-12-27,returned_order,1.33,199.87,routine
11397,2,2021-12-27,prep_waste,0.31,46.69,routine
11398,2,2021-12-27,unsold_cooked,0.19,26.44,routine
11399,2,2021-12-27,spoilage,0.04,4.66,routine
11400,2,2021-12-27,returned_order,0.02,2.48,routine
11401,3,2021-12-27,prep_waste,0.33,50.63,routine
11402,3,2021-12-27,unsold_cooked,0.11,16.89,routine
11403,3,2021-12-27,spoilage,0.08,10.54,routine
11404,3,2021-12-27,returned_order,0.02,2.44,routine
11405,1,2021-12-28,prep_waste,0.38,56.04,routine
11406,1,2021-12-28,unsold_cooked,0.21,23.93,routine
11407,1,2021-12-28,spoilage,0.08,9.89,routine
11408,1,2021-12-28,returned_order,0.02,2.22,routine
11409,2,2021-12-28,prep_waste,0.32,47.68,routine
11410,2,2021-12-28,unsold_cooked,0.12,14.32,routine
11411,2,2021-12-28,spoilage,0.07,9.36,routine
11412,2,2021-12-28,returned_order,0.02,3.05,routine
11413,3,2021-12-28,prep_waste,0.41,44.96,routine
11414,3,2021-12-28,unsold_cooked,0.16,21.37,routine
11415,3,2021-12-28,spoilage,0.04,5.86,routine
11416,3,2021-12-28,returned_order,0.02,2.71,routine
11417,1,2021-12-29,prep_waste,0.22,33.43,routine
11418,1,2021-12-29,unsold_cooked,0.13,15.28,routine
11419,1,2021-12-29,spoilage,0.06,7.55,routine
11420,1,2021-12-29,returned_order,0.02,2.46,routine
11421,2,2021-12-29,prep_waste,0.4,55.82,routine
11422,2,2021-12-29,unsold_cooked,0.15,17.46,routine
11423,2,2021-12-29,spoilage,0.08,8.69,routine
11424,2,2021-12-29,returned_order,0.65,99.8,routine
11425,3,2021-12-29,prep_waste,0.24,34.86,routine
11426,3,2021-12-29,unsold_cooked,0.14,20.83,routine
11427,3,2021-12-29,spoilage,0.08,8.66,routine
11428,3,2021-12-29,returned_order,0.02,2.33,routine
11429,1,2021-12-30,prep_waste,0.38,48.83,routine
11430,1,2021-12-30,unsold_cooked,0.2,24.45,routine
11431,1,2021-12-30,spoilage,0.07,7.76,routine
11432,1,2021-12-30,returned_order,0.02,2.72,routine
11433,2,2021-12-30,prep_waste,0.26,33.46,routine
11434,2,2021-12-30,unsold_cooked,0.18,21.45,routine
11435,2,2021-12-30,spoilage,0.06,8.03,routine
11436,2,2021-12-30,returned_order,0.88,117.57,routine
11437,3,2021-12-30,prep_waste,0.37,41.03,routine
11438,3,2021-12-30,unsold_cooked,0.22,25.25,routine
11439,3,2021-12-30,spoilage,0.06,8.29,routine
11440,3,2021-12-30,returned_order,0.02,2.88,routine
11441,1,2021-12-31,prep_waste,0.18,26.57,routine
11442,1,2021-12-31,unsold_cooked,0.22,33.83,routine
11443,1,2021-12-31,spoilage,0.04,4.77,routine
11444,1,2021-12-31,returned_order,0.53,68.24,routine
11445,2,2021-12-31,prep_waste,0.41,46.82,routine
11446,2,2021-12-31,unsold_cooked,0.22,33.31,routine
11447,2,2021-12-31,spoilage,0.07,9.8,routine
11448,2,2021-12-31,returned_order,0.02,2.28,routine
11449,3,2021-12-31,prep_waste,0.3,38.04,routine
11450,3,2021-12-31,unsold_cooked,0.12,14.53,routine
11451,3,2021-12-31,spoilage,0.06,8.16,routine
11452,3,2021-12-31,returned_order,0.02,2.31,routine
11453,1,2022-01-01,prep_waste,0.29,35.02,routine
11454,1,2022-01-01,unsold_cooked,0.19,28.46,routine
11455,1,2022-01-01,spoilage,0.04,5.11,routine
11456,1,2022-01-01,returned_order,0.85,106.67,routine
11457,2,2022-01-01,prep_waste,0.24,29.97,routine
11458,2,2022-01-01,unsold_cooked,0.2,25.1,routine
11459,2,2022-01-01,spoilage,0.05,6.77,routine
11460,2,2022-01-01,returned_order,0.02,3.01,routine
11461,3,2022-01-01,prep_waste,0.38,58.26,routine
11462,3,2022-01-01,unsold_cooked,0.2,26.74,routine
11463,3,2022-01-01,spoilage,0.05,5.2,routine
11464,3,2022-01-01,returned_order,0.7,90.25,routine
11465,1,2022-01-02,prep_waste,0.3,34.03,routine
11466,1,2022-01-02,unsold_cooked,0.23,26.43,routine
11467,1,2022-01-02,spoilage,0.06,7.48,routine
11468,1,2022-01-02,returned_order,1.26,185.18,routine
11469,2,2022-01-02,prep_waste,0.34,50.11,routine
11470,2,2022-01-02,unsold_cooked,0.21,31.31,routine
11471,2,2022-01-02,spoilage,0.06,6.63,routine
11472,2,2022-01-02,returned_order,0.02,2.98,routine
11473,3,2022-01-02,prep_waste,0.3,45.13,routine
11474,3,2022-01-02,unsold_cooked,0.15,19.43,routine
11475,3,2022-01-02,spoilage,0.04,4.73,routine
11476,3,2022-01-02,returned_order,0.02,2.82,routine
11477,1,2022-01-03,prep_waste,0.26,35.51,routine
11478,1,2022-01-03,unsold_cooked,0.21,27.01,routine
11479,1,2022-01-03,spoilage,0.04,5.78,routine
11480,1,2022-01-03,returned_order,0.79,119.28,routine
11481,2,2022-01-03,prep_waste,0.3,42.8,routine
11482,2,2022-01-03,unsold_cooked,0.23,35.3,routine
11483,2,2022-01-03,spoilage,0.04,4.48,routine
11484,2,2022-01-03,returned_order,0.02,2.38,routine
11485,3,2022-01-03,prep_waste,0.2,22.54,routine
11486,3,2022-01-03,unsold_cooked,0.12,14.84,routine
11487,3,2022-01-03,spoilage,0.08,9.49,routine
11488,3,2022-01-03,returned_order,0.02,2.16,routine
11489,1,2022-01-04,prep_waste,0.39,42.52,routine
11490,1,2022-01-04,unsold_cooked,0.18,22.99,routine
11491,1,2022-01-04,spoilage,0.06,9.33,routine
11492,1,2022-01-04,returned_order,2.32,265.11,routine
11493,2,2022-01-04,prep_waste,0.29,30.74,routine
11494,2,2022-01-04,unsold_cooked,0.15,19.48,routine
11495,2,2022-01-04,spoilage,0.03,4.37,routine
11496,2,2022-01-04,returned_order,0.02,2.4,routine
11497,3,2022-01-04,prep_waste,0.37,46.97,routine
11498,3,2022-01-04,unsold_cooked,0.2,24.27,routine
11499,3,2022-01-04,spoilage,0.06,9.15,routine
11500,3,2022-01-04,returned_order,0.02,2.9,routine
11501,1,2022-01-05,prep_waste,0.35,52.98,routine
11502,1,2022-01-05,unsold_cooked,0.18,20.68,routine
11503,1,2022-01-05,spoilage,0.07,9.77,routine
11504,1,2022-01-05,returned_order,0.02,2.81,routine
11505,2,2022-01-05,prep_waste,0.3,34.0,routine
11506,2,2022-01-05,unsold_cooked,0.17,22.13,routine
11507,2,2022-01-05,spoilage,0.07,10.54,routine
11508,2,2022-01-05,returned_order,0.02,3.06,routine
11509,3,2022-01-05,prep_waste,0.31,48.01,routine
11510,3,2022-01-05,unsold_cooked,0.21,31.44,routine
11511,3,2022-01-05,spoilage,0.05,6.48,routine
11512,3,2022-01-05,returned_order,0.02,2.46,routine
11513,1,2022-01-06,prep_waste,0.19,23.58,routine
11514,1,2022-01-06,unsold_cooked,0.15,18.51,routine
11515,1,2022-01-06,spoilage,0.07,8.02,routine
11516,1,2022-01-06,returned_order,0.88,135.7,routine
11517,2,2022-01-06,prep_waste,0.28,38.07,routine
11518,2,2022-01-06,unsold_cooked,0.18,21.27,routine
11519,2,2022-01-06,spoilage,0.05,6.91,routine
11520,2,2022-01-06,returned_order,0.02,2.8,routine
11521,3,2022-01-06,prep_waste,0.24,33.11,routine
11522,3,2022-01-06,unsold_cooked,0.22,31.36,routine
11523,3,2022-01-06,spoilage,0.06,6.72,routine
11524,3,2022-01-06,returned_order,0.02,2.13,routine
11525,1,2022-01-07,prep_waste,0.24,27.81,routine
11526,1,2022-01-07,unsold_cooked,0.13,19.9,routine
11527,1,2022-01-07,spoilage,0.04,5.57,routine
11528,1,2022-01-07,returned_order,0.02,2.49,routine
11529,2,2022-01-07,prep_waste,0.38,55.12,routine
11530,2,2022-01-07,unsold_cooked,0.22,28.21,routine
11531,2,2022-01-07,spoilage,0.05,6.91,routine
11532,2,2022-01-07,returned_order,0.02,2.53,routine
11533,3,2022-01-07,prep_waste,0.4,49.59,routine
11534,3,2022-01-07,unsold_cooked,0.12,17.3,routine
11535,3,2022-01-07,spoilage,0.07,7.19,routine
11536,3,2022-01-07,returned_order,0.02,2.47,routine
11537,1,2022-01-08,prep_waste,0.31,42.69,routine
11538,1,2022-01-08,unsold_cooked,0.12,13.69,routine
11539,1,2022-01-08,spoilage,0.07,7.96,routine
11540,1,2022-01-08,returned_order,0.02,2.67,routine
11541,2,2022-01-08,prep_waste,0.39,49.45,routine
11542,2,2022-01-08,unsold_cooked,0.19,21.45,routine
11543,2,2022-01-08,spoilage,0.05,6.62,routine
11544,2,2022-01-08,returned_order,0.02,2.18,routine
11545,3,2022-01-08,prep_waste,0.33,42.31,routine
11546,3,2022-01-08,unsold_cooked,0.21,30.74,routine
11547,3,2022-01-08,spoilage,0.04,4.76,routine
11548,3,2022-01-08,returned_order,0.02,2.13,routine
11549,1,2022-01-09,prep_waste,0.43,66.65,routine
11550,1,2022-01-09,unsold_cooked,0.22,30.06,routine
11551,1,2022-01-09,spoilage,0.05,7.01,routine
11552,1,2022-01-09,returned_order,0.69,82.29,routine
11553,2,2022-01-09,prep_waste,0.4,49.41,routine
11554,2,2022-01-09,unsold_cooked,0.12,13.54,routine
11555,2,2022-01-09,spoilage,0.05,7.33,routine
11556,2,2022-01-09,returned_order,0.58,64.55,routine
11557,3,2022-01-09,prep_waste,0.34,48.6,routine
11558,3,2022-01-09,unsold_cooked,0.16,24.52,routine
11559,3,2022-01-09,spoilage,0.07,9.38,routine
11560,3,2022-01-09,returned_order,0.02,2.52,routine
11561,1,2022-01-10,prep_waste,0.31,42.77,routine
11562,1,2022-01-10,unsold_cooked,0.12,12.18,routine
11563,1,2022-01-10,spoilage,0.04,4.96,routine
11564,1,2022-01-10,returned_order,0.02,2.76,routine
11565,2,2022-01-10,prep_waste,0.41,54.12,routine
11566,2,2022-01-10,unsold_cooked,0.23,26.29,routine
11567,2,2022-01-10,spoilage,0.06,7.93,routine
11568,2,2022-01-10,returned_order,0.02,2.62,routine
11569,3,2022-01-10,prep_waste,0.22,24.06,routine
11570,3,2022-01-10,unsold_cooked,0.11,16.22,routine
11571,3,2022-01-10,spoilage,0.06,9.09,routine
11572,3,2022-01-10,returned_order,0.02,2.44,routine
11573,1,2022-01-11,prep_waste,0.23,27.65,routine
11574,1,2022-01-11,unsold_cooked,0.15,16.81,routine
11575,1,2022-01-11,spoilage,0.05,6.35,routine
11576,1,2022-01-11,returned_order,0.02,2.78,routine
11577,2,2022-01-11,prep_waste,0.29,31.15,routine
11578,2,2022-01-11,unsold_cooked,0.13,16.06,routine
11579,2,2022-01-11,spoilage,0.06,6.97,routine
11580,2,2022-01-11,returned_order,0.02,2.35,routine
11581,3,2022-01-11,prep_waste,0.37,51.9,routine
11582,3,2022-01-11,unsold_cooked,0.16,18.67,routine
11583,3,2022-01-11,spoilage,0.04,5.84,routine
11584,3,2022-01-11,returned_order,0.02,2.82,routine
11585,1,2022-01-12,prep_waste,0.37,55.31,routine
11586,1,2022-01-12,unsold_cooked,0.2,20.82,routine
11587,1,2022-01-12,spoilage,0.06,7.87,routine
11588,1,2022-01-12,returned_order,0.74,113.0,routine
11589,2,2022-01-12,prep_waste,0.28,34.13,routine
11590,2,2022-01-12,unsold_cooked,0.16,18.24,routine
11591,2,2022-01-12,spoilage,0.06,6.63,routine
11592,2,2022-01-12,returned_order,0.02,2.34,routine
11593,3,2022-01-12,prep_waste,0.36,47.3,routine
11594,3,2022-01-12,unsold_cooked,0.11,15.87,routine
11595,3,2022-01-12,spoilage,0.07,7.42,routine
11596,3,2022-01-12,returned_order,0.86,122.35,routine
11597,1,2022-01-13,prep_waste,0.27,31.96,routine
11598,1,2022-01-13,unsold_cooked,0.17,25.76,routine
11599,1,2022-01-13,spoilage,0.05,5.31,routine
11600,1,2022-01-13,returned_order,0.54,75.28,routine
11601,2,2022-01-13,prep_waste,0.31,42.56,routine
11602,2,2022-01-13,unsold_cooked,0.13,18.3,routine
11603,2,2022-01-13,spoilage,0.05,7.01,routine
11604,2,2022-01-13,returned_order,0.02,2.89,routine
11605,3,2022-01-13,prep_waste,0.4,60.13,routine
11606,3,2022-01-13,unsold_cooked,0.13,17.86,routine
11607,3,2022-01-13,spoilage,0.05,7.49,routine
11608,3,2022-01-13,returned_order,0.7,93.49,routine
11609,1,2022-01-14,prep_waste,0.22,30.33,routine
11610,1,2022-01-14,unsold_cooked,0.17,26.49,routine
11611,1,2022-01-14,spoilage,0.05,6.73,routine
11612,1,2022-01-14,returned_order,0.02,2.97,routine
11613,2,2022-01-14,prep_waste,0.33,48.49,routine
11614,2,2022-01-14,unsold_cooked,0.15,18.73,routine
11615,2,2022-01-14,spoilage,0.05,6.15,routine
11616,2,2022-01-14,returned_order,0.02,3.08,routine
11617,3,2022-01-14,prep_waste,0.31,42.96,routine
11618,3,2022-01-14,unsold_cooked,0.23,33.99,routine
11619,3,2022-01-14,spoilage,0.05,7.7,routine
11620,3,2022-01-14,returned_order,0.02,2.93,routine
11621,1,2022-01-15,prep_waste,0.45,63.76,routine
11622,1,2022-01-15,unsold_cooked,0.23,24.33,routine
11623,1,2022-01-15,spoilage,0.04,4.61,routine
11624,1,2022-01-15,returned_order,0.73,111.98,routine
11625,2,2022-01-15,prep_waste,0.43,57.73,routine
11626,2,2022-01-15,unsold_cooked,0.18,20.3,routine
11627,2,2022-01-15,spoilage,0.04,5.03,routine
11628,2,2022-01-15,returned_order,0.02,2.67,routine
11629,3,2022-01-15,prep_waste,0.42,62.05,routine
11630,3,2022-01-15,unsold_cooked,0.2,26.12,routine
11631,3,2022-01-15,spoilage,0.07,11.01,routine
11632,3,2022-01-15,returned_order,0.02,2.52,routine
11633,1,2022-01-16,prep_waste,0.3,42.41,routine
11634,1,2022-01-16,unsold_cooked,0.23,32.69,routine
11635,1,2022-01-16,spoilage,0.05,5.5,routine
11636,1,2022-01-16,returned_order,0.76,95.09,routine
11637,2,2022-01-16,prep_waste,0.24,32.24,routine
11638,2,2022-01-16,unsold_cooked,0.13,16.47,routine
11639,2,2022-01-16,spoilage,0.05,6.41,routine
11640,2,2022-01-16,returned_order,1.62,199.68,routine
11641,3,2022-01-16,prep_waste,0.27,40.95,routine
11642,3,2022-01-16,unsold_cooked,0.16,21.75,routine
11643,3,2022-01-16,spoilage,0.06,9.98,routine
11644,3,2022-01-16,returned_order,0.71,88.74,routine
11645,1,2022-01-17,prep_waste,0.25,32.42,routine
11646,1,2022-01-17,unsold_cooked,0.15,17.15,routine
11647,1,2022-01-17,spoilage,0.08,10.52,routine
11648,1,2022-01-17,returned_order,0.02,2.69,routine
11649,2,2022-01-17,prep_waste,0.22,31.13,routine
11650,2,2022-01-17,unsold_cooked,0.14,17.01,routine
11651,2,2022-01-17,spoilage,0.08,11.92,routine
11652,2,2022-01-17,returned_order,0.02,3.09,routine
11653,3,2022-01-17,prep_waste,0.22,31.51,routine
11654,3,2022-01-17,unsold_cooked,0.22,32.1,routine
11655,3,2022-01-17,spoilage,0.08,11.56,routine
11656,3,2022-01-17,returned_order,0.02,2.92,routine
11657,1,2022-01-18,prep_waste,0.28,37.79,routine
11658,1,2022-01-18,unsold_cooked,0.14,19.86,routine
11659,1,2022-01-18,spoilage,0.04,4.84,routine
11660,1,2022-01-18,returned_order,0.02,2.65,routine
11661,2,2022-01-18,prep_waste,0.35,48.95,routine
11662,2,2022-01-18,unsold_cooked,0.23,28.43,routine
11663,2,2022-01-18,spoilage,0.06,7.73,routine
11664,2,2022-01-18,returned_order,0.02,2.64,routine
11665,3,2022-01-18,prep_waste,0.22,26.99,routine
11666,3,2022-01-18,unsold_cooked,0.14,18.26,routine
11667,3,2022-01-18,spoilage,0.06,6.38,routine
11668,3,2022-01-18,returned_order,0.02,2.11,routine
11669,1,2022-01-19,prep_waste,0.24,25.05,routine
11670,1,2022-01-19,unsold_cooked,0.17,24.85,routine
11671,1,2022-01-19,spoilage,0.05,7.98,routine
11672,1,2022-01-19,returned_order,0.02,2.24,routine
11673,2,2022-01-19,prep_waste,0.21,31.34,routine
11674,2,2022-01-19,unsold_cooked,0.11,12.1,routine
11675,2,2022-01-19,spoilage,0.07,8.1,routine
11676,2,2022-01-19,returned_order,0.02,2.51,routine
11677,3,2022-01-19,prep_waste,0.38,57.68,routine
11678,3,2022-01-19,unsold_cooked,0.24,28.45,routine
11679,3,2022-01-19,spoilage,0.04,4.26,routine
11680,3,2022-01-19,returned_order,0.02,3.08,routine
11681,1,2022-01-20,prep_waste,0.37,50.03,routine
11682,1,2022-01-20,unsold_cooked,0.18,26.63,routine
11683,1,2022-01-20,spoilage,0.03,4.29,routine
11684,1,2022-01-20,returned_order,0.02,2.49,routine
11685,2,2022-01-20,prep_waste,0.38,42.06,routine
11686,2,2022-01-20,unsold_cooked,0.17,26.48,routine
11687,2,2022-01-20,spoilage,0.05,5.78,routine
11688,2,2022-01-20,returned_order,0.02,2.96,routine
11689,3,2022-01-20,prep_waste,0.32,48.24,routine
11690,3,2022-01-20,unsold_cooked,0.21,31.99,routine
11691,3,2022-01-20,spoilage,0.04,5.2,routine
11692,3,2022-01-20,returned_order,0.02,2.33,routine
11693,1,2022-01-21,prep_waste,0.22,25.24,routine
11694,1,2022-01-21,unsold_cooked,0.22,27.21,routine
11695,1,2022-01-21,spoilage,0.05,7.54,routine
11696,1,2022-01-21,returned_order,0.62,71.02,routine
11697,2,2022-01-21,prep_waste,0.18,19.69,routine
11698,2,2022-01-21,unsold_cooked,0.23,24.17,routine
11699,2,2022-01-21,spoilage,0.06,9.3,routine
11700,2,2022-01-21,returned_order,0.02,2.17,routine
11701,3,2022-01-21,prep_waste,0.44,47.16,routine
11702,3,2022-01-21,unsold_cooked,0.18,24.66,routine
11703,3,2022-01-21,spoilage,0.07,9.54,routine
11704,3,2022-01-21,returned_order,0.02,2.32,routine
11705,1,2022-01-22,prep_waste,0.28,40.56,routine
11706,1,2022-01-22,unsold_cooked,0.18,24.03,routine
11707,1,2022-01-22,spoilage,0.07,10.97,routine
11708,1,2022-01-22,returned_order,0.02,2.96,routine
11709,2,2022-01-22,prep_waste,0.36,40.37,routine
11710,2,2022-01-22,unsold_cooked,0.17,25.65,routine
11711,2,2022-01-22,spoilage,0.07,10.65,routine
11712,2,2022-01-22,returned_order,0.02,2.24,routine
11713,3,2022-01-22,prep_waste,0.21,22.07,routine
11714,3,2022-01-22,unsold_cooked,0.1,14.4,routine
11715,3,2022-01-22,spoilage,0.04,4.3,routine
11716,3,2022-01-22,returned_order,0.02,2.89,routine
11717,1,2022-01-23,prep_waste,0.22,24.27,routine
11718,1,2022-01-23,unsold_cooked,0.27,29.84,routine
11719,1,2022-01-23,spoilage,0.04,4.91,routine
11720,1,2022-01-23,returned_order,0.02,2.95,routine
11721,2,2022-01-23,prep_waste,0.44,48.4,routine
11722,2,2022-01-23,unsold_cooked,0.22,28.56,routine
11723,2,2022-01-23,spoilage,0.07,7.88,routine
11724,2,2022-01-23,returned_order,0.02,2.6,routine
11725,3,2022-01-23,prep_waste,0.26,28.05,routine
11726,3,2022-01-23,unsold_cooked,0.12,13.27,routine
11727,3,2022-01-23,spoilage,0.07,9.09,routine
11728,3,2022-01-23,returned_order,0.56,59.52,routine
11729,1,2022-01-24,prep_waste,0.41,55.33,routine
11730,1,2022-01-24,unsold_cooked,0.21,26.31,routine
11731,1,2022-01-24,spoilage,0.06,7.79,routine
11732,1,2022-01-24,returned_order,0.86,105.28,routine
11733,2,2022-01-24,prep_waste,0.34,48.44,routine
11734,2,2022-01-24,unsold_cooked,0.18,25.84,routine
11735,2,2022-01-24,spoilage,0.07,10.84,routine
11736,2,2022-01-24,returned_order,0.02,2.35,routine
11737,3,2022-01-24,prep_waste,0.23,31.63,routine
11738,3,2022-01-24,unsold_cooked,0.2,28.1,routine
11739,3,2022-01-24,spoilage,0.04,5.5,routine
11740,3,2022-01-24,returned_order,0.02,2.34,routine
11741,1,2022-01-25,prep_waste,0.34,45.03,routine
11742,1,2022-01-25,unsold_cooked,0.13,17.54,routine
11743,1,2022-01-25,spoilage,0.06,9.31,routine
11744,1,2022-01-25,returned_order,0.02,3.01,routine
11745,2,2022-01-25,prep_waste,0.44,47.02,routine
11746,2,2022-01-25,unsold_cooked,0.12,16.77,routine
11747,2,2022-01-25,spoilage,0.08,10.04,routine
11748,2,2022-01-25,returned_order,0.02,2.4,routine
11749,3,2022-01-25,prep_waste,0.24,29.24,routine
11750,3,2022-01-25,unsold_cooked,0.1,10.68,routine
11751,3,2022-01-25,spoilage,0.06,8.87,routine
11752,3,2022-01-25,returned_order,0.02,3.01,routine
11753,1,2022-01-26,prep_waste,0.19,26.09,routine
11754,1,2022-01-26,unsold_cooked,0.21,32.18,routine
11755,1,2022-01-26,spoilage,0.04,5.9,routine
11756,1,2022-01-26,returned_order,0.02,2.21,routine
11757,2,2022-01-26,prep_waste,0.42,63.61,routine
11758,2,2022-01-26,unsold_cooked,0.13,14.23,routine
11759,2,2022-01-26,spoilage,0.06,8.6,routine
11760,2,2022-01-26,returned_order,0.02,2.21,routine
11761,3,2022-01-26,prep_waste,0.21,27.79,routine
11762,3,2022-01-26,unsold_cooked,0.11,14.3,routine
11763,3,2022-01-26,spoilage,0.07,10.14,routine
11764,3,2022-01-26,returned_order,0.02,2.48,routine
11765,1,2022-01-27,prep_waste,0.3,34.64,routine
11766,1,2022-01-27,unsold_cooked,0.2,26.72,routine
11767,1,2022-01-27,spoilage,0.04,6.19,routine
11768,1,2022-01-27,returned_order,0.02,2.45,routine
11769,2,2022-01-27,prep_waste,0.26,37.35,routine
11770,2,2022-01-27,unsold_cooked,0.16,18.52,routine
11771,2,2022-01-27,spoilage,0.05,5.2,routine
11772,2,2022-01-27,returned_order,0.02,2.4,routine
11773,3,2022-01-27,prep_waste,0.37,41.44,routine
11774,3,2022-01-27,unsold_cooked,0.18,25.11,routine
11775,3,2022-01-27,spoilage,0.04,4.28,routine
11776,3,2022-01-27,returned_order,0.02,2.78,routine
11777,1,2022-01-28,prep_waste,0.37,56.79,routine
11778,1,2022-01-28,unsold_cooked,0.17,20.41,routine
11779,1,2022-01-28,spoilage,0.05,7.33,routine
11780,1,2022-01-28,returned_order,0.02,2.5,routine
11781,2,2022-01-28,prep_waste,0.24,34.68,routine
11782,2,2022-01-28,unsold_cooked,0.15,15.95,routine
11783,2,2022-01-28,spoilage,0.07,9.8,routine
11784,2,2022-01-28,returned_order,0.02,3.05,routine
11785,3,2022-01-28,prep_waste,0.33,43.77,routine
11786,3,2022-01-28,unsold_cooked,0.23,33.55,routine
11787,3,2022-01-28,spoilage,0.05,6.93,routine
11788,3,2022-01-28,returned_order,0.88,115.84,routine
11789,1,2022-01-29,prep_waste,0.36,43.73,routine
11790,1,2022-01-29,unsold_cooked,0.13,16.85,routine
11791,1,2022-01-29,spoilage,0.05,7.88,routine
11792,1,2022-01-29,returned_order,0.51,70.16,routine
11793,2,2022-01-29,prep_waste,0.36,50.83,routine
11794,2,2022-01-29,unsold_cooked,0.22,26.77,routine
11795,2,2022-01-29,spoilage,0.06,6.78,routine
11796,2,2022-01-29,returned_order,0.02,2.33,routine
11797,3,2022-01-29,prep_waste,0.22,32.15,routine
11798,3,2022-01-29,unsold_cooked,0.17,23.68,routine
11799,3,2022-01-29,spoilage,0.04,6.12,routine
11800,3,2022-01-29,returned_order,0.02,2.54,routine
11801,1,2022-01-30,prep_waste,0.35,53.69,routine
11802,1,2022-01-30,unsold_cooked,0.23,29.25,routine
11803,1,2022-01-30,spoilage,0.04,4.79,routine
11804,1,2022-01-30,returned_order,1.5,211.87,routine
11805,2,2022-01-30,prep_waste,0.24,28.68,routine
11806,2,2022-01-30,unsold_cooked,0.26,38.87,routine
11807,2,2022-01-30,spoilage,0.05,7.0,routine
11808,2,2022-01-30,returned_order,0.72,105.95,routine
11809,3,2022-01-30,prep_waste,0.2,31.47,routine
11810,3,2022-01-30,unsold_cooked,0.14,16.01,routine
11811,3,2022-01-30,spoilage,0.06,8.67,routine
11812,3,2022-01-30,returned_order,0.02,2.12,routine
11813,1,2022-01-31,prep_waste,0.23,24.05,routine
11814,1,2022-01-31,unsold_cooked,0.1,12.78,routine
11815,1,2022-01-31,spoilage,0.05,7.92,routine
11816,1,2022-01-31,returned_order,0.72,90.73,routine
11817,2,2022-01-31,prep_waste,0.4,43.15,routine
11818,2,2022-01-31,unsold_cooked,0.12,15.89,routine
11819,2,2022-01-31,spoilage,0.03,4.62,routine
11820,2,2022-01-31,returned_order,0.02,2.36,routine
11821,3,2022-01-31,prep_waste,0.4,55.04,routine
11822,3,2022-01-31,unsold_cooked,0.14,17.27,routine
11823,3,2022-01-31,spoilage,0.04,6.49,routine
11824,3,2022-01-31,returned_order,0.02,2.72,routine
11825,1,2022-02-01,prep_waste,0.19,21.5,routine
11826,1,2022-02-01,unsold_cooked,0.1,14.88,routine
11827,1,2022-02-01,spoilage,0.08,11.47,routine
11828,1,2022-02-01,returned_order,0.02,2.28,routine
11829,2,2022-02-01,prep_waste,0.19,23.52,routine
11830,2,2022-02-01,unsold_cooked,0.21,25.63,routine
11831,2,2022-02-01,spoilage,0.07,9.49,routine
11832,2,2022-02-01,returned_order,0.02,2.6,routine
11833,3,2022-02-01,prep_waste,0.25,33.27,routine
11834,3,2022-02-01,unsold_cooked,0.23,28.06,routine
11835,3,2022-02-01,spoilage,0.08,11.34,routine
11836,3,2022-02-01,returned_order,0.02,2.73,routine
11837,1,2022-02-02,prep_waste,0.2,26.83,routine
11838,1,2022-02-02,unsold_cooked,0.19,21.9,routine
11839,1,2022-02-02,spoilage,0.06,7.33,routine
11840,1,2022-02-02,returned_order,0.56,65.87,routine
11841,2,2022-02-02,prep_waste,0.29,42.3,routine
11842,2,2022-02-02,unsold_cooked,0.14,19.49,routine
11843,2,2022-02-02,spoilage,0.03,4.71,routine
11844,2,2022-02-02,returned_order,0.02,2.94,routine
11845,3,2022-02-02,prep_waste,0.41,56.89,routine
11846,3,2022-02-02,unsold_cooked,0.13,17.25,routine
11847,3,2022-02-02,spoilage,0.07,9.82,routine
11848,3,2022-02-02,returned_order,0.02,2.63,routine
11849,1,2022-02-03,prep_waste,0.22,33.46,routine
11850,1,2022-02-03,unsold_cooked,0.16,21.34,routine
11851,1,2022-02-03,spoilage,0.06,8.69,routine
11852,1,2022-02-03,returned_order,0.02,2.37,routine
11853,2,2022-02-03,prep_waste,0.42,59.3,routine
11854,2,2022-02-03,unsold_cooked,0.17,18.07,routine
11855,2,2022-02-03,spoilage,0.06,8.17,routine
11856,2,2022-02-03,returned_order,0.02,2.21,routine
11857,3,2022-02-03,prep_waste,0.25,29.97,routine
11858,3,2022-02-03,unsold_cooked,0.22,29.7,routine
11859,3,2022-02-03,spoilage,0.07,10.12,routine
11860,3,2022-02-03,returned_order,0.02,2.34,routine
11861,1,2022-02-04,prep_waste,0.26,31.35,routine
11862,1,2022-02-04,unsold_cooked,0.18,19.73,routine
11863,1,2022-02-04,spoilage,0.05,5.85,routine
11864,1,2022-02-04,returned_order,0.02,3.03,routine
11865,2,2022-02-04,prep_waste,0.39,47.66,routine
11866,2,2022-02-04,unsold_cooked,0.22,28.78,routine
11867,2,2022-02-04,spoilage,0.06,7.22,routine
11868,2,2022-02-04,returned_order,0.02,3.03,routine
11869,3,2022-02-04,prep_waste,0.36,54.64,routine
11870,3,2022-02-04,unsold_cooked,0.19,27.0,routine
11871,3,2022-02-04,spoilage,0.07,7.94,routine
11872,3,2022-02-04,returned_order,0.9,111.21,routine
11873,1,2022-02-05,prep_waste,0.37,54.4,routine
11874,1,2022-02-05,unsold_cooked,0.22,24.79,routine
11875,1,2022-02-05,spoilage,0.06,7.21,routine
11876,1,2022-02-05,returned_order,0.65,91.21,routine
11877,2,2022-02-05,prep_waste,0.25,32.75,routine
11878,2,2022-02-05,unsold_cooked,0.12,14.55,routine
11879,2,2022-02-05,spoilage,0.05,8.11,routine
11880,2,2022-02-05,returned_order,0.02,2.33,routine
11881,3,2022-02-05,prep_waste,0.44,65.45,routine
11882,3,2022-02-05,unsold_cooked,0.21,31.69,routine
11883,3,2022-02-05,spoilage,0.05,8.13,routine
11884,3,2022-02-05,returned_order,0.02,2.72,routine
11885,1,2022-02-06,prep_waste,0.36,49.85,routine
11886,1,2022-02-06,unsold_cooked,0.18,20.56,routine
11887,1,2022-02-06,spoilage,0.04,5.19,routine
11888,1,2022-02-06,returned_order,0.02,2.2,routine
11889,2,2022-02-06,prep_waste,0.2,23.67,routine
11890,2,2022-02-06,unsold_cooked,0.23,26.73,routine
11891,2,2022-02-06,spoilage,0.05,7.56,routine
11892,2,2022-02-06,returned_order,0.69,104.96,routine
11893,3,2022-02-06,prep_waste,0.36,44.76,routine
11894,3,2022-02-06,unsold_cooked,0.15,15.99,routine
11895,3,2022-02-06,spoilage,0.06,8.54,routine
11896,3,2022-02-06,returned_order,0.02,2.53,routine
11897,1,2022-02-07,prep_waste,0.33,46.71,routine
11898,1,2022-02-07,unsold_cooked,0.2,22.53,routine
11899,1,2022-02-07,spoilage,0.08,8.48,routine
11900,1,2022-02-07,returned_order,0.6,74.39,routine
11901,2,2022-02-07,prep_waste,0.27,40.97,routine
11902,2,2022-02-07,unsold_cooked,0.23,30.38,routine
11903,2,2022-02-07,spoilage,0.04,4.48,routine
11904,2,2022-02-07,returned_order,1.33,164.7,routine
11905,3,2022-02-07,prep_waste,0.36,41.06,routine
11906,3,2022-02-07,unsold_cooked,0.15,22.28,routine
11907,3,2022-02-07,spoilage,0.04,4.36,routine
11908,3,2022-02-07,returned_order,0.02,2.61,routine
11909,1,2022-02-08,prep_waste,0.34,36.63,routine
11910,1,2022-02-08,unsold_cooked,0.12,12.34,routine
11911,1,2022-02-08,spoilage,0.07,7.65,routine
11912,1,2022-02-08,returned_order,0.02,2.82,routine
11913,2,2022-02-08,prep_waste,0.44,51.66,routine
11914,2,2022-02-08,unsold_cooked,0.16,18.25,routine
11915,2,2022-02-08,spoilage,0.03,4.16,routine
11916,2,2022-02-08,returned_order,0.02,2.96,routine
11917,3,2022-02-08,prep_waste,0.2,30.11,routine
11918,3,2022-02-08,unsold_cooked,0.14,16.53,routine
11919,3,2022-02-08,spoilage,0.04,4.21,routine
11920,3,2022-02-08,returned_order,0.02,3.04,routine
11921,1,2022-02-09,prep_waste,0.32,37.32,routine
11922,1,2022-02-09,unsold_cooked,0.26,34.38,routine
11923,1,2022-02-09,spoilage,0.04,6.0,routine
11924,1,2022-02-09,returned_order,0.73,92.63,routine
11925,2,2022-02-09,prep_waste,0.18,25.02,routine
11926,2,2022-02-09,unsold_cooked,0.17,19.91,routine
11927,2,2022-02-09,spoilage,0.04,5.31,routine
11928,2,2022-02-09,returned_order,0.02,2.2,routine
11929,3,2022-02-09,prep_waste,0.27,37.13,routine
11930,3,2022-02-09,unsold_cooked,0.21,29.95,routine
11931,3,2022-02-09,spoilage,0.07,8.93,routine
11932,3,2022-02-09,returned_order,0.02,2.13,routine
11933,1,2022-02-10,prep_waste,0.31,45.92,routine
11934,1,2022-02-10,unsold_cooked,0.1,14.36,routine
11935,1,2022-02-10,spoilage,0.06,9.29,routine
11936,1,2022-02-10,returned_order,1.03,154.22,routine
11937,2,2022-02-10,prep_waste,0.36,54.65,routine
11938,2,2022-02-10,unsold_cooked,0.24,34.8,routine
11939,2,2022-02-10,spoilage,0.05,6.2,routine
11940,2,2022-02-10,returned_order,0.02,2.63,routine
11941,3,2022-02-10,prep_waste,0.42,61.81,routine
11942,3,2022-02-10,unsold_cooked,0.12,12.79,routine
11943,3,2022-02-10,spoilage,0.05,6.77,routine
11944,3,2022-02-10,returned_order,0.51,56.2,routine
11945,1,2022-02-11,prep_waste,0.18,19.51,routine
11946,1,2022-02-11,unsold_cooked,0.19,22.28,routine
11947,1,2022-02-11,spoilage,0.06,7.09,routine
11948,1,2022-02-11,returned_order,0.83,120.53,routine
11949,2,2022-02-11,prep_waste,0.26,39.58,routine
11950,2,2022-02-11,unsold_cooked,0.16,21.04,routine
11951,2,2022-02-11,spoilage,0.05,5.25,routine
11952,2,2022-02-11,returned_order,0.02,2.16,routine
11953,3,2022-02-11,prep_waste,0.2,29.2,routine
11954,3,2022-02-11,unsold_cooked,0.11,12.94,routine
11955,3,2022-02-11,spoilage,0.07,7.98,routine
11956,3,2022-02-11,returned_order,0.02,2.11,routine
11957,1,2022-02-12,prep_waste,0.39,51.68,routine
11958,1,2022-02-12,unsold_cooked,0.17,23.09,routine
11959,1,2022-02-12,spoilage,0.08,11.1,routine
11960,1,2022-02-12,returned_order,0.02,2.98,routine
11961,2,2022-02-12,prep_waste,0.33,48.83,routine
11962,2,2022-02-12,unsold_cooked,0.13,19.32,routine
11963,2,2022-02-12,spoilage,0.08,9.83,routine
11964,2,2022-02-12,returned_order,1.51,190.74,routine
11965,3,2022-02-12,prep_waste,0.3,36.12,routine
11966,3,2022-02-12,unsold_cooked,0.12,16.71,routine
11967,3,2022-02-12,spoilage,0.07,9.72,routine
11968,3,2022-02-12,returned_order,0.02,2.83,routine
11969,1,2022-02-13,prep_waste,0.3,40.9,routine
11970,1,2022-02-13,unsold_cooked,0.23,25.95,routine
11971,1,2022-02-13,spoilage,0.05,6.77,routine
11972,1,2022-02-13,returned_order,0.02,2.94,routine
11973,2,2022-02-13,prep_waste,0.25,27.9,routine
11974,2,2022-02-13,unsold_cooked,0.18,20.61,routine
11975,2,2022-02-13,spoilage,0.06,7.62,routine
11976,2,2022-02-13,returned_order,0.02,2.19,routine
11977,3,2022-02-13,prep_waste,0.22,27.91,routine
11978,3,2022-02-13,unsold_cooked,0.12,17.57,routine
11979,3,2022-02-13,spoilage,0.07,6.98,routine
11980,3,2022-02-13,returned_order,0.02,2.82,routine
11981,1,2022-02-14,prep_waste,0.34,46.04,routine
11982,1,2022-02-14,unsold_cooked,0.25,26.25,routine
11983,1,2022-02-14,spoilage,0.06,6.88,routine
11984,1,2022-02-14,returned_order,0.8,122.31,routine
11985,2,2022-02-14,prep_waste,0.41,51.13,routine
11986,2,2022-02-14,unsold_cooked,0.1,10.87,routine
11987,2,2022-02-14,spoilage,0.05,5.86,routine
11988,2,2022-02-14,returned_order,0.02,2.94,routine
11989,3,2022-02-14,prep_waste,0.39,59.62,routine
11990,3,2022-02-14,unsold_cooked,0.23,34.53,routine
11991,3,2022-02-14,spoilage,0.06,7.15,routine
11992,3,2022-02-14,returned_order,0.02,2.53,routine
11993,1,2022-02-15,prep_waste,0.37,47.74,routine
11994,1,2022-02-15,unsold_cooked,0.18,24.45,routine
11995,1,2022-02-15,spoilage,0.05,7.28,routine
11996,1,2022-02-15,returned_order,0.02,2.48,routine
11997,2,2022-02-15,prep_waste,0.35,51.97,routine
11998,2,2022-02-15,unsold_cooked,0.13,16.36,routine
11999,2,2022-02-15,spoilage,0.05,4.99,routine
12000,2,2022-02-15,returned_order,0.02,2.68,routine
12001,3,2022-02-15,prep_waste,0.43,59.13,routine
12002,3,2022-02-15,unsold_cooked,0.23,33.76,routine
12003,3,2022-02-15,spoilage,0.08,11.32,routine
12004,3,2022-02-15,returned_order,0.57,72.72,routine
12005,1,2022-02-16,prep_waste,0.29,34.75,routine
12006,1,2022-02-16,unsold_cooked,0.19,26.04,routine
12007,1,2022-02-16,spoilage,0.03,4.69,routine
12008,1,2022-02-16,returned_order,0.02,2.9,routine
12009,2,2022-02-16,prep_waste,0.3,34.29,routine
12010,2,2022-02-16,unsold_cooked,0.23,30.83,routine
12011,2,2022-02-16,spoilage,0.05,6.63,routine
12012,2,2022-02-16,returned_order,0.62,86.12,routine
12013,3,2022-02-16,prep_waste,0.39,44.23,routine
12014,3,2022-02-16,unsold_cooked,0.19,23.97,routine
12015,3,2022-02-16,spoilage,0.05,7.52,routine
12016,3,2022-02-16,returned_order,0.02,2.61,routine
12017,1,2022-02-17,prep_waste,0.27,28.33,routine
12018,1,2022-02-17,unsold_cooked,0.19,28.13,routine
12019,1,2022-02-17,spoilage,0.05,5.79,routine
12020,1,2022-02-17,returned_order,0.6,89.5,routine
12021,2,2022-02-17,prep_waste,0.44,65.61,routine
12022,2,2022-02-17,unsold_cooked,0.22,24.06,routine
12023,2,2022-02-17,spoilage,0.05,6.5,routine
12024,2,2022-02-17,returned_order,0.02,2.82,routine
12025,3,2022-02-17,prep_waste,0.37,43.23,routine
12026,3,2022-02-17,unsold_cooked,0.2,26.68,routine
12027,3,2022-02-17,spoilage,0.05,5.47,routine
12028,3,2022-02-17,returned_order,0.02,2.99,routine
12029,1,2022-02-18,prep_waste,0.41,52.34,routine
12030,1,2022-02-18,unsold_cooked,0.19,24.65,routine
12031,1,2022-02-18,spoilage,0.07,8.49,routine
12032,1,2022-02-18,returned_order,0.02,2.55,routine
12033,2,2022-02-18,prep_waste,0.4,55.07,routine
12034,2,2022-02-18,unsold_cooked,0.22,29.86,routine
12035,2,2022-02-18,spoilage,0.05,6.01,routine
12036,2,2022-02-18,returned_order,0.02,2.17,routine
12037,3,2022-02-18,prep_waste,0.24,28.96,routine
12038,3,2022-02-18,unsold_cooked,0.24,32.86,routine
12039,3,2022-02-18,spoilage,0.05,5.81,routine
12040,3,2022-02-18,returned_order,1.74,211.43,routine
12041,1,2022-02-19,prep_waste,0.2,29.84,routine
12042,1,2022-02-19,unsold_cooked,0.18,26.03,routine
12043,1,2022-02-19,spoilage,0.07,8.07,routine
12044,1,2022-02-19,returned_order,0.02,2.34,routine
12045,2,2022-02-19,prep_waste,0.27,29.21,routine
12046,2,2022-02-19,unsold_cooked,0.18,27.67,routine
12047,2,2022-02-19,spoilage,0.08,10.58,routine
12048,2,2022-02-19,returned_order,0.66,95.62,routine
12049,3,2022-02-19,prep_waste,0.37,55.56,routine
12050,3,2022-02-19,unsold_cooked,0.12,18.5,routine
12051,3,2022-02-19,spoilage,0.07,10.0,routine
12052,3,2022-02-19,returned_order,0.02,2.6,routine
12053,1,2022-02-20,prep_waste,0.31,34.75,routine
12054,1,2022-02-20,unsold_cooked,0.1,14.91,routine
12055,1,2022-02-20,spoilage,0.06,8.69,routine
12056,1,2022-02-20,returned_order,0.02,2.92,routine
12057,2,2022-02-20,prep_waste,0.25,36.61,routine
12058,2,2022-02-20,unsold_cooked,0.3,45.81,routine
12059,2,2022-02-20,spoilage,0.07,9.34,routine
12060,2,2022-02-20,returned_order,0.02,2.91,routine
12061,3,2022-02-20,prep_waste,0.44,63.94,routine
12062,3,2022-02-20,unsold_cooked,0.2,23.99,routine
12063,3,2022-02-20,spoilage,0.05,5.97,routine
12064,3,2022-02-20,returned_order,0.02,3.06,routine
12065,1,2022-02-21,prep_waste,0.21,30.88,routine
12066,1,2022-02-21,unsold_cooked,0.21,23.87,routine
12067,1,2022-02-21,spoilage,0.04,5.97,routine
12068,1,2022-02-21,returned_order,0.02,2.47,routine
12069,2,2022-02-21,prep_waste,0.31,47.5,routine
12070,2,2022-02-21,unsold_cooked,0.23,31.21,routine
12071,2,2022-02-21,spoilage,0.08,9.37,routine
12072,2,2022-02-21,returned_order,0.02,2.93,routine
12073,3,2022-02-21,prep_waste,0.35,48.91,routine
12074,3,2022-02-21,unsold_cooked,0.13,16.92,routine
12075,3,2022-02-21,spoilage,0.04,6.85,routine
12076,3,2022-02-21,returned_order,0.02,2.13,routine
12077,1,2022-02-22,prep_waste,0.3,34.85,routine
12078,1,2022-02-22,unsold_cooked,0.11,12.49,routine
12079,1,2022-02-22,spoilage,0.06,7.2,routine
12080,1,2022-02-22,returned_order,0.02,2.65,routine
12081,2,2022-02-22,prep_waste,0.44,63.93,routine
12082,2,2022-02-22,unsold_cooked,0.22,28.84,routine
12083,2,2022-02-22,spoilage,0.06,8.0,routine
12084,2,2022-02-22,returned_order,0.02,2.54,routine
12085,3,2022-02-22,prep_waste,0.34,49.04,routine
12086,3,2022-02-22,unsold_cooked,0.16,19.86,routine
12087,3,2022-02-22,spoilage,0.07,10.06,routine
12088,3,2022-02-22,returned_order,0.02,2.5,routine
12089,1,2022-02-23,prep_waste,0.23,26.65,routine
12090,1,2022-02-23,unsold_cooked,0.18,21.72,routine
12091,1,2022-02-23,spoilage,0.07,7.94,routine
12092,1,2022-02-23,returned_order,0.02,2.47,routine
12093,2,2022-02-23,prep_waste,0.33,41.02,routine
12094,2,2022-02-23,unsold_cooked,0.1,12.49,routine
12095,2,2022-02-23,spoilage,0.08,8.83,routine
12096,2,2022-02-23,returned_order,0.02,2.68,routine
12097,3,2022-02-23,prep_waste,0.18,26.54,routine
12098,3,2022-02-23,unsold_cooked,0.19,27.9,routine
12099,3,2022-02-23,spoilage,0.06,8.81,routine
12100,3,2022-02-23,returned_order,0.02,2.18,routine
12101,1,2022-02-24,prep_waste,0.44,64.46,routine
12102,1,2022-02-24,unsold_cooked,0.2,29.01,routine
12103,1,2022-02-24,spoilage,0.04,5.75,routine
12104,1,2022-02-24,returned_order,0.02,2.83,routine
12105,2,2022-02-24,prep_waste,0.42,51.82,routine
12106,2,2022-02-24,unsold_cooked,0.12,16.2,routine
12107,2,2022-02-24,spoilage,0.06,8.59,routine
12108,2,2022-02-24,returned_order,0.02,2.61,routine
12109,3,2022-02-24,prep_waste,0.32,36.08,routine
12110,3,2022-02-24,unsold_cooked,0.12,17.69,routine
12111,3,2022-02-24,spoilage,0.07,9.78,routine
12112,3,2022-02-24,returned_order,0.02,3.03,routine
12113,1,2022-02-25,prep_waste,0.31,47.73,routine
12114,1,2022-02-25,unsold_cooked,0.18,22.12,routine
12115,1,2022-02-25,spoilage,0.06,8.11,routine
12116,1,2022-02-25,returned_order,0.02,3.01,routine
12117,2,2022-02-25,prep_waste,0.2,26.06,routine
12118,2,2022-02-25,unsold_cooked,0.21,27.41,routine
12119,2,2022-02-25,spoilage,0.07,10.04,routine
12120,2,2022-02-25,returned_order,0.02,2.68,routine
12121,3,2022-02-25,prep_waste,0.33,48.99,routine
12122,3,2022-02-25,unsold_cooked,0.12,15.72,routine
12123,3,2022-02-25,spoilage,0.05,6.86,routine
12124,3,2022-02-25,returned_order,0.02,2.12,routine
12125,1,2022-02-26,prep_waste,0.29,39.79,routine
12126,1,2022-02-26,unsold_cooked,0.21,28.19,routine
12127,1,2022-02-26,spoilage,0.07,10.21,routine
12128,1,2022-02-26,returned_order,0.02,2.88,routine
12129,2,2022-02-26,prep_waste,0.39,48.1,routine
12130,2,2022-02-26,unsold_cooked,0.21,24.59,routine
12131,2,2022-02-26,spoilage,0.06,6.9,routine
12132,2,2022-02-26,returned_order,0.63,93.1,routine
12133,3,2022-02-26,prep_waste,0.32,41.23,routine
12134,3,2022-02-26,unsold_cooked,0.14,19.99,routine
12135,3,2022-02-26,spoilage,0.04,5.85,routine
12136,3,2022-02-26,returned_order,0.52,60.97,routine
12137,1,2022-02-27,prep_waste,0.26,37.31,routine
12138,1,2022-02-27,unsold_cooked,0.22,25.72,routine
12139,1,2022-02-27,spoilage,0.04,4.8,routine
12140,1,2022-02-27,returned_order,0.69,72.91,routine
12141,2,2022-02-27,prep_waste,0.35,38.31,routine
12142,2,2022-02-27,unsold_cooked,0.17,23.79,routine
12143,2,2022-02-27,spoilage,0.06,7.24,routine
12144,2,2022-02-27,returned_order,0.02,3.07,routine
12145,3,2022-02-27,prep_waste,0.36,40.19,routine
12146,3,2022-02-27,unsold_cooked,0.11,13.3,routine
12147,3,2022-02-27,spoilage,0.07,9.38,routine
12148,3,2022-02-27,returned_order,0.02,2.6,routine
12149,1,2022-02-28,prep_waste,0.34,38.69,routine
12150,1,2022-02-28,unsold_cooked,0.11,11.61,routine
12151,1,2022-02-28,spoilage,0.06,8.65,routine
12152,1,2022-02-28,returned_order,0.59,63.29,routine
12153,2,2022-02-28,prep_waste,0.4,57.06,routine
12154,2,2022-02-28,unsold_cooked,0.15,22.95,routine
12155,2,2022-02-28,spoilage,0.04,5.08,routine
12156,2,2022-02-28,returned_order,0.02,2.32,routine
12157,3,2022-02-28,prep_waste,0.19,25.32,routine
12158,3,2022-02-28,unsold_cooked,0.11,11.15,routine
12159,3,2022-02-28,spoilage,0.06,6.47,routine
12160,3,2022-02-28,returned_order,0.02,2.49,routine
12161,1,2022-03-01,prep_waste,0.22,24.17,routine
12162,1,2022-03-01,unsold_cooked,0.22,31.99,routine
12163,1,2022-03-01,spoilage,0.04,6.84,routine
12164,1,2022-03-01,returned_order,0.02,2.67,routine
12165,2,2022-03-01,prep_waste,0.42,49.03,routine
12166,2,2022-03-01,unsold_cooked,0.15,20.49,routine
12167,2,2022-03-01,spoilage,0.06,8.45,routine
12168,2,2022-03-01,returned_order,0.02,2.52,routine
12169,3,2022-03-01,prep_waste,0.22,32.25,routine
12170,3,2022-03-01,unsold_cooked,0.1,12.34,routine
12171,3,2022-03-01,spoilage,0.05,5.19,routine
12172,3,2022-03-01,returned_order,0.02,2.34,routine
12173,1,2022-03-02,prep_waste,0.31,38.1,routine
12174,1,2022-03-02,unsold_cooked,0.19,26.26,routine
12175,1,2022-03-02,spoilage,0.05,7.58,routine
12176,1,2022-03-02,returned_order,0.02,2.31,routine
12177,2,2022-03-02,prep_waste,0.22,31.03,routine
12178,2,2022-03-02,unsold_cooked,0.16,19.32,routine
12179,2,2022-03-02,spoilage,0.04,4.29,routine
12180,2,2022-03-02,returned_order,0.02,2.65,routine
12181,3,2022-03-02,prep_waste,0.38,42.84,routine
12182,3,2022-03-02,unsold_cooked,0.11,11.89,routine
12183,3,2022-03-02,spoilage,0.03,3.95,routine
12184,3,2022-03-02,returned_order,0.02,3.03,routine
12185,1,2022-03-03,prep_waste,0.27,30.41,routine
12186,1,2022-03-03,unsold_cooked,0.15,17.01,routine
12187,1,2022-03-03,spoilage,0.08,12.01,routine
12188,1,2022-03-03,returned_order,1.37,177.02,routine
12189,2,2022-03-03,prep_waste,0.29,36.75,routine
12190,2,2022-03-03,unsold_cooked,0.18,27.0,routine
12191,2,2022-03-03,spoilage,0.04,5.48,routine
12192,2,2022-03-03,returned_order,0.02,2.54,routine
12193,3,2022-03-03,prep_waste,0.39,46.37,routine
12194,3,2022-03-03,unsold_cooked,0.11,16.46,routine
12195,3,2022-03-03,spoilage,0.07,9.6,routine
12196,3,2022-03-03,returned_order,0.02,2.16,routine
12197,1,2022-03-04,prep_waste,0.34,48.55,routine
12198,1,2022-03-04,unsold_cooked,0.11,13.44,routine
12199,1,2022-03-04,spoilage,0.05,6.25,routine
12200,1,2022-03-04,returned_order,0.02,2.75,routine
12201,2,2022-03-04,prep_waste,0.35,42.28,routine
12202,2,2022-03-04,unsold_cooked,0.14,17.27,routine
12203,2,2022-03-04,spoilage,0.05,6.59,routine
12204,2,2022-03-04,returned_order,0.02,2.55,routine
12205,3,2022-03-04,prep_waste,0.31,39.8,routine
12206,3,2022-03-04,unsold_cooked,0.21,24.67,routine
12207,3,2022-03-04,spoilage,0.04,5.94,routine
12208,3,2022-03-04,returned_order,0.02,2.43,routine
12209,1,2022-03-05,prep_waste,0.38,49.5,routine
12210,1,2022-03-05,unsold_cooked,0.24,26.01,routine
12211,1,2022-03-05,spoilage,0.08,8.88,routine
12212,1,2022-03-05,returned_order,0.02,3.06,routine
12213,2,2022-03-05,prep_waste,0.22,27.27,routine
12214,2,2022-03-05,unsold_cooked,0.14,15.3,routine
12215,2,2022-03-05,spoilage,0.05,8.3,routine
12216,2,2022-03-05,returned_order,0.69,107.32,routine
12217,3,2022-03-05,prep_waste,0.34,39.13,routine
12218,3,2022-03-05,unsold_cooked,0.17,19.48,routine
12219,3,2022-03-05,spoilage,0.04,4.82,routine
12220,3,2022-03-05,returned_order,0.02,2.89,routine
12221,1,2022-03-06,prep_waste,0.32,48.86,routine
12222,1,2022-03-06,unsold_cooked,0.2,28.84,routine
12223,1,2022-03-06,spoilage,0.06,8.04,routine
12224,1,2022-03-06,returned_order,0.59,68.39,routine
12225,2,2022-03-06,prep_waste,0.27,40.89,routine
12226,2,2022-03-06,unsold_cooked,0.23,32.12,routine
12227,2,2022-03-06,spoilage,0.08,10.72,routine
12228,2,2022-03-06,returned_order,0.02,2.91,routine
12229,3,2022-03-06,prep_waste,0.43,58.24,routine
12230,3,2022-03-06,unsold_cooked,0.2,27.32,routine
12231,3,2022-03-06,spoilage,0.08,11.33,routine
12232,3,2022-03-06,returned_order,0.02,2.87,routine
12233,1,2022-03-07,prep_waste,0.43,48.37,routine
12234,1,2022-03-07,unsold_cooked,0.14,20.02,routine
12235,1,2022-03-07,spoilage,0.07,10.1,routine
12236,1,2022-03-07,returned_order,0.02,2.23,routine
12237,2,2022-03-07,prep_waste,0.27,30.26,routine
12238,2,2022-03-07,unsold_cooked,0.14,14.99,routine
12239,2,2022-03-07,spoilage,0.04,4.34,routine
12240,2,2022-03-07,returned_order,0.02,2.6,routine
12241,3,2022-03-07,prep_waste,0.36,50.52,routine
12242,3,2022-03-07,unsold_cooked,0.19,20.78,routine
12243,3,2022-03-07,spoilage,0.07,8.36,routine
12244,3,2022-03-07,returned_order,0.02,2.29,routine
12245,1,2022-03-08,prep_waste,0.36,46.67,routine
12246,1,2022-03-08,unsold_cooked,0.15,20.47,routine
12247,1,2022-03-08,spoilage,0.06,6.27,routine
12248,1,2022-03-08,returned_order,0.57,60.35,routine
12249,2,2022-03-08,prep_waste,0.28,31.66,routine
12250,2,2022-03-08,unsold_cooked,0.18,23.36,routine
12251,2,2022-03-08,spoilage,0.07,9.84,routine
12252,2,2022-03-08,returned_order,0.86,102.86,routine
12253,3,2022-03-08,prep_waste,0.31,37.06,routine
12254,3,2022-03-08,unsold_cooked,0.22,26.05,routine
12255,3,2022-03-08,spoilage,0.07,8.94,routine
12256,3,2022-03-08,returned_order,0.02,2.31,routine
12257,1,2022-03-09,prep_waste,0.3,38.78,routine
12258,1,2022-03-09,unsold_cooked,0.22,31.88,routine
12259,1,2022-03-09,spoilage,0.07,8.2,routine
12260,1,2022-03-09,returned_order,1.05,140.6,routine
12261,2,2022-03-09,prep_waste,0.22,26.82,routine
12262,2,2022-03-09,unsold_cooked,0.15,18.0,routine
12263,2,2022-03-09,spoilage,0.05,6.53,routine
12264,2,2022-03-09,returned_order,0.62,83.25,routine
12265,3,2022-03-09,prep_waste,0.4,46.46,routine
12266,3,2022-03-09,unsold_cooked,0.14,16.66,routine
12267,3,2022-03-09,spoilage,0.04,5.32,routine
12268,3,2022-03-09,returned_order,0.67,91.11,routine
12269,1,2022-03-10,prep_waste,0.29,36.51,routine
12270,1,2022-03-10,unsold_cooked,0.22,25.43,routine
12271,1,2022-03-10,spoilage,0.04,3.89,routine
12272,1,2022-03-10,returned_order,0.02,2.57,routine
12273,2,2022-03-10,prep_waste,0.36,54.87,routine
12274,2,2022-03-10,unsold_cooked,0.24,25.82,routine
12275,2,2022-03-10,spoilage,0.06,8.32,routine
12276,2,2022-03-10,returned_order,0.02,2.6,routine
12277,3,2022-03-10,prep_waste,0.33,34.46,routine
12278,3,2022-03-10,unsold_cooked,0.22,29.59,routine
12279,3,2022-03-10,spoilage,0.04,3.75,routine
12280,3,2022-03-10,returned_order,0.02,2.14,routine
12281,1,2022-03-11,prep_waste,0.39,45.18,routine
12282,1,2022-03-11,unsold_cooked,0.12,15.33,routine
12283,1,2022-03-11,spoilage,0.04,5.85,routine
12284,1,2022-03-11,returned_order,0.02,3.06,routine
12285,2,2022-03-11,prep_waste,0.35,44.78,routine
12286,2,2022-03-11,unsold_cooked,0.19,27.55,routine
12287,2,2022-03-11,spoilage,0.04,4.72,routine
12288,2,2022-03-11,returned_order,0.02,2.25,routine
12289,3,2022-03-11,prep_waste,0.35,45.05,routine
12290,3,2022-03-11,unsold_cooked,0.19,22.96,routine
12291,3,2022-03-11,spoilage,0.06,7.5,routine
12292,3,2022-03-11,returned_order,0.02,2.67,routine
12293,1,2022-03-12,prep_waste,0.22,25.32,routine
12294,1,2022-03-12,unsold_cooked,0.13,19.16,routine
12295,1,2022-03-12,spoilage,0.05,7.54,routine
12296,1,2022-03-12,returned_order,0.82,99.94,routine
12297,2,2022-03-12,prep_waste,0.36,39.91,routine
12298,2,2022-03-12,unsold_cooked,0.2,22.92,routine
12299,2,2022-03-12,spoilage,0.07,9.78,routine
12300,2,2022-03-12,returned_order,0.02,2.19,routine
12301,3,2022-03-12,prep_waste,0.31,48.43,routine
12302,3,2022-03-12,unsold_cooked,0.22,30.47,routine
12303,3,2022-03-12,spoilage,0.05,7.54,routine
12304,3,2022-03-12,returned_order,0.02,2.39,routine
12305,1,2022-03-13,prep_waste,0.38,57.41,routine
12306,1,2022-03-13,unsold_cooked,0.24,25.89,routine
12307,1,2022-03-13,spoilage,0.07,7.87,routine
12308,1,2022-03-13,returned_order,0.02,2.79,routine
12309,2,2022-03-13,prep_waste,0.42,49.08,routine
12310,2,2022-03-13,unsold_cooked,0.24,32.89,routine
12311,2,2022-03-13,spoilage,0.08,11.43,routine
12312,2,2022-03-13,returned_order,0.02,2.35,routine
12313,3,2022-03-13,prep_waste,0.38,45.47,routine
12314,3,2022-03-13,unsold_cooked,0.13,14.89,routine
12315,3,2022-03-13,spoilage,0.04,5.92,routine
12316,3,2022-03-13,returned_order,0.02,2.83,routine
12317,1,2022-03-14,prep_waste,0.22,29.36,routine
12318,1,2022-03-14,unsold_cooked,0.1,11.03,routine
12319,1,2022-03-14,spoilage,0.05,5.04,routine
12320,1,2022-03-14,returned_order,0.02,2.41,routine
12321,2,2022-03-14,prep_waste,0.19,24.93,routine
12322,2,2022-03-14,unsold_cooked,0.24,26.39,routine
12323,2,2022-03-14,spoilage,0.07,10.65,routine
12324,2,2022-03-14,returned_order,0.02,2.11,routine
12325,3,2022-03-14,prep_waste,0.29,39.52,routine
12326,3,2022-03-14,unsold_cooked,0.23,28.29,routine
12327,3,2022-03-14,spoilage,0.08,12.17,routine
12328,3,2022-03-14,returned_order,0.02,2.39,routine
12329,1,2022-03-15,prep_waste,0.42,58.77,routine
12330,1,2022-03-15,unsold_cooked,0.21,25.77,routine
12331,1,2022-03-15,spoilage,0.03,5.09,routine
12332,1,2022-03-15,returned_order,0.02,2.62,routine
12333,2,2022-03-15,prep_waste,0.39,60.44,routine
12334,2,2022-03-15,unsold_cooked,0.16,22.65,routine
12335,2,2022-03-15,spoilage,0.07,9.52,routine
12336,2,2022-03-15,returned_order,0.02,2.38,routine
12337,3,2022-03-15,prep_waste,0.36,40.21,routine
12338,3,2022-03-15,unsold_cooked,0.15,18.32,routine
12339,3,2022-03-15,spoilage,0.07,7.52,routine
12340,3,2022-03-15,returned_order,0.51,60.71,routine
12341,1,2022-03-16,prep_waste,0.25,30.6,routine
12342,1,2022-03-16,unsold_cooked,0.12,15.76,routine
12343,1,2022-03-16,spoilage,0.05,7.0,routine
12344,1,2022-03-16,returned_order,0.02,2.38,routine
12345,2,2022-03-16,prep_waste,0.42,59.25,routine
12346,2,2022-03-16,unsold_cooked,0.21,26.24,routine
12347,2,2022-03-16,spoilage,0.08,9.91,routine
12348,2,2022-03-16,returned_order,0.02,2.6,routine
12349,3,2022-03-16,prep_waste,0.35,54.22,routine
12350,3,2022-03-16,unsold_cooked,0.11,14.48,routine
12351,3,2022-03-16,spoilage,0.07,9.18,routine
12352,3,2022-03-16,returned_order,0.02,2.12,routine
12353,1,2022-03-17,prep_waste,0.19,23.85,routine
12354,1,2022-03-17,unsold_cooked,0.15,21.36,routine
12355,1,2022-03-17,spoilage,0.07,9.97,routine
12356,1,2022-03-17,returned_order,0.02,2.37,routine
12357,2,2022-03-17,prep_waste,0.22,28.24,routine
12358,2,2022-03-17,unsold_cooked,0.16,17.08,routine
12359,2,2022-03-17,spoilage,0.07,10.64,routine
12360,2,2022-03-17,returned_order,0.02,2.36,routine
12361,3,2022-03-17,prep_waste,0.23,27.98,routine
12362,3,2022-03-17,unsold_cooked,0.12,13.78,routine
12363,3,2022-03-17,spoilage,0.08,9.72,routine
12364,3,2022-03-17,returned_order,0.02,2.48,routine
12365,1,2022-03-18,prep_waste,0.26,40.52,routine
12366,1,2022-03-18,unsold_cooked,0.17,18.92,routine
12367,1,2022-03-18,spoilage,0.05,6.05,routine
12368,1,2022-03-18,returned_order,0.02,2.6,routine
12369,2,2022-03-18,prep_waste,0.27,35.81,routine
12370,2,2022-03-18,unsold_cooked,0.12,15.4,routine
12371,2,2022-03-18,spoilage,0.06,6.47,routine
12372,2,2022-03-18,returned_order,0.02,2.38,routine
12373,3,2022-03-18,prep_waste,0.22,31.55,routine
12374,3,2022-03-18,unsold_cooked,0.24,36.19,routine
12375,3,2022-03-18,spoilage,0.06,6.92,routine
12376,3,2022-03-18,returned_order,0.02,2.23,routine
12377,1,2022-03-19,prep_waste,0.18,27.44,routine
12378,1,2022-03-19,unsold_cooked,0.15,16.23,routine
12379,1,2022-03-19,spoilage,0.07,9.3,routine
12380,1,2022-03-19,returned_order,0.02,2.36,routine
12381,2,2022-03-19,prep_waste,0.27,37.01,routine
12382,2,2022-03-19,unsold_cooked,0.22,24.76,routine
12383,2,2022-03-19,spoilage,0.04,4.78,routine
12384,2,2022-03-19,returned_order,0.02,2.88,routine
12385,3,2022-03-19,prep_waste,0.3,32.29,routine
12386,3,2022-03-19,unsold_cooked,0.17,22.5,routine
12387,3,2022-03-19,spoilage,0.04,4.64,routine
12388,3,2022-03-19,returned_order,0.02,2.62,routine
12389,1,2022-03-20,prep_waste,0.36,54.76,routine
12390,1,2022-03-20,unsold_cooked,0.23,27.11,routine
12391,1,2022-03-20,spoilage,0.04,5.35,routine
12392,1,2022-03-20,returned_order,0.02,2.2,routine
12393,2,2022-03-20,prep_waste,0.26,31.44,routine
12394,2,2022-03-20,unsold_cooked,0.12,13.63,routine
12395,2,2022-03-20,spoilage,0.08,8.25,routine
12396,2,2022-03-20,returned_order,0.02,2.45,routine
12397,3,2022-03-20,prep_waste,0.31,35.16,routine
12398,3,2022-03-20,unsold_cooked,0.18,23.08,routine
12399,3,2022-03-20,spoilage,0.05,4.78,routine
12400,3,2022-03-20,returned_order,0.02,2.46,routine
12401,1,2022-03-21,prep_waste,0.37,43.97,routine
12402,1,2022-03-21,unsold_cooked,0.19,23.54,routine
12403,1,2022-03-21,spoilage,0.04,6.41,routine
12404,1,2022-03-21,returned_order,0.02,2.57,routine
12405,2,2022-03-21,prep_waste,0.27,39.33,routine
12406,2,2022-03-21,unsold_cooked,0.13,16.42,routine
12407,2,2022-03-21,spoilage,0.08,11.37,routine
12408,2,2022-03-21,returned_order,0.02,2.75,routine
12409,3,2022-03-21,prep_waste,0.2,29.16,routine
12410,3,2022-03-21,unsold_cooked,0.18,20.85,routine
12411,3,2022-03-21,spoilage,0.07,8.96,routine
12412,3,2022-03-21,returned_order,0.02,2.62,routine
12413,1,2022-03-22,prep_waste,0.36,44.33,routine
12414,1,2022-03-22,unsold_cooked,0.17,26.7,routine
12415,1,2022-03-22,spoilage,0.04,6.35,routine
12416,1,2022-03-22,returned_order,0.02,2.75,routine
12417,2,2022-03-22,prep_waste,0.35,47.04,routine
12418,2,2022-03-22,unsold_cooked,0.19,25.89,routine
12419,2,2022-03-22,spoilage,0.05,6.52,routine
12420,2,2022-03-22,returned_order,0.02,2.48,routine
12421,3,2022-03-22,prep_waste,0.35,38.94,routine
12422,3,2022-03-22,unsold_cooked,0.23,25.25,routine
12423,3,2022-03-22,spoilage,0.03,4.63,routine
12424,3,2022-03-22,returned_order,0.02,2.69,routine
12425,1,2022-03-23,prep_waste,0.25,37.28,routine
12426,1,2022-03-23,unsold_cooked,0.2,30.15,routine
12427,1,2022-03-23,spoilage,0.06,6.84,routine
12428,1,2022-03-23,returned_order,0.53,71.6,routine
12429,2,2022-03-23,prep_waste,0.25,29.54,routine
12430,2,2022-03-23,unsold_cooked,0.19,19.86,routine
12431,2,2022-03-23,spoilage,0.08,9.17,routine
12432,2,2022-03-23,returned_order,0.7,90.88,routine
12433,3,2022-03-23,prep_waste,0.34,46.58,routine
12434,3,2022-03-23,unsold_cooked,0.15,17.56,routine
12435,3,2022-03-23,spoilage,0.08,8.72,routine
12436,3,2022-03-23,returned_order,0.02,2.39,routine
12437,1,2022-03-24,prep_waste,0.29,39.13,routine
12438,1,2022-03-24,unsold_cooked,0.17,24.23,routine
12439,1,2022-03-24,spoilage,0.07,9.24,routine
12440,1,2022-03-24,returned_order,0.02,2.59,routine
12441,2,2022-03-24,prep_waste,0.38,53.93,routine
12442,2,2022-03-24,unsold_cooked,0.21,25.23,routine
12443,2,2022-03-24,spoilage,0.05,6.22,routine
12444,2,2022-03-24,returned_order,0.02,2.45,routine
12445,3,2022-03-24,prep_waste,0.3,32.36,routine
12446,3,2022-03-24,unsold_cooked,0.11,13.6,routine
12447,3,2022-03-24,spoilage,0.07,11.34,routine
12448,3,2022-03-24,returned_order,0.02,2.91,routine
12449,1,2022-03-25,prep_waste,0.35,44.94,routine
12450,1,2022-03-25,unsold_cooked,0.13,16.0,routine
12451,1,2022-03-25,spoilage,0.06,7.04,routine
12452,1,2022-03-25,returned_order,0.02,2.89,routine
12453,2,2022-03-25,prep_waste,0.41,59.92,routine
12454,2,2022-03-25,unsold_cooked,0.16,19.12,routine
12455,2,2022-03-25,spoilage,0.07,10.66,routine
12456,2,2022-03-25,returned_order,0.02,2.71,routine
12457,3,2022-03-25,prep_waste,0.26,32.11,routine
12458,3,2022-03-25,unsold_cooked,0.15,22.16,routine
12459,3,2022-03-25,spoilage,0.05,7.06,routine
12460,3,2022-03-25,returned_order,0.02,2.85,routine
12461,1,2022-03-26,prep_waste,0.43,64.74,routine
12462,1,2022-03-26,unsold_cooked,0.11,15.31,routine
12463,1,2022-03-26,spoilage,0.04,4.09,routine
12464,1,2022-03-26,returned_order,0.7,105.11,routine
12465,2,2022-03-26,prep_waste,0.22,29.84,routine
12466,2,2022-03-26,unsold_cooked,0.21,22.66,routine
12467,2,2022-03-26,spoilage,0.06,7.95,routine
12468,2,2022-03-26,returned_order,0.57,59.48,routine
12469,3,2022-03-26,prep_waste,0.27,36.0,routine
12470,3,2022-03-26,unsold_cooked,0.24,34.64,routine
12471,3,2022-03-26,spoilage,0.05,7.0,routine
12472,3,2022-03-26,returned_order,0.02,2.38,routine
12473,1,2022-03-27,prep_waste,0.32,42.77,routine
12474,1,2022-03-27,unsold_cooked,0.11,12.1,routine
12475,1,2022-03-27,spoilage,0.04,5.48,routine
12476,1,2022-03-27,returned_order,3.44,520.48,routine
12477,2,2022-03-27,prep_waste,0.18,27.39,routine
12478,2,2022-03-27,unsold_cooked,0.17,23.45,routine
12479,2,2022-03-27,spoilage,0.06,6.49,routine
12480,2,2022-03-27,returned_order,0.02,3.08,routine
12481,3,2022-03-27,prep_waste,0.44,50.52,routine
12482,3,2022-03-27,unsold_cooked,0.17,24.82,routine
12483,3,2022-03-27,spoilage,0.04,5.14,routine
12484,3,2022-03-27,returned_order,0.02,2.72,routine
12485,1,2022-03-28,prep_waste,0.28,36.02,routine
12486,1,2022-03-28,unsold_cooked,0.23,34.13,routine
12487,1,2022-03-28,spoilage,0.06,6.51,routine
12488,1,2022-03-28,returned_order,0.02,2.47,routine
12489,2,2022-03-28,prep_waste,0.35,48.04,routine
12490,2,2022-03-28,unsold_cooked,0.21,31.21,routine
12491,2,2022-03-28,spoilage,0.05,6.79,routine
12492,2,2022-03-28,returned_order,0.02,2.98,routine
12493,3,2022-03-28,prep_waste,0.18,24.93,routine
12494,3,2022-03-28,unsold_cooked,0.24,33.62,routine
12495,3,2022-03-28,spoilage,0.06,7.07,routine
12496,3,2022-03-28,returned_order,0.02,2.12,routine
12497,1,2022-03-29,prep_waste,0.38,44.11,routine
12498,1,2022-03-29,unsold_cooked,0.2,26.77,routine
12499,1,2022-03-29,spoilage,0.04,4.91,routine
12500,1,2022-03-29,returned_order,0.02,2.19,routine
12501,2,2022-03-29,prep_waste,0.2,22.28,routine
12502,2,2022-03-29,unsold_cooked,0.24,30.7,routine
12503,2,2022-03-29,spoilage,0.05,6.41,routine
12504,2,2022-03-29,returned_order,0.02,2.14,routine
12505,3,2022-03-29,prep_waste,0.3,36.16,routine
12506,3,2022-03-29,unsold_cooked,0.13,16.17,routine
12507,3,2022-03-29,spoilage,0.05,6.45,routine
12508,3,2022-03-29,returned_order,0.02,2.77,routine
12509,1,2022-03-30,prep_waste,0.34,42.66,routine
12510,1,2022-03-30,unsold_cooked,0.18,25.52,routine
12511,1,2022-03-30,spoilage,0.06,9.17,routine
12512,1,2022-03-30,returned_order,0.02,2.2,routine
12513,2,2022-03-30,prep_waste,0.27,40.3,routine
12514,2,2022-03-30,unsold_cooked,0.15,22.94,routine
12515,2,2022-03-30,spoilage,0.06,5.91,routine
12516,2,2022-03-30,returned_order,0.02,2.49,routine
12517,3,2022-03-30,prep_waste,0.41,45.26,routine
12518,3,2022-03-30,unsold_cooked,0.11,14.11,routine
12519,3,2022-03-30,spoilage,0.05,6.98,routine
12520,3,2022-03-30,returned_order,0.02,2.78,routine
12521,1,2022-03-31,prep_waste,0.31,44.44,routine
12522,1,2022-03-31,unsold_cooked,0.23,32.37,routine
12523,1,2022-03-31,spoilage,0.06,7.96,routine
12524,1,2022-03-31,returned_order,0.02,2.56,routine
12525,2,2022-03-31,prep_waste,0.43,64.21,routine
12526,2,2022-03-31,unsold_cooked,0.15,16.67,routine
12527,2,2022-03-31,spoilage,0.04,4.95,routine
12528,2,2022-03-31,returned_order,0.52,70.47,routine
12529,3,2022-03-31,prep_waste,0.2,27.22,routine
12530,3,2022-03-31,unsold_cooked,0.13,14.2,routine
12531,3,2022-03-31,spoilage,0.04,5.29,routine
12532,3,2022-03-31,returned_order,0.02,2.77,routine
12533,1,2022-04-01,prep_waste,0.42,51.93,routine
12534,1,2022-04-01,unsold_cooked,0.21,25.21,routine
12535,1,2022-04-01,spoilage,0.04,4.33,routine
12536,1,2022-04-01,returned_order,0.02,2.41,routine
12537,2,2022-04-01,prep_waste,0.43,61.46,routine
12538,2,2022-04-01,unsold_cooked,0.13,15.35,routine
12539,2,2022-04-01,spoilage,0.07,10.0,routine
12540,2,2022-04-01,returned_order,0.02,2.57,routine
12541,3,2022-04-01,prep_waste,0.31,35.74,routine
12542,3,2022-04-01,unsold_cooked,0.15,17.39,routine
12543,3,2022-04-01,spoilage,0.03,4.36,routine
12544,3,2022-04-01,returned_order,0.58,64.01,routine
12545,1,2022-04-02,prep_waste,0.3,37.59,routine
12546,1,2022-04-02,unsold_cooked,0.23,33.04,routine
12547,1,2022-04-02,spoilage,0.07,10.47,routine
12548,1,2022-04-02,returned_order,0.02,2.23,routine
12549,2,2022-04-02,prep_waste,0.23,27.01,routine
12550,2,2022-04-02,unsold_cooked,0.19,25.23,routine
12551,2,2022-04-02,spoilage,0.06,7.98,routine
12552,2,2022-04-02,returned_order,0.02,2.78,routine
12553,3,2022-04-02,prep_waste,0.29,42.2,routine
12554,3,2022-04-02,unsold_cooked,0.21,27.33,routine
12555,3,2022-04-02,spoilage,0.07,9.42,routine
12556,3,2022-04-02,returned_order,0.02,2.75,routine
12557,1,2022-04-03,prep_waste,0.28,36.73,routine
12558,1,2022-04-03,unsold_cooked,0.16,22.56,routine
12559,1,2022-04-03,spoilage,0.06,8.06,routine
12560,1,2022-04-03,returned_order,0.02,2.68,routine
12561,2,2022-04-03,prep_waste,0.34,51.67,routine
12562,2,2022-04-03,unsold_cooked,0.24,32.49,routine
12563,2,2022-04-03,spoilage,0.04,5.0,routine
12564,2,2022-04-03,returned_order,1.55,223.55,routine
12565,3,2022-04-03,prep_waste,0.44,64.47,routine
12566,3,2022-04-03,unsold_cooked,0.22,30.99,routine
12567,3,2022-04-03,spoilage,0.05,7.15,routine
12568,3,2022-04-03,returned_order,0.02,3.06,routine
12569,1,2022-04-04,prep_waste,0.39,57.44,routine
12570,1,2022-04-04,unsold_cooked,0.18,20.59,routine
12571,1,2022-04-04,spoilage,0.08,10.31,routine
12572,1,2022-04-04,returned_order,0.02,2.31,routine
12573,2,2022-04-04,prep_waste,0.26,33.56,routine
12574,2,2022-04-04,unsold_cooked,0.21,32.05,routine
12575,2,2022-04-04,spoilage,0.07,8.03,routine
12576,2,2022-04-04,returned_order,0.02,2.77,routine
12577,3,2022-04-04,prep_waste,0.2,25.75,routine
12578,3,2022-04-04,unsold_cooked,0.12,15.02,routine
12579,3,2022-04-04,spoilage,0.07,9.49,routine
12580,3,2022-04-04,returned_order,0.02,2.34,routine
12581,1,2022-04-05,prep_waste,0.35,39.73,routine
12582,1,2022-04-05,unsold_cooked,0.11,11.49,routine
12583,1,2022-04-05,spoilage,0.06,6.92,routine
12584,1,2022-04-05,returned_order,0.53,60.66,routine
12585,2,2022-04-05,prep_waste,0.39,51.02,routine
12586,2,2022-04-05,unsold_cooked,0.18,23.97,routine
12587,2,2022-04-05,spoilage,0.06,6.71,routine
12588,2,2022-04-05,returned_order,0.81,118.93,routine
12589,3,2022-04-05,prep_waste,0.3,38.75,routine
12590,3,2022-04-05,unsold_cooked,0.21,31.3,routine
12591,3,2022-04-05,spoilage,0.07,8.81,routine
12592,3,2022-04-05,returned_order,0.02,2.36,routine
12593,1,2022-04-06,prep_waste,0.21,24.28,routine
12594,1,2022-04-06,unsold_cooked,0.18,26.07,routine
12595,1,2022-04-06,spoilage,0.04,5.0,routine
12596,1,2022-04-06,returned_order,0.02,2.94,routine
12597,2,2022-04-06,prep_waste,0.36,45.89,routine
12598,2,2022-04-06,unsold_cooked,0.22,24.9,routine
12599,2,2022-04-06,spoilage,0.06,8.86,routine
12600,2,2022-04-06,returned_order,0.87,122.25,routine
12601,3,2022-04-06,prep_waste,0.29,34.8,routine
12602,3,2022-04-06,unsold_cooked,0.18,23.04,routine
12603,3,2022-04-06,spoilage,0.05,5.91,routine
12604,3,2022-04-06,returned_order,0.02,3.03,routine
12605,1,2022-04-07,prep_waste,0.33,45.34,routine
12606,1,2022-04-07,unsold_cooked,0.21,26.21,routine
12607,1,2022-04-07,spoilage,0.04,4.79,routine
12608,1,2022-04-07,returned_order,0.7,84.69,routine
12609,2,2022-04-07,prep_waste,0.25,28.04,routine
12610,2,2022-04-07,unsold_cooked,0.18,22.24,routine
12611,2,2022-04-07,spoilage,0.03,3.82,routine
12612,2,2022-04-07,returned_order,0.02,2.49,routine
12613,3,2022-04-07,prep_waste,0.31,39.3,routine
12614,3,2022-04-07,unsold_cooked,0.2,26.41,routine
12615,3,2022-04-07,spoilage,0.07,8.69,routine
12616,3,2022-04-07,returned_order,0.02,2.23,routine
12617,1,2022-04-08,prep_waste,0.31,34.23,routine
12618,1,2022-04-08,unsold_cooked,0.22,26.1,routine
12619,1,2022-04-08,spoilage,0.04,5.08,routine
12620,1,2022-04-08,returned_order,0.79,120.0,routine
12621,2,2022-04-08,prep_waste,0.41,52.75,routine
12622,2,2022-04-08,unsold_cooked,0.1,15.19,routine
12623,2,2022-04-08,spoilage,0.06,6.49,routine
12624,2,2022-04-08,returned_order,0.02,2.98,routine
12625,3,2022-04-08,prep_waste,0.44,59.97,routine
12626,3,2022-04-08,unsold_cooked,0.24,30.24,routine
12627,3,2022-04-08,spoilage,0.06,6.58,routine
12628,3,2022-04-08,returned_order,0.02,2.81,routine
12629,1,2022-04-09,prep_waste,0.36,39.34,routine
12630,1,2022-04-09,unsold_cooked,0.19,25.35,routine
12631,1,2022-04-09,spoilage,0.05,7.61,routine
12632,1,2022-04-09,returned_order,2.41,267.04,routine
12633,2,2022-04-09,prep_waste,0.29,33.99,routine
12634,2,2022-04-09,unsold_cooked,0.22,34.32,routine
12635,2,2022-04-09,spoilage,0.07,8.07,routine
12636,2,2022-04-09,returned_order,0.02,2.44,routine
12637,3,2022-04-09,prep_waste,0.19,26.62,routine
12638,3,2022-04-09,unsold_cooked,0.13,20.49,routine
12639,3,2022-04-09,spoilage,0.07,8.09,routine
12640,3,2022-04-09,returned_order,0.6,75.13,routine
12641,1,2022-04-10,prep_waste,0.32,36.48,routine
12642,1,2022-04-10,unsold_cooked,0.11,11.24,routine
12643,1,2022-04-10,spoilage,0.06,7.75,routine
12644,1,2022-04-10,returned_order,0.59,69.19,routine
12645,2,2022-04-10,prep_waste,0.2,22.54,routine
12646,2,2022-04-10,unsold_cooked,0.12,15.3,routine
12647,2,2022-04-10,spoilage,0.04,6.33,routine
12648,2,2022-04-10,returned_order,0.57,75.19,routine
12649,3,2022-04-10,prep_waste,0.33,51.46,routine
12650,3,2022-04-10,unsold_cooked,0.22,24.2,routine
12651,3,2022-04-10,spoilage,0.07,7.55,routine
12652,3,2022-04-10,returned_order,0.02,2.62,routine
12653,1,2022-04-11,prep_waste,0.28,30.55,routine
12654,1,2022-04-11,unsold_cooked,0.18,27.12,routine
12655,1,2022-04-11,spoilage,0.06,6.74,routine
12656,1,2022-04-11,returned_order,0.02,2.13,routine
12657,2,2022-04-11,prep_waste,0.33,43.95,routine
12658,2,2022-04-11,unsold_cooked,0.21,31.19,routine
12659,2,2022-04-11,spoilage,0.06,7.19,routine
12660,2,2022-04-11,returned_order,0.02,2.68,routine
12661,3,2022-04-11,prep_waste,0.39,56.12,routine
12662,3,2022-04-11,unsold_cooked,0.24,25.41,routine
12663,3,2022-04-11,spoilage,0.07,9.96,routine
12664,3,2022-04-11,returned_order,0.57,73.77,routine
12665,1,2022-04-12,prep_waste,0.27,31.68,routine
12666,1,2022-04-12,unsold_cooked,0.1,16.1,routine
12667,1,2022-04-12,spoilage,0.04,5.83,routine
12668,1,2022-04-12,returned_order,0.02,3.01,routine
12669,2,2022-04-12,prep_waste,0.33,36.49,routine
12670,2,2022-04-12,unsold_cooked,0.13,20.42,routine
12671,2,2022-04-12,spoilage,0.05,7.0,routine
12672,2,2022-04-12,returned_order,0.02,2.12,routine
12673,3,2022-04-12,prep_waste,0.19,23.41,routine
12674,3,2022-04-12,unsold_cooked,0.1,11.94,routine
12675,3,2022-04-12,spoilage,0.06,7.27,routine
12676,3,2022-04-12,returned_order,0.02,2.57,routine
12677,1,2022-04-13,prep_waste,0.36,50.56,routine
12678,1,2022-04-13,unsold_cooked,0.13,14.48,routine
12679,1,2022-04-13,spoilage,0.08,9.84,routine
12680,1,2022-04-13,returned_order,0.58,80.92,routine
12681,2,2022-04-13,prep_waste,0.39,54.24,routine
12682,2,2022-04-13,unsold_cooked,0.22,31.93,routine
12683,2,2022-04-13,spoilage,0.07,9.99,routine
12684,2,2022-04-13,returned_order,0.02,2.98,routine
12685,3,2022-04-13,prep_waste,0.19,22.99,routine
12686,3,2022-04-13,unsold_cooked,0.24,25.9,routine
12687,3,2022-04-13,spoilage,0.04,5.21,routine
12688,3,2022-04-13,returned_order,0.73,101.66,routine
12689,1,2022-04-14,prep_waste,0.18,25.34,routine
12690,1,2022-04-14,unsold_cooked,0.22,30.03,routine
12691,1,2022-04-14,spoilage,0.05,6.26,routine
12692,1,2022-04-14,returned_order,0.02,2.5,routine
12693,2,2022-04-14,prep_waste,0.21,30.51,routine
12694,2,2022-04-14,unsold_cooked,0.19,20.5,routine
12695,2,2022-04-14,spoilage,0.07,11.35,routine
12696,2,2022-04-14,returned_order,0.02,2.94,routine
12697,3,2022-04-14,prep_waste,0.28,37.65,routine
12698,3,2022-04-14,unsold_cooked,0.17,21.01,routine
12699,3,2022-04-14,spoilage,0.08,11.87,routine
12700,3,2022-04-14,returned_order,0.02,2.79,routine
12701,1,2022-04-15,prep_waste,0.24,37.47,routine
12702,1,2022-04-15,unsold_cooked,0.2,30.29,routine
12703,1,2022-04-15,spoilage,0.05,7.38,routine
12704,1,2022-04-15,returned_order,0.02,2.45,routine
12705,2,2022-04-15,prep_waste,0.23,34.39,routine
12706,2,2022-04-15,unsold_cooked,0.13,19.02,routine
12707,2,2022-04-15,spoilage,0.04,5.56,routine
12708,2,2022-04-15,returned_order,0.02,2.63,routine
12709,3,2022-04-15,prep_waste,0.36,45.91,routine
12710,3,2022-04-15,unsold_cooked,0.12,17.87,routine
12711,3,2022-04-15,spoilage,0.08,9.62,routine
12712,3,2022-04-15,returned_order,0.02,2.26,routine
12713,1,2022-04-16,prep_waste,0.25,26.97,routine
12714,1,2022-04-16,unsold_cooked,0.22,25.34,routine
12715,1,2022-04-16,spoilage,0.05,7.26,routine
12716,1,2022-04-16,returned_order,0.67,80.5,routine
12717,2,2022-04-16,prep_waste,0.38,42.95,routine
12718,2,2022-04-16,unsold_cooked,0.13,19.47,routine
12719,2,2022-04-16,spoilage,0.07,11.42,routine
12720,2,2022-04-16,returned_order,0.02,2.83,routine
12721,3,2022-04-16,prep_waste,0.35,53.28,routine
12722,3,2022-04-16,unsold_cooked,0.17,25.82,routine
12723,3,2022-04-16,spoilage,0.05,6.65,routine
12724,3,2022-04-16,returned_order,0.02,2.75,routine
12725,1,2022-04-17,prep_waste,0.27,31.1,routine
12726,1,2022-04-17,unsold_cooked,0.17,21.94,routine
12727,1,2022-04-17,spoilage,0.04,5.04,routine
12728,1,2022-04-17,returned_order,1.16,121.61,routine
12729,2,2022-04-17,prep_waste,0.4,55.53,routine
12730,2,2022-04-17,unsold_cooked,0.12,12.79,routine
12731,2,2022-04-17,spoilage,0.04,6.34,routine
12732,2,2022-04-17,returned_order,0.02,2.56,routine
12733,3,2022-04-17,prep_waste,0.29,41.69,routine
12734,3,2022-04-17,unsold_cooked,0.15,23.13,routine
12735,3,2022-04-17,spoilage,0.04,4.69,routine
12736,3,2022-04-17,returned_order,0.02,2.87,routine
12737,1,2022-04-18,prep_waste,0.37,53.2,routine
12738,1,2022-04-18,unsold_cooked,0.16,16.73,routine
12739,1,2022-04-18,spoilage,0.07,9.94,routine
12740,1,2022-04-18,returned_order,0.57,80.13,routine
12741,2,2022-04-18,prep_waste,0.23,25.59,routine
12742,2,2022-04-18,unsold_cooked,0.19,27.66,routine
12743,2,2022-04-18,spoilage,0.08,9.75,routine
12744,2,2022-04-18,returned_order,0.02,2.91,routine
12745,3,2022-04-18,prep_waste,0.32,40.99,routine
12746,3,2022-04-18,unsold_cooked,0.18,25.44,routine
12747,3,2022-04-18,spoilage,0.04,5.96,routine
12748,3,2022-04-18,returned_order,0.79,110.38,routine
12749,1,2022-04-19,prep_waste,0.25,31.1,routine
12750,1,2022-04-19,unsold_cooked,0.19,28.06,routine
12751,1,2022-04-19,spoilage,0.06,8.71,routine
12752,1,2022-04-19,returned_order,0.02,2.89,routine
12753,2,2022-04-19,prep_waste,0.34,47.19,routine
12754,2,2022-04-19,unsold_cooked,0.1,16.03,routine
12755,2,2022-04-19,spoilage,0.04,5.49,routine
12756,2,2022-04-19,returned_order,0.02,2.93,routine
12757,3,2022-04-19,prep_waste,0.35,40.24,routine
12758,3,2022-04-19,unsold_cooked,0.21,32.51,routine
12759,3,2022-04-19,spoilage,0.04,5.28,routine
12760,3,2022-04-19,returned_order,0.02,2.32,routine
12761,1,2022-04-20,prep_waste,0.21,29.73,routine
12762,1,2022-04-20,unsold_cooked,0.19,26.56,routine
12763,1,2022-04-20,spoilage,0.05,7.71,routine
12764,1,2022-04-20,returned_order,0.02,2.48,routine
12765,2,2022-04-20,prep_waste,0.34,46.99,routine
12766,2,2022-04-20,unsold_cooked,0.16,20.41,routine
12767,2,2022-04-20,spoilage,0.08,9.25,routine
12768,2,2022-04-20,returned_order,0.02,2.96,routine
12769,3,2022-04-20,prep_waste,0.37,51.76,routine
12770,3,2022-04-20,unsold_cooked,0.22,32.58,routine
12771,3,2022-04-20,spoilage,0.05,5.36,routine
12772,3,2022-04-20,returned_order,0.02,2.32,routine
12773,1,2022-04-21,prep_waste,0.24,32.25,routine
12774,1,2022-04-21,unsold_cooked,0.22,27.08,routine
12775,1,2022-04-21,spoilage,0.05,8.15,routine
12776,1,2022-04-21,returned_order,0.02,2.71,routine
12777,2,2022-04-21,prep_waste,0.44,61.08,routine
12778,2,2022-04-21,unsold_cooked,0.13,14.73,routine
12779,2,2022-04-21,spoilage,0.05,7.19,routine
12780,2,2022-04-21,returned_order,0.02,2.3,routine
12781,3,2022-04-21,prep_waste,0.22,32.59,routine
12782,3,2022-04-21,unsold_cooked,0.14,21.68,routine
12783,3,2022-04-21,spoilage,0.05,7.68,routine
12784,3,2022-04-21,returned_order,0.02,2.55,routine
12785,1,2022-04-22,prep_waste,0.38,54.64,routine
12786,1,2022-04-22,unsold_cooked,0.22,23.2,routine
12787,1,2022-04-22,spoilage,0.03,4.37,routine
12788,1,2022-04-22,returned_order,0.02,3.02,routine
12789,2,2022-04-22,prep_waste,0.23,32.66,routine
12790,2,2022-04-22,unsold_cooked,0.13,17.14,routine
12791,2,2022-04-22,spoilage,0.05,6.41,routine
12792,2,2022-04-22,returned_order,0.02,2.93,routine
12793,3,2022-04-22,prep_waste,0.43,52.75,routine
12794,3,2022-04-22,unsold_cooked,0.15,22.84,routine
12795,3,2022-04-22,spoilage,0.04,5.64,routine
12796,3,2022-04-22,returned_order,0.02,2.18,routine
12797,1,2022-04-23,prep_waste,0.37,56.71,routine
12798,1,2022-04-23,unsold_cooked,0.18,18.72,routine
12799,1,2022-04-23,spoilage,0.05,7.57,routine
12800,1,2022-04-23,returned_order,0.02,2.3,routine
12801,2,2022-04-23,prep_waste,0.36,49.45,routine
12802,2,2022-04-23,unsold_cooked,0.17,21.31,routine
12803,2,2022-04-23,spoilage,0.06,9.13,routine
12804,2,2022-04-23,returned_order,0.02,2.81,routine
12805,3,2022-04-23,prep_waste,0.44,51.98,routine
12806,3,2022-04-23,unsold_cooked,0.12,13.46,routine
12807,3,2022-04-23,spoilage,0.08,9.05,routine
12808,3,2022-04-23,returned_order,0.02,2.32,routine
12809,1,2022-04-24,prep_waste,0.38,58.26,routine
12810,1,2022-04-24,unsold_cooked,0.2,24.45,routine
12811,1,2022-04-24,spoilage,0.04,4.78,routine
12812,1,2022-04-24,returned_order,0.02,3.05,routine
12813,2,2022-04-24,prep_waste,0.25,33.47,routine
12814,2,2022-04-24,unsold_cooked,0.1,14.25,routine
12815,2,2022-04-24,spoilage,0.04,5.64,routine
12816,2,2022-04-24,returned_order,2.13,327.75,routine
12817,3,2022-04-24,prep_waste,0.18,19.66,routine
12818,3,2022-04-24,unsold_cooked,0.23,34.5,routine
12819,3,2022-04-24,spoilage,0.06,8.04,routine
12820,3,2022-04-24,returned_order,0.02,2.89,routine
12821,1,2022-04-25,prep_waste,0.29,32.0,routine
12822,1,2022-04-25,unsold_cooked,0.15,19.87,routine
12823,1,2022-04-25,spoilage,0.07,7.98,routine
12824,1,2022-04-25,returned_order,0.02,2.59,routine
12825,2,2022-04-25,prep_waste,0.4,48.53,routine
12826,2,2022-04-25,unsold_cooked,0.16,23.86,routine
12827,2,2022-04-25,spoilage,0.05,5.48,routine
12828,2,2022-04-25,returned_order,0.02,2.21,routine
12829,3,2022-04-25,prep_waste,0.27,39.82,routine
12830,3,2022-04-25,unsold_cooked,0.16,19.48,routine
12831,3,2022-04-25,spoilage,0.05,5.56,routine
12832,3,2022-04-25,returned_order,0.02,2.28,routine
12833,1,2022-04-26,prep_waste,0.34,50.78,routine
12834,1,2022-04-26,unsold_cooked,0.16,17.85,routine
12835,1,2022-04-26,spoilage,0.06,7.92,routine
12836,1,2022-04-26,returned_order,0.02,2.12,routine
12837,2,2022-04-26,prep_waste,0.2,21.72,routine
12838,2,2022-04-26,unsold_cooked,0.14,19.32,routine
12839,2,2022-04-26,spoilage,0.07,11.19,routine
12840,2,2022-04-26,returned_order,0.02,2.67,routine
12841,3,2022-04-26,prep_waste,0.21,22.81,routine
12842,3,2022-04-26,unsold_cooked,0.21,23.21,routine
12843,3,2022-04-26,spoilage,0.06,7.56,routine
12844,3,2022-04-26,returned_order,0.02,2.74,routine
12845,1,2022-04-27,prep_waste,0.2,28.9,routine
12846,1,2022-04-27,unsold_cooked,0.19,28.23,routine
12847,1,2022-04-27,spoilage,0.08,11.46,routine
12848,1,2022-04-27,returned_order,0.72,111.51,routine
12849,2,2022-04-27,prep_waste,0.22,26.79,routine
12850,2,2022-04-27,unsold_cooked,0.13,14.69,routine
12851,2,2022-04-27,spoilage,0.05,6.37,routine
12852,2,2022-04-27,returned_order,0.02,2.17,routine
12853,3,2022-04-27,prep_waste,0.24,34.92,routine
12854,3,2022-04-27,unsold_cooked,0.1,14.83,routine
12855,3,2022-04-27,spoilage,0.05,6.83,routine
12856,3,2022-04-27,returned_order,0.02,2.29,routine
12857,1,2022-04-28,prep_waste,0.27,32.71,routine
12858,1,2022-04-28,unsold_cooked,0.18,22.6,routine
12859,1,2022-04-28,spoilage,0.05,5.75,routine
12860,1,2022-04-28,returned_order,0.82,121.05,routine
12861,2,2022-04-28,prep_waste,0.41,58.16,routine
12862,2,2022-04-28,unsold_cooked,0.23,34.56,routine
12863,2,2022-04-28,spoilage,0.05,6.26,routine
12864,2,2022-04-28,returned_order,0.02,2.23,routine
12865,3,2022-04-28,prep_waste,0.32,48.1,routine
12866,3,2022-04-28,unsold_cooked,0.12,18.04,routine
12867,3,2022-04-28,spoilage,0.05,6.11,routine
12868,3,2022-04-28,returned_order,0.02,2.61,routine
12869,1,2022-04-29,prep_waste,0.43,48.5,routine
12870,1,2022-04-29,unsold_cooked,0.15,15.86,routine
12871,1,2022-04-29,spoilage,0.05,4.98,routine
12872,1,2022-04-29,returned_order,0.02,2.31,routine
12873,2,2022-04-29,prep_waste,0.35,38.08,routine
12874,2,2022-04-29,unsold_cooked,0.12,13.28,routine
12875,2,2022-04-29,spoilage,0.06,9.15,routine
12876,2,2022-04-29,returned_order,0.02,2.3,routine
12877,3,2022-04-29,prep_waste,0.31,38.7,routine
12878,3,2022-04-29,unsold_cooked,0.11,13.58,routine
12879,3,2022-04-29,spoilage,0.06,8.69,routine
12880,3,2022-04-29,returned_order,0.02,2.6,routine
12881,1,2022-04-30,prep_waste,0.23,32.84,routine
12882,1,2022-04-30,unsold_cooked,0.22,27.83,routine
12883,1,2022-04-30,spoilage,0.03,4.11,routine
12884,1,2022-04-30,returned_order,0.02,2.73,routine
12885,2,2022-04-30,prep_waste,0.23,32.98,routine
12886,2,2022-04-30,unsold_cooked,0.26,35.3,routine
12887,2,2022-04-30,spoilage,0.07,8.57,routine
12888,2,2022-04-30,returned_order,0.74,104.75,routine
12889,3,2022-04-30,prep_waste,0.41,49.35,routine
12890,3,2022-04-30,unsold_cooked,0.2,26.97,routine
12891,3,2022-04-30,spoilage,0.07,9.46,routine
12892,3,2022-04-30,returned_order,0.02,2.22,routine
12893,1,2022-05-01,prep_waste,0.33,38.56,routine
12894,1,2022-05-01,unsold_cooked,0.3,32.16,routine
12895,1,2022-05-01,spoilage,0.06,8.73,routine
12896,1,2022-05-01,returned_order,0.02,2.58,routine
12897,2,2022-05-01,prep_waste,0.4,42.75,routine
12898,2,2022-05-01,unsold_cooked,0.23,31.05,routine
12899,2,2022-05-01,spoilage,0.04,5.24,routine
12900,2,2022-05-01,returned_order,0.02,2.69,routine
12901,1,2022-05-02,prep_waste,0.21,26.87,routine
12902,1,2022-05-02,unsold_cooked,0.15,15.73,routine
12903,1,2022-05-02,spoilage,0.06,8.35,routine
12904,1,2022-05-02,returned_order,0.02,2.23,routine
12905,2,2022-05-02,prep_waste,0.4,46.11,routine
12906,2,2022-05-02,unsold_cooked,0.2,21.59,routine
12907,2,2022-05-02,spoilage,0.06,8.47,routine
12908,2,2022-05-02,returned_order,0.02,3.08,routine
12909,1,2022-05-03,prep_waste,0.18,23.36,routine
12910,1,2022-05-03,unsold_cooked,0.13,14.96,routine
12911,1,2022-05-03,spoilage,0.07,7.23,routine
12912,1,2022-05-03,returned_order,0.02,2.74,routine
12913,2,2022-05-03,prep_waste,0.22,33.89,routine
12914,2,2022-05-03,unsold_cooked,0.12,16.02,routine
12915,2,2022-05-03,spoilage,0.06,9.22,routine
12916,2,2022-05-03,returned_order,0.02,2.14,routine
12917,1,2022-05-04,prep_waste,0.29,41.5,routine
12918,1,2022-05-04,unsold_cooked,0.16,19.81,routine
12919,1,2022-05-04,spoilage,0.04,5.17,routine
12920,1,2022-05-04,returned_order,0.02,2.59,routine
12921,2,2022-05-04,prep_waste,0.42,60.75,routine
12922,2,2022-05-04,unsold_cooked,0.13,17.67,routine
12923,2,2022-05-04,spoilage,0.05,7.4,routine
12924,2,2022-05-04,returned_order,0.02,2.71,routine
12925,1,2022-05-05,prep_waste,0.22,24.61,routine
12926,1,2022-05-05,unsold_cooked,0.18,18.84,routine
12927,1,2022-05-05,spoilage,0.04,5.35,routine
12928,1,2022-05-05,returned_order,0.02,2.37,routine
12929,2,2022-05-05,prep_waste,0.29,31.93,routine
12930,2,2022-05-05,unsold_cooked,0.16,16.59,routine
12931,2,2022-05-05,spoilage,0.05,6.36,routine
12932,2,2022-05-05,returned_order,0.02,3.03,routine
12933,1,2022-05-06,prep_waste,0.43,57.79,routine
12934,1,2022-05-06,unsold_cooked,0.11,11.96,routine
12935,1,2022-05-06,spoilage,0.03,3.82,routine
12936,1,2022-05-06,returned_order,0.02,2.11,routine
12937,2,2022-05-06,prep_waste,0.2,25.83,routine
12938,2,2022-05-06,unsold_cooked,0.13,18.12,routine
12939,2,2022-05-06,spoilage,0.07,7.54,routine
12940,2,2022-05-06,returned_order,0.02,2.81,routine
12941,1,2022-05-07,prep_waste,0.33,43.95,routine
12942,1,2022-05-07,unsold_cooked,0.14,19.51,routine
12943,1,2022-05-07,spoilage,0.08,9.74,routine
12944,1,2022-05-07,returned_order,0.64,70.41,routine
12945,2,2022-05-07,prep_waste,0.32,37.59,routine
12946,2,2022-05-07,unsold_cooked,0.24,35.69,routine
12947,2,2022-05-07,spoilage,0.04,4.32,routine
12948,2,2022-05-07,returned_order,0.02,2.1,routine
12949,1,2022-05-08,prep_waste,0.35,38.33,routine
12950,1,2022-05-08,unsold_cooked,0.17,23.7,routine
12951,1,2022-05-08,spoilage,0.07,7.12,routine
12952,1,2022-05-08,returned_order,0.02,2.48,routine
12953,2,2022-05-08,prep_waste,0.24,33.43,routine
12954,2,2022-05-08,unsold_cooked,0.11,11.77,routine
12955,2,2022-05-08,spoilage,0.07,11.53,routine
12956,2,2022-05-08,returned_order,0.55,72.5,routine
12957,1,2022-05-09,prep_waste,0.38,42.75,routine
12958,1,2022-05-09,unsold_cooked,0.12,15.58,routine
12959,1,2022-05-09,spoilage,0.06,8.47,routine
12960,1,2022-05-09,returned_order,0.02,2.5,routine
12961,2,2022-05-09,prep_waste,0.25,30.15,routine
12962,2,2022-05-09,unsold_cooked,0.16,25.13,routine
12963,2,2022-05-09,spoilage,0.05,6.08,routine
12964,2,2022-05-09,returned_order,0.02,2.41,routine
12965,1,2022-05-10,prep_waste,0.32,41.76,routine
12966,1,2022-05-10,unsold_cooked,0.15,23.26,routine
12967,1,2022-05-10,spoilage,0.06,7.27,routine
12968,1,2022-05-10,returned_order,0.56,86.22,routine
12969,2,2022-05-10,prep_waste,0.27,40.68,routine
12970,2,2022-05-10,unsold_cooked,0.14,17.66,routine
12971,2,2022-05-10,spoilage,0.06,7.36,routine
12972,2,2022-05-10,returned_order,0.02,2.7,routine
12973,1,2022-05-11,prep_waste,0.41,58.18,routine
12974,1,2022-05-11,unsold_cooked,0.14,21.41,routine
12975,1,2022-05-11,spoilage,0.08,10.09,routine
12976,1,2022-05-11,returned_order,0.88,111.73,routine
12977,2,2022-05-11,prep_waste,0.43,65.42,routine
12978,2,2022-05-11,unsold_cooked,0.18,19.99,routine
12979,2,2022-05-11,spoilage,0.05,8.05,routine
12980,2,2022-05-11,returned_order,0.02,2.8,routine
12981,1,2022-05-12,prep_waste,0.28,37.49,routine
12982,1,2022-05-12,unsold_cooked,0.14,17.11,routine
12983,1,2022-05-12,spoilage,0.05,5.93,routine
12984,1,2022-05-12,returned_order,0.78,85.56,routine
12985,2,2022-05-12,prep_waste,0.41,48.15,routine
12986,2,2022-05-12,unsold_cooked,0.23,29.4,routine
12987,2,2022-05-12,spoilage,0.06,8.22,routine
12988,2,2022-05-12,returned_order,0.02,2.61,routine
12989,1,2022-05-13,prep_waste,0.41,56.91,routine
12990,1,2022-05-13,unsold_cooked,0.24,34.33,routine
12991,1,2022-05-13,spoilage,0.03,3.6,routine
12992,1,2022-05-13,returned_order,0.02,2.67,routine
12993,2,2022-05-13,prep_waste,0.31,46.97,routine
12994,2,2022-05-13,unsold_cooked,0.15,20.04,routine
12995,2,2022-05-13,spoilage,0.06,7.26,routine
12996,2,2022-05-13,returned_order,0.02,2.19,routine
12997,1,2022-05-14,prep_waste,0.25,28.39,routine
12998,1,2022-05-14,unsold_cooked,0.14,18.98,routine
12999,1,2022-05-14,spoilage,0.05,4.91,routine
13000,1,2022-05-14,returned_order,0.02,2.69,routine
13001,2,2022-05-14,prep_waste,0.39,49.63,routine
13002,2,2022-05-14,unsold_cooked,0.12,12.65,routine
13003,2,2022-05-14,spoilage,0.03,4.89,routine
13004,2,2022-05-14,returned_order,0.61,94.43,routine
13005,1,2022-05-15,prep_waste,0.25,27.64,routine
13006,1,2022-05-15,unsold_cooked,0.22,23.62,routine
13007,1,2022-05-15,spoilage,0.06,6.74,routine
13008,1,2022-05-15,returned_order,1.55,209.92,routine
13009,2,2022-05-15,prep_waste,0.33,44.95,routine
13010,2,2022-05-15,unsold_cooked,0.27,29.96,routine
13011,2,2022-05-15,spoilage,0.06,7.68,routine
13012,2,2022-05-15,returned_order,0.02,2.5,routine
13013,1,2022-05-16,prep_waste,0.19,26.92,routine
13014,1,2022-05-16,unsold_cooked,0.1,13.41,routine
13015,1,2022-05-16,spoilage,0.08,9.12,routine
13016,1,2022-05-16,returned_order,0.02,2.93,routine
13017,2,2022-05-16,prep_waste,0.21,22.4,routine
13018,2,2022-05-16,unsold_cooked,0.18,19.05,routine
13019,2,2022-05-16,spoilage,0.07,9.34,routine
13020,2,2022-05-16,returned_order,0.02,2.46,routine
13021,1,2022-05-17,prep_waste,0.35,45.34,routine
13022,1,2022-05-17,unsold_cooked,0.12,13.01,routine
13023,1,2022-05-17,spoilage,0.07,10.36,routine
13024,1,2022-05-17,returned_order,0.02,2.16,routine
13025,2,2022-05-17,prep_waste,0.22,28.87,routine
13026,2,2022-05-17,unsold_cooked,0.14,18.78,routine
13027,2,2022-05-17,spoilage,0.05,5.3,routine
13028,2,2022-05-17,returned_order,0.02,2.66,routine
13029,1,2022-05-18,prep_waste,0.38,47.24,routine
13030,1,2022-05-18,unsold_cooked,0.11,14.41,routine
13031,1,2022-05-18,spoilage,0.08,9.06,routine
13032,1,2022-05-18,returned_order,0.02,2.3,routine
13033,2,2022-05-18,prep_waste,0.33,39.69,routine
13034,2,2022-05-18,unsold_cooked,0.11,16.66,routine
13035,2,2022-05-18,spoilage,0.06,6.95,routine
13036,2,2022-05-18,returned_order,0.53,72.66,routine
13037,1,2022-05-19,prep_waste,0.2,23.67,routine
13038,1,2022-05-19,unsold_cooked,0.12,14.71,routine
13039,1,2022-05-19,spoilage,0.04,4.11,routine
13040,1,2022-05-19,returned_order,0.02,3.05,routine
13041,2,2022-05-19,prep_waste,0.39,54.92,routine
13042,2,2022-05-19,unsold_cooked,0.2,27.56,routine
13043,2,2022-05-19,spoilage,0.04,4.26,routine
13044,2,2022-05-19,returned_order,0.02,2.26,routine
13045,1,2022-05-20,prep_waste,0.21,29.0,routine
13046,1,2022-05-20,unsold_cooked,0.18,21.94,routine
13047,1,2022-05-20,spoilage,0.04,5.41,routine
13048,1,2022-05-20,returned_order,0.65,68.46,routine
13049,2,2022-05-20,prep_waste,0.38,46.64,routine
13050,2,2022-05-20,unsold_cooked,0.17,24.29,routine
13051,2,2022-05-20,spoilage,0.03,3.92,routine
13052,2,2022-05-20,returned_order,0.02,2.16,routine
13053,1,2022-05-21,prep_waste,0.41,45.0,routine
13054,1,2022-05-21,unsold_cooked,0.2,22.7,routine
13055,1,2022-05-21,spoilage,0.08,11.55,routine
13056,1,2022-05-21,returned_order,0.58,82.93,routine
13057,2,2022-05-21,prep_waste,0.4,46.23,routine
13058,2,2022-05-21,unsold_cooked,0.19,23.25,routine
13059,2,2022-05-21,spoilage,0.05,6.26,routine
13060,2,2022-05-21,returned_order,0.02,2.3,routine
13061,1,2022-05-22,prep_waste,0.33,45.45,routine
13062,1,2022-05-22,unsold_cooked,0.12,15.2,routine
13063,1,2022-05-22,spoilage,0.06,6.88,routine
13064,1,2022-05-22,returned_order,0.88,129.44,routine
13065,2,2022-05-22,prep_waste,0.2,26.97,routine
13066,2,2022-05-22,unsold_cooked,0.1,14.88,routine
13067,2,2022-05-22,spoilage,0.05,6.92,routine
13068,2,2022-05-22,returned_order,0.02,2.7,routine
13069,1,2022-05-23,prep_waste,0.37,49.9,routine
13070,1,2022-05-23,unsold_cooked,0.13,19.85,routine
13071,1,2022-05-23,spoilage,0.04,5.38,routine
13072,1,2022-05-23,returned_order,0.02,2.89,routine
13073,2,2022-05-23,prep_waste,0.33,49.43,routine
13074,2,2022-05-23,unsold_cooked,0.22,27.12,routine
13075,2,2022-05-23,spoilage,0.05,5.79,routine
13076,2,2022-05-23,returned_order,0.02,2.9,routine
13077,1,2022-05-24,prep_waste,0.25,27.06,routine
13078,1,2022-05-24,unsold_cooked,0.26,34.79,routine
13079,1,2022-05-24,spoilage,0.06,7.67,routine
13080,1,2022-05-24,returned_order,1.42,178.66,routine
13081,2,2022-05-24,prep_waste,0.23,28.88,routine
13082,2,2022-05-24,unsold_cooked,0.1,14.34,routine
13083,2,2022-05-24,spoilage,0.07,9.18,routine
13084,2,2022-05-24,returned_order,0.02,2.14,routine
13085,1,2022-05-25,prep_waste,0.19,21.43,routine
13086,1,2022-05-25,unsold_cooked,0.24,37.16,routine
13087,1,2022-05-25,spoilage,0.07,9.15,routine
13088,1,2022-05-25,returned_order,0.02,2.94,routine
13089,2,2022-05-25,prep_waste,0.25,37.52,routine
13090,2,2022-05-25,unsold_cooked,0.22,28.92,routine
13091,2,2022-05-25,spoilage,0.08,8.71,routine
13092,2,2022-05-25,returned_order,0.02,2.94,routine
13093,1,2022-05-26,prep_waste,0.27,31.3,routine
13094,1,2022-05-26,unsold_cooked,0.11,11.27,routine
13095,1,2022-05-26,spoilage,0.07,9.61,routine
13096,1,2022-05-26,returned_order,0.02,2.29,routine
13097,2,2022-05-26,prep_waste,0.42,51.39,routine
13098,2,2022-05-26,unsold_cooked,0.11,11.86,routine
13099,2,2022-05-26,spoilage,0.07,7.06,routine
13100,2,2022-05-26,returned_order,0.02,2.79,routine
13101,1,2022-05-27,prep_waste,0.38,50.85,routine
13102,1,2022-05-27,unsold_cooked,0.16,20.58,routine
13103,1,2022-05-27,spoilage,0.07,10.22,routine
13104,1,2022-05-27,returned_order,0.02,3.0,routine
13105,2,2022-05-27,prep_waste,0.32,42.88,routine
13106,2,2022-05-27,unsold_cooked,0.15,17.85,routine
13107,2,2022-05-27,spoilage,0.05,6.25,routine
13108,2,2022-05-27,returned_order,0.02,2.61,routine
13109,1,2022-05-28,prep_waste,0.26,36.7,routine
13110,1,2022-05-28,unsold_cooked,0.24,32.03,routine
13111,1,2022-05-28,spoilage,0.06,6.73,routine
13112,1,2022-05-28,returned_order,0.02,2.82,routine
13113,2,2022-05-28,prep_waste,0.35,49.69,routine
13114,2,2022-05-28,unsold_cooked,0.11,16.37,routine
13115,2,2022-05-28,spoilage,0.07,8.2,routine
13116,2,2022-05-28,returned_order,0.02,2.27,routine
13117,1,2022-05-29,prep_waste,0.18,23.92,routine
13118,1,2022-05-29,unsold_cooked,0.2,23.42,routine
13119,1,2022-05-29,spoilage,0.04,6.2,routine
13120,1,2022-05-29,returned_order,0.81,96.29,routine
13121,2,2022-05-29,prep_waste,0.4,55.11,routine
13122,2,2022-05-29,unsold_cooked,0.17,19.17,routine
13123,2,2022-05-29,spoilage,0.06,8.45,routine
13124,2,2022-05-29,returned_order,0.87,112.45,routine
13125,1,2022-05-30,prep_waste,0.35,46.54,routine
13126,1,2022-05-30,unsold_cooked,0.22,29.73,routine
13127,1,2022-05-30,spoilage,0.08,10.83,routine
13128,1,2022-05-30,returned_order,0.02,2.42,routine
13129,2,2022-05-30,prep_waste,0.35,47.78,routine
13130,2,2022-05-30,unsold_cooked,0.19,23.23,routine
13131,2,2022-05-30,spoilage,0.06,8.72,routine
13132,2,2022-05-30,returned_order,0.02,2.59,routine
13133,1,2022-05-31,prep_waste,0.41,56.82,routine
13134,1,2022-05-31,unsold_cooked,0.22,33.46,routine
13135,1,2022-05-31,spoilage,0.07,8.77,routine
13136,1,2022-05-31,returned_order,0.02,2.98,routine
13137,2,2022-05-31,prep_waste,0.3,45.2,routine
13138,2,2022-05-31,unsold_cooked,0.11,15.46,routine
13139,2,2022-05-31,spoilage,0.04,5.33,routine
13140,2,2022-05-31,returned_order,0.63,92.28,routine
13141,1,2022-06-01,prep_waste,0.38,43.11,routine
13142,1,2022-06-01,unsold_cooked,0.18,20.85,routine
13143,1,2022-06-01,spoilage,0.05,6.44,routine
13144,1,2022-06-01,returned_order,0.02,2.99,routine
13145,2,2022-06-01,prep_waste,0.43,47.79,routine
13146,2,2022-06-01,unsold_cooked,0.14,19.62,routine
13147,2,2022-06-01,spoilage,0.07,10.99,routine
13148,2,2022-06-01,returned_order,0.02,3.07,routine
13149,1,2022-06-02,prep_waste,0.33,41.37,routine
13150,1,2022-06-02,unsold_cooked,0.13,17.59,routine
13151,1,2022-06-02,spoilage,0.08,10.44,routine
13152,1,2022-06-02,returned_order,0.02,2.69,routine
13153,2,2022-06-02,prep_waste,0.36,43.74,routine
13154,2,2022-06-02,unsold_cooked,0.21,23.35,routine
13155,2,2022-06-02,spoilage,0.04,4.95,routine
13156,2,2022-06-02,returned_order,0.02,2.12,routine
13157,1,2022-06-03,prep_waste,0.26,35.94,routine
13158,1,2022-06-03,unsold_cooked,0.16,21.74,routine
13159,1,2022-06-03,spoilage,0.03,3.76,routine
13160,1,2022-06-03,returned_order,0.02,2.35,routine
13161,2,2022-06-03,prep_waste,0.41,50.44,routine
13162,2,2022-06-03,unsold_cooked,0.23,31.73,routine
13163,2,2022-06-03,spoilage,0.04,5.25,routine
13164,2,2022-06-03,returned_order,0.02,2.1,routine
13165,1,2022-06-04,prep_waste,0.3,35.42,routine
13166,1,2022-06-04,unsold_cooked,0.25,27.8,routine
13167,1,2022-06-04,spoilage,0.03,5.39,routine
13168,1,2022-06-04,returned_order,0.86,91.6,routine
13169,2,2022-06-04,prep_waste,0.45,61.69,routine
13170,2,2022-06-04,unsold_cooked,0.21,30.91,routine
13171,2,2022-06-04,spoilage,0.05,6.79,routine
13172,2,2022-06-04,returned_order,0.74,107.8,routine
13173,1,2022-06-05,prep_waste,0.27,30.01,routine
13174,1,2022-06-05,unsold_cooked,0.16,23.03,routine
13175,1,2022-06-05,spoilage,0.03,4.7,routine
13176,1,2022-06-05,returned_order,0.02,2.77,routine
13177,2,2022-06-05,prep_waste,0.27,37.05,routine
13178,2,2022-06-05,unsold_cooked,0.19,28.1,routine
13179,2,2022-06-05,spoilage,0.06,7.55,routine
13180,2,2022-06-05,returned_order,0.02,2.22,routine
13181,1,2022-06-06,prep_waste,0.29,32.78,routine
13182,1,2022-06-06,unsold_cooked,0.18,21.19,routine
13183,1,2022-06-06,spoilage,0.04,5.01,routine
13184,1,2022-06-06,returned_order,0.02,2.26,routine
13185,2,2022-06-06,prep_waste,0.23,34.52,routine
13186,2,2022-06-06,unsold_cooked,0.22,34.58,routine
13187,2,2022-06-06,spoilage,0.04,6.31,routine
13188,2,2022-06-06,returned_order,0.02,2.24,routine
13189,1,2022-06-07,prep_waste,0.3,32.1,routine
13190,1,2022-06-07,unsold_cooked,0.2,23.57,routine
13191,1,2022-06-07,spoilage,0.07,7.75,routine
13192,1,2022-06-07,returned_order,0.83,104.76,routine
13193,2,2022-06-07,prep_waste,0.25,36.53,routine
13194,2,2022-06-07,unsold_cooked,0.21,31.29,routine
13195,2,2022-06-07,spoilage,0.08,8.47,routine
13196,2,2022-06-07,returned_order,0.02,2.53,routine
13197,1,2022-06-08,prep_waste,0.37,43.06,routine
13198,1,2022-06-08,unsold_cooked,0.21,32.01,routine
13199,1,2022-06-08,spoilage,0.05,5.96,routine
13200,1,2022-06-08,returned_order,0.02,2.32,routine
13201,2,2022-06-08,prep_waste,0.23,28.9,routine
13202,2,2022-06-08,unsold_cooked,0.2,23.31,routine
13203,2,2022-06-08,spoilage,0.04,5.39,routine
13204,2,2022-06-08,returned_order,0.02,2.44,routine
13205,1,2022-06-09,prep_waste,0.2,25.31,routine
13206,1,2022-06-09,unsold_cooked,0.12,17.81,routine
13207,1,2022-06-09,spoilage,0.07,10.01,routine
13208,1,2022-06-09,returned_order,0.67,80.36,routine
13209,2,2022-06-09,prep_waste,0.42,46.28,routine
13210,2,2022-06-09,unsold_cooked,0.16,18.69,routine
13211,2,2022-06-09,spoilage,0.07,10.04,routine
13212,2,2022-06-09,returned_order,0.02,2.23,routine
13213,1,2022-06-10,prep_waste,0.37,45.82,routine
13214,1,2022-06-10,unsold_cooked,0.13,17.73,routine
13215,1,2022-06-10,spoilage,0.08,8.54,routine
13216,1,2022-06-10,returned_order,1.53,198.12,routine
13217,2,2022-06-10,prep_waste,0.21,31.39,routine
13218,2,2022-06-10,unsold_cooked,0.17,19.62,routine
13219,2,2022-06-10,spoilage,0.08,11.36,routine
13220,2,2022-06-10,returned_order,0.02,2.42,routine
13221,1,2022-06-11,prep_waste,0.26,39.01,routine
13222,1,2022-06-11,unsold_cooked,0.21,26.86,routine
13223,1,2022-06-11,spoilage,0.07,10.73,routine
13224,1,2022-06-11,returned_order,0.02,2.48,routine
13225,2,2022-06-11,prep_waste,0.25,26.61,routine
13226,2,2022-06-11,unsold_cooked,0.21,27.96,routine
13227,2,2022-06-11,spoilage,0.07,9.32,routine
13228,2,2022-06-11,returned_order,0.02,2.12,routine
13229,1,2022-06-12,prep_waste,0.38,55.55,routine
13230,1,2022-06-12,unsold_cooked,0.17,23.01,routine
13231,1,2022-06-12,spoilage,0.04,3.76,routine
13232,1,2022-06-12,returned_order,0.81,100.56,routine
13233,2,2022-06-12,prep_waste,0.34,37.15,routine
13234,2,2022-06-12,unsold_cooked,0.11,13.73,routine
13235,2,2022-06-12,spoilage,0.06,9.19,routine
13236,2,2022-06-12,returned_order,0.87,106.25,routine
13237,1,2022-06-13,prep_waste,0.27,30.26,routine
13238,1,2022-06-13,unsold_cooked,0.13,19.12,routine
13239,1,2022-06-13,spoilage,0.04,5.94,routine
13240,1,2022-06-13,returned_order,0.02,2.45,routine
13241,2,2022-06-13,prep_waste,0.43,46.99,routine
13242,2,2022-06-13,unsold_cooked,0.1,14.07,routine
13243,2,2022-06-13,spoilage,0.04,5.47,routine
13244,2,2022-06-13,returned_order,0.02,2.2,routine
13245,1,2022-06-14,prep_waste,0.34,40.64,routine
13246,1,2022-06-14,unsold_cooked,0.21,23.05,routine
13247,1,2022-06-14,spoilage,0.03,4.37,routine
13248,1,2022-06-14,returned_order,0.78,111.01,routine
13249,2,2022-06-14,prep_waste,0.35,39.43,routine
13250,2,2022-06-14,unsold_cooked,0.21,26.34,routine
13251,2,2022-06-14,spoilage,0.05,6.02,routine
13252,2,2022-06-14,returned_order,0.02,2.99,routine
13253,1,2022-06-15,prep_waste,0.36,51.89,routine
13254,1,2022-06-15,unsold_cooked,0.13,15.74,routine
13255,1,2022-06-15,spoilage,0.04,5.6,routine
13256,1,2022-06-15,returned_order,0.02,2.98,routine
13257,2,2022-06-15,prep_waste,0.25,30.73,routine
13258,2,2022-06-15,unsold_cooked,0.23,32.34,routine
13259,2,2022-06-15,spoilage,0.03,5.04,routine
13260,2,2022-06-15,returned_order,0.02,3.0,routine
13261,1,2022-06-16,prep_waste,0.28,39.73,routine
13262,1,2022-06-16,unsold_cooked,0.12,13.53,routine
13263,1,2022-06-16,spoilage,0.05,5.35,routine
13264,1,2022-06-16,returned_order,1.08,154.54,routine
13265,2,2022-06-16,prep_waste,0.43,48.87,routine
13266,2,2022-06-16,unsold_cooked,0.19,21.64,routine
13267,2,2022-06-16,spoilage,0.07,11.08,routine
13268,2,2022-06-16,returned_order,0.02,2.27,routine
13269,1,2022-06-17,prep_waste,0.33,38.11,routine
13270,1,2022-06-17,unsold_cooked,0.13,19.67,routine
13271,1,2022-06-17,spoilage,0.06,9.6,routine
13272,1,2022-06-17,returned_order,0.02,2.15,routine
13273,2,2022-06-17,prep_waste,0.33,45.21,routine
13274,2,2022-06-17,unsold_cooked,0.14,16.99,routine
13275,2,2022-06-17,spoilage,0.06,6.19,routine
13276,2,2022-06-17,returned_order,0.02,3.09,routine
13277,1,2022-06-18,prep_waste,0.33,50.95,routine
13278,1,2022-06-18,unsold_cooked,0.22,28.03,routine
13279,1,2022-06-18,spoilage,0.07,8.55,routine
13280,1,2022-06-18,returned_order,0.02,2.26,routine
13281,2,2022-06-18,prep_waste,0.3,33.22,routine
13282,2,2022-06-18,unsold_cooked,0.19,27.53,routine
13283,2,2022-06-18,spoilage,0.08,8.55,routine
13284,2,2022-06-18,returned_order,0.84,127.67,routine
13285,1,2022-06-19,prep_waste,0.28,32.05,routine
13286,1,2022-06-19,unsold_cooked,0.18,27.62,routine
13287,1,2022-06-19,spoilage,0.08,11.54,routine
13288,1,2022-06-19,returned_order,2.45,282.88,routine
13289,2,2022-06-19,prep_waste,0.2,21.38,routine
13290,2,2022-06-19,unsold_cooked,0.14,15.29,routine
13291,2,2022-06-19,spoilage,0.04,6.16,routine
13292,2,2022-06-19,returned_order,0.02,3.08,routine
13293,1,2022-06-20,prep_waste,0.42,59.77,routine
13294,1,2022-06-20,unsold_cooked,0.23,27.87,routine
13295,1,2022-06-20,spoilage,0.06,8.49,routine
13296,1,2022-06-20,returned_order,0.9,101.98,routine
13297,2,2022-06-20,prep_waste,0.33,40.0,routine
13298,2,2022-06-20,unsold_cooked,0.12,14.94,routine
13299,2,2022-06-20,spoilage,0.05,6.41,routine
13300,2,2022-06-20,returned_order,0.02,2.77,routine
13301,1,2022-06-21,prep_waste,0.35,48.67,routine
13302,1,2022-06-21,unsold_cooked,0.23,30.83,routine
13303,1,2022-06-21,spoilage,0.08,11.6,routine
13304,1,2022-06-21,returned_order,0.02,2.58,routine
13305,2,2022-06-21,prep_waste,0.4,55.62,routine
13306,2,2022-06-21,unsold_cooked,0.18,19.84,routine
13307,2,2022-06-21,spoilage,0.06,7.6,routine
13308,2,2022-06-21,returned_order,0.02,3.07,routine
13309,1,2022-06-22,prep_waste,0.24,30.62,routine
13310,1,2022-06-22,unsold_cooked,0.16,18.47,routine
13311,1,2022-06-22,spoilage,0.07,8.01,routine
13312,1,2022-06-22,returned_order,0.53,78.47,routine
13313,2,2022-06-22,prep_waste,0.37,54.36,routine
13314,2,2022-06-22,unsold_cooked,0.27,34.67,routine
13315,2,2022-06-22,spoilage,0.07,9.79,routine
13316,2,2022-06-22,returned_order,0.02,2.15,routine
13317,1,2022-06-23,prep_waste,0.2,21.82,routine
13318,1,2022-06-23,unsold_cooked,0.19,21.69,routine
13319,1,2022-06-23,spoilage,0.06,7.84,routine
13320,1,2022-06-23,returned_order,0.02,2.47,routine
13321,2,2022-06-23,prep_waste,0.28,34.89,routine
13322,2,2022-06-23,unsold_cooked,0.14,15.6,routine
13323,2,2022-06-23,spoilage,0.04,4.86,routine
13324,2,2022-06-23,returned_order,0.68,75.57,routine
13325,1,2022-06-24,prep_waste,0.37,53.65,routine
13326,1,2022-06-24,unsold_cooked,0.23,34.24,routine
13327,1,2022-06-24,spoilage,0.05,5.71,routine
13328,1,2022-06-24,returned_order,0.02,2.28,routine
13329,2,2022-06-24,prep_waste,0.24,27.72,routine
13330,2,2022-06-24,unsold_cooked,0.15,16.59,routine
13331,2,2022-06-24,spoilage,0.05,5.72,routine
13332,2,2022-06-24,returned_order,0.02,2.36,routine
13333,1,2022-06-25,prep_waste,0.35,52.84,routine
13334,1,2022-06-25,unsold_cooked,0.11,14.3,routine
13335,1,2022-06-25,spoilage,0.06,8.16,routine
13336,1,2022-06-25,returned_order,1.29,148.66,routine
13337,2,2022-06-25,prep_waste,0.21,31.07,routine
13338,2,2022-06-25,unsold_cooked,0.18,26.09,routine
13339,2,2022-06-25,spoilage,0.05,5.81,routine
13340,2,2022-06-25,returned_order,0.02,2.11,routine
13341,1,2022-06-26,prep_waste,0.21,28.48,routine
13342,1,2022-06-26,unsold_cooked,0.16,20.13,routine
13343,1,2022-06-26,spoilage,0.07,7.81,routine
13344,1,2022-06-26,returned_order,0.86,102.7,routine
13345,2,2022-06-26,prep_waste,0.21,28.0,routine
13346,2,2022-06-26,unsold_cooked,0.17,26.15,routine
13347,2,2022-06-26,spoilage,0.05,5.79,routine
13348,2,2022-06-26,returned_order,0.02,3.09,routine
13349,1,2022-06-27,prep_waste,0.22,25.43,routine
13350,1,2022-06-27,unsold_cooked,0.2,26.46,routine
13351,1,2022-06-27,spoilage,0.04,4.41,routine
13352,1,2022-06-27,returned_order,0.02,2.12,routine
13353,2,2022-06-27,prep_waste,0.27,33.84,routine
13354,2,2022-06-27,unsold_cooked,0.14,20.96,routine
13355,2,2022-06-27,spoilage,0.07,9.23,routine
13356,2,2022-06-27,returned_order,0.02,2.97,routine
13357,1,2022-06-28,prep_waste,0.26,39.15,routine
13358,1,2022-06-28,unsold_cooked,0.17,20.05,routine
13359,1,2022-06-28,spoilage,0.06,8.69,routine
13360,1,2022-06-28,returned_order,0.02,2.53,routine
13361,2,2022-06-28,prep_waste,0.36,54.46,routine
13362,2,2022-06-28,unsold_cooked,0.16,23.11,routine
13363,2,2022-06-28,spoilage,0.07,7.98,routine
13364,2,2022-06-28,returned_order,0.02,2.7,routine
13365,1,2022-06-29,prep_waste,0.22,23.95,routine
13366,1,2022-06-29,unsold_cooked,0.15,18.4,routine
13367,1,2022-06-29,spoilage,0.04,3.91,routine
13368,1,2022-06-29,returned_order,0.02,2.32,routine
13369,2,2022-06-29,prep_waste,0.27,29.37,routine
13370,2,2022-06-29,unsold_cooked,0.1,15.09,routine
13371,2,2022-06-29,spoilage,0.06,7.21,routine
13372,2,2022-06-29,returned_order,0.02,2.6,routine
13373,1,2022-06-30,prep_waste,0.22,32.93,routine
13374,1,2022-06-30,unsold_cooked,0.17,25.9,routine
13375,1,2022-06-30,spoilage,0.05,7.83,routine
13376,1,2022-06-30,returned_order,0.02,2.49,routine
13377,2,2022-06-30,prep_waste,0.4,50.91,routine
13378,2,2022-06-30,unsold_cooked,0.17,23.97,routine
13379,2,2022-06-30,spoilage,0.07,9.84,routine
13380,2,2022-06-30,returned_order,0.68,96.39,routine
13381,1,2022-07-01,prep_waste,0.34,45.43,routine
13382,1,2022-07-01,unsold_cooked,0.17,21.39,routine
13383,1,2022-07-01,spoilage,0.05,6.54,routine
13384,1,2022-07-01,returned_order,0.02,2.61,routine
13385,2,2022-07-01,prep_waste,0.43,57.03,routine
13386,2,2022-07-01,unsold_cooked,0.24,35.48,routine
13387,2,2022-07-01,spoilage,0.08,9.6,routine
13388,2,2022-07-01,returned_order,0.02,2.24,routine
13389,1,2022-07-02,prep_waste,0.22,33.38,routine
13390,1,2022-07-02,unsold_cooked,0.15,18.46,routine
13391,1,2022-07-02,spoilage,0.08,10.21,routine
13392,1,2022-07-02,returned_order,0.02,2.74,routine
13393,2,2022-07-02,prep_waste,0.39,49.16,routine
13394,2,2022-07-02,unsold_cooked,0.24,26.6,routine
13395,2,2022-07-02,spoilage,0.07,9.08,routine
13396,2,2022-07-02,returned_order,0.77,82.18,routine
13397,1,2022-07-03,prep_waste,0.42,62.44,routine
13398,1,2022-07-03,unsold_cooked,0.16,20.42,routine
13399,1,2022-07-03,spoilage,0.07,10.84,routine
13400,1,2022-07-03,returned_order,1.21,175.69,routine
13401,2,2022-07-03,prep_waste,0.24,27.2,routine
13402,2,2022-07-03,unsold_cooked,0.22,26.26,routine
13403,2,2022-07-03,spoilage,0.06,6.47,routine
13404,2,2022-07-03,returned_order,0.02,2.57,routine
13405,1,2022-07-04,prep_waste,0.38,54.31,routine
13406,1,2022-07-04,unsold_cooked,0.12,14.97,routine
13407,1,2022-07-04,spoilage,0.08,10.45,routine
13408,1,2022-07-04,returned_order,1.32,155.49,routine
13409,2,2022-07-04,prep_waste,0.44,47.61,routine
13410,2,2022-07-04,unsold_cooked,0.21,26.08,routine
13411,2,2022-07-04,spoilage,0.05,6.79,routine
13412,2,2022-07-04,returned_order,0.02,2.16,routine
13413,1,2022-07-05,prep_waste,0.34,41.43,routine
13414,1,2022-07-05,unsold_cooked,0.2,26.02,routine
13415,1,2022-07-05,spoilage,0.06,9.01,routine
13416,1,2022-07-05,returned_order,0.88,124.88,routine
13417,2,2022-07-05,prep_waste,0.2,21.33,routine
13418,2,2022-07-05,unsold_cooked,0.17,24.22,routine
13419,2,2022-07-05,spoilage,0.07,9.34,routine
13420,2,2022-07-05,returned_order,0.02,2.68,routine
13421,1,2022-07-06,prep_waste,0.28,31.64,routine
13422,1,2022-07-06,unsold_cooked,0.23,29.39,routine
13423,1,2022-07-06,spoilage,0.08,10.76,routine
13424,1,2022-07-06,returned_order,0.02,3.01,routine
13425,2,2022-07-06,prep_waste,0.27,30.03,routine
13426,2,2022-07-06,unsold_cooked,0.19,24.96,routine
13427,2,2022-07-06,spoilage,0.05,6.82,routine
13428,2,2022-07-06,returned_order,0.02,2.64,routine
13429,1,2022-07-07,prep_waste,0.22,24.51,routine
13430,1,2022-07-07,unsold_cooked,0.19,24.15,routine
13431,1,2022-07-07,spoilage,0.07,10.41,routine
13432,1,2022-07-07,returned_order,0.02,2.97,routine
13433,2,2022-07-07,prep_waste,0.42,49.0,routine
13434,2,2022-07-07,unsold_cooked,0.15,21.4,routine
13435,2,2022-07-07,spoilage,0.08,9.24,routine
13436,2,2022-07-07,returned_order,0.02,2.87,routine
13437,1,2022-07-08,prep_waste,0.23,34.62,routine
13438,1,2022-07-08,unsold_cooked,0.23,26.03,routine
13439,1,2022-07-08,spoilage,0.08,11.05,routine
13440,1,2022-07-08,returned_order,0.02,2.9,routine
13441,2,2022-07-08,prep_waste,0.27,31.43,routine
13442,2,2022-07-08,unsold_cooked,0.15,19.89,routine
13443,2,2022-07-08,spoilage,0.05,5.51,routine
13444,2,2022-07-08,returned_order,0.71,103.11,routine
13445,1,2022-07-09,prep_waste,0.37,49.83,routine
13446,1,2022-07-09,unsold_cooked,0.16,23.32,routine
13447,1,2022-07-09,spoilage,0.07,7.39,routine
13448,1,2022-07-09,returned_order,0.02,2.42,routine
13449,2,2022-07-09,prep_waste,0.3,32.93,routine
13450,2,2022-07-09,unsold_cooked,0.16,21.05,routine
13451,2,2022-07-09,spoilage,0.06,7.35,routine
13452,2,2022-07-09,returned_order,0.02,2.18,routine
13453,1,2022-07-10,prep_waste,0.42,50.19,routine
13454,1,2022-07-10,unsold_cooked,0.12,17.87,routine
13455,1,2022-07-10,spoilage,0.03,3.52,routine
13456,1,2022-07-10,returned_order,0.89,100.12,routine
13457,2,2022-07-10,prep_waste,0.32,40.34,routine
13458,2,2022-07-10,unsold_cooked,0.22,26.43,routine
13459,2,2022-07-10,spoilage,0.06,9.05,routine
13460,2,2022-07-10,returned_order,0.66,93.65,routine
13461,1,2022-07-11,prep_waste,0.31,32.17,routine
13462,1,2022-07-11,unsold_cooked,0.12,14.88,routine
13463,1,2022-07-11,spoilage,0.06,9.14,routine
13464,1,2022-07-11,returned_order,0.02,2.44,routine
13465,2,2022-07-11,prep_waste,0.2,26.34,routine
13466,2,2022-07-11,unsold_cooked,0.2,21.68,routine
13467,2,2022-07-11,spoilage,0.05,5.82,routine
13468,2,2022-07-11,returned_order,0.02,3.09,routine
13469,1,2022-07-12,prep_waste,0.38,41.34,routine
13470,1,2022-07-12,unsold_cooked,0.12,12.9,routine
13471,1,2022-07-12,spoilage,0.07,10.42,routine
13472,1,2022-07-12,returned_order,0.89,127.86,routine
13473,2,2022-07-12,prep_waste,0.38,47.32,routine
13474,2,2022-07-12,unsold_cooked,0.17,18.42,routine
13475,2,2022-07-12,spoilage,0.07,9.03,routine
13476,2,2022-07-12,returned_order,0.02,2.97,routine
13477,1,2022-07-13,prep_waste,0.42,62.72,routine
13478,1,2022-07-13,unsold_cooked,0.25,37.94,routine
13479,1,2022-07-13,spoilage,0.06,7.83,routine
13480,1,2022-07-13,returned_order,0.02,2.2,routine
13481,2,2022-07-13,prep_waste,0.37,46.75,routine
13482,2,2022-07-13,unsold_cooked,0.16,22.9,routine
13483,2,2022-07-13,spoilage,0.05,5.84,routine
13484,2,2022-07-13,returned_order,0.02,2.18,routine
13485,1,2022-07-14,prep_waste,0.21,30.56,routine
13486,1,2022-07-14,unsold_cooked,0.14,21.12,routine
13487,1,2022-07-14,spoilage,0.05,6.89,routine
13488,1,2022-07-14,returned_order,0.02,2.89,routine
13489,2,2022-07-14,prep_waste,0.34,45.58,routine
13490,2,2022-07-14,unsold_cooked,0.21,30.9,routine
13491,2,2022-07-14,spoilage,0.04,5.81,routine
13492,2,2022-07-14,returned_order,0.02,2.48,routine
13493,1,2022-07-15,prep_waste,0.23,31.67,routine
13494,1,2022-07-15,unsold_cooked,0.19,24.59,routine
13495,1,2022-07-15,spoilage,0.06,7.3,routine
13496,1,2022-07-15,returned_order,0.02,2.95,routine
13497,2,2022-07-15,prep_waste,0.42,48.61,routine
13498,2,2022-07-15,unsold_cooked,0.22,33.2,routine
13499,2,2022-07-15,spoilage,0.05,6.14,routine
13500,2,2022-07-15,returned_order,0.02,2.68,routine
13501,1,2022-07-16,prep_waste,0.22,26.33,routine
13502,1,2022-07-16,unsold_cooked,0.17,19.71,routine
13503,1,2022-07-16,spoilage,0.07,11.23,routine
13504,1,2022-07-16,returned_order,0.02,2.46,routine
13505,2,2022-07-16,prep_waste,0.41,55.46,routine
13506,2,2022-07-16,unsold_cooked,0.16,21.94,routine
13507,2,2022-07-16,spoilage,0.04,6.32,routine
13508,2,2022-07-16,returned_order,0.02,2.21,routine
13509,1,2022-07-17,prep_waste,0.42,54.58,routine
13510,1,2022-07-17,unsold_cooked,0.1,12.64,routine
13511,1,2022-07-17,spoilage,0.04,4.88,routine
13512,1,2022-07-17,returned_order,0.7,78.18,routine
13513,2,2022-07-17,prep_waste,0.24,30.19,routine
13514,2,2022-07-17,unsold_cooked,0.21,29.55,routine
13515,2,2022-07-17,spoilage,0.05,5.03,routine
13516,2,2022-07-17,returned_order,0.02,2.28,routine
13517,1,2022-07-18,prep_waste,0.31,41.28,routine
13518,1,2022-07-18,unsold_cooked,0.15,20.02,routine
13519,1,2022-07-18,spoilage,0.06,7.97,routine
13520,1,2022-07-18,returned_order,0.74,101.03,routine
13521,2,2022-07-18,prep_waste,0.36,41.66,routine
13522,2,2022-07-18,unsold_cooked,0.12,18.01,routine
13523,2,2022-07-18,spoilage,0.04,4.85,routine
13524,2,2022-07-18,returned_order,0.02,3.07,routine
13525,1,2022-07-19,prep_waste,0.25,31.88,routine
13526,1,2022-07-19,unsold_cooked,0.19,22.97,routine
13527,1,2022-07-19,spoilage,0.04,5.15,routine
13528,1,2022-07-19,returned_order,0.02,2.8,routine
13529,2,2022-07-19,prep_waste,0.4,60.05,routine
13530,2,2022-07-19,unsold_cooked,0.19,21.32,routine
13531,2,2022-07-19,spoilage,0.07,10.82,routine
13532,2,2022-07-19,returned_order,0.02,2.5,routine
13533,1,2022-07-20,prep_waste,0.22,27.09,routine
13534,1,2022-07-20,unsold_cooked,0.22,23.68,routine
13535,1,2022-07-20,spoilage,0.04,4.68,routine
13536,1,2022-07-20,returned_order,0.02,2.77,routine
13537,2,2022-07-20,prep_waste,0.43,54.94,routine
13538,2,2022-07-20,unsold_cooked,0.12,13.09,routine
13539,2,2022-07-20,spoilage,0.06,6.67,routine
13540,2,2022-07-20,returned_order,0.02,2.13,routine
13541,1,2022-07-21,prep_waste,0.27,37.43,routine
13542,1,2022-07-21,unsold_cooked,0.15,17.41,routine
13543,1,2022-07-21,spoilage,0.07,10.62,routine
13544,1,2022-07-21,returned_order,0.83,102.7,routine
13545,2,2022-07-21,prep_waste,0.19,24.38,routine
13546,2,2022-07-21,unsold_cooked,0.21,30.97,routine
13547,2,2022-07-21,spoilage,0.08,9.06,routine
13548,2,2022-07-21,returned_order,0.77,85.67,routine
13549,1,2022-07-22,prep_waste,0.41,49.58,routine
13550,1,2022-07-22,unsold_cooked,0.15,22.2,routine
13551,1,2022-07-22,spoilage,0.06,9.92,routine
13552,1,2022-07-22,returned_order,0.02,2.57,routine
13553,2,2022-07-22,prep_waste,0.37,38.87,routine
13554,2,2022-07-22,unsold_cooked,0.12,16.55,routine
13555,2,2022-07-22,spoilage,0.05,7.85,routine
13556,2,2022-07-22,returned_order,0.63,68.34,routine
13557,1,2022-07-23,prep_waste,0.29,37.85,routine
13558,1,2022-07-23,unsold_cooked,0.19,25.73,routine
13559,1,2022-07-23,spoilage,0.06,6.89,routine
13560,1,2022-07-23,returned_order,0.02,2.44,routine
13561,2,2022-07-23,prep_waste,0.44,54.0,routine
13562,2,2022-07-23,unsold_cooked,0.22,27.8,routine
13563,2,2022-07-23,spoilage,0.07,8.66,routine
13564,2,2022-07-23,returned_order,0.02,2.15,routine
13565,1,2022-07-24,prep_waste,0.25,36.51,routine
13566,1,2022-07-24,unsold_cooked,0.1,14.42,routine
13567,1,2022-07-24,spoilage,0.04,4.69,routine
13568,1,2022-07-24,returned_order,0.02,2.39,routine
13569,2,2022-07-24,prep_waste,0.35,40.43,routine
13570,2,2022-07-24,unsold_cooked,0.14,21.67,routine
13571,2,2022-07-24,spoilage,0.04,4.38,routine
13572,2,2022-07-24,returned_order,0.52,63.37,routine
13573,1,2022-07-25,prep_waste,0.24,33.12,routine
13574,1,2022-07-25,unsold_cooked,0.18,21.75,routine
13575,1,2022-07-25,spoilage,0.06,8.12,routine
13576,1,2022-07-25,returned_order,0.02,2.47,routine
13577,2,2022-07-25,prep_waste,0.18,20.28,routine
13578,2,2022-07-25,unsold_cooked,0.18,24.47,routine
13579,2,2022-07-25,spoilage,0.04,4.68,routine
13580,2,2022-07-25,returned_order,0.88,136.21,routine
13581,1,2022-07-26,prep_waste,0.24,32.7,routine
13582,1,2022-07-26,unsold_cooked,0.21,25.6,routine
13583,1,2022-07-26,spoilage,0.08,10.37,routine
13584,1,2022-07-26,returned_order,0.02,3.09,routine
13585,2,2022-07-26,prep_waste,0.3,39.9,routine
13586,2,2022-07-26,unsold_cooked,0.24,29.24,routine
13587,2,2022-07-26,spoilage,0.06,8.24,routine
13588,2,2022-07-26,returned_order,0.02,2.58,routine
13589,1,2022-07-27,prep_waste,0.28,33.04,routine
13590,1,2022-07-27,unsold_cooked,0.19,26.84,routine
13591,1,2022-07-27,spoilage,0.06,7.12,routine
13592,1,2022-07-27,returned_order,0.02,2.74,routine
13593,2,2022-07-27,prep_waste,0.28,42.41,routine
13594,2,2022-07-27,unsold_cooked,0.12,15.0,routine
13595,2,2022-07-27,spoilage,0.07,10.07,routine
13596,2,2022-07-27,returned_order,0.02,3.04,routine
13597,1,2022-07-28,prep_waste,0.36,51.19,routine
13598,1,2022-07-28,unsold_cooked,0.11,17.01,routine
13599,1,2022-07-28,spoilage,0.05,5.28,routine
13600,1,2022-07-28,returned_order,0.02,2.65,routine
13601,2,2022-07-28,prep_waste,0.41,54.88,routine
13602,2,2022-07-28,unsold_cooked,0.13,15.99,routine
13603,2,2022-07-28,spoilage,0.04,5.11,routine
13604,2,2022-07-28,returned_order,0.02,2.19,routine
13605,1,2022-07-29,prep_waste,0.28,30.18,routine
13606,1,2022-07-29,unsold_cooked,0.21,28.63,routine
13607,1,2022-07-29,spoilage,0.04,4.24,routine
13608,1,2022-07-29,returned_order,0.02,3.0,routine
13609,2,2022-07-29,prep_waste,0.38,57.45,routine
13610,2,2022-07-29,unsold_cooked,0.17,18.28,routine
13611,2,2022-07-29,spoilage,0.06,6.75,routine
13612,2,2022-07-29,returned_order,0.7,77.77,routine
13613,1,2022-07-30,prep_waste,0.3,44.66,routine
13614,1,2022-07-30,unsold_cooked,0.15,17.81,routine
13615,1,2022-07-30,spoilage,0.07,9.8,routine
13616,1,2022-07-30,returned_order,0.02,2.39,routine
13617,2,2022-07-30,prep_waste,0.2,25.54,routine
13618,2,2022-07-30,unsold_cooked,0.2,25.92,routine
13619,2,2022-07-30,spoilage,0.07,7.87,routine
13620,2,2022-07-30,returned_order,0.02,2.73,routine
13621,1,2022-07-31,prep_waste,0.37,55.81,routine
13622,1,2022-07-31,unsold_cooked,0.24,27.81,routine
13623,1,2022-07-31,spoilage,0.08,8.68,routine
13624,1,2022-07-31,returned_order,0.02,2.28,routine
13625,2,2022-07-31,prep_waste,0.28,31.9,routine
13626,2,2022-07-31,unsold_cooked,0.23,34.08,routine
13627,2,2022-07-31,spoilage,0.08,8.36,routine
13628,2,2022-07-31,returned_order,0.02,2.82,routine
13629,1,2022-08-01,prep_waste,0.39,50.69,routine
13630,1,2022-08-01,unsold_cooked,0.13,14.24,routine
13631,1,2022-08-01,spoilage,0.07,9.12,routine
13632,1,2022-08-01,returned_order,0.02,2.76,routine
13633,2,2022-08-01,prep_waste,0.32,43.91,routine
13634,2,2022-08-01,unsold_cooked,0.19,26.36,routine
13635,2,2022-08-01,spoilage,0.06,8.55,routine
13636,2,2022-08-01,returned_order,0.02,2.68,routine
13637,1,2022-08-02,prep_waste,0.44,47.33,routine
13638,1,2022-08-02,unsold_cooked,0.22,27.76,routine
13639,1,2022-08-02,spoilage,0.07,8.29,routine
13640,1,2022-08-02,returned_order,0.02,3.02,routine
13641,2,2022-08-02,prep_waste,0.43,56.74,routine
13642,2,2022-08-02,unsold_cooked,0.1,10.87,routine
13643,2,2022-08-02,spoilage,0.08,8.6,routine
13644,2,2022-08-02,returned_order,0.02,2.19,routine
13645,1,2022-08-03,prep_waste,0.31,39.43,routine
13646,1,2022-08-03,unsold_cooked,0.17,24.36,routine
13647,1,2022-08-03,spoilage,0.04,3.96,routine
13648,1,2022-08-03,returned_order,0.02,3.04,routine
13649,2,2022-08-03,prep_waste,0.22,25.86,routine
13650,2,2022-08-03,unsold_cooked,0.13,15.27,routine
13651,2,2022-08-03,spoilage,0.06,6.93,routine
13652,2,2022-08-03,returned_order,0.02,2.19,routine
13653,1,2022-08-04,prep_waste,0.26,29.73,routine
13654,1,2022-08-04,unsold_cooked,0.18,21.6,routine
13655,1,2022-08-04,spoilage,0.04,5.01,routine
13656,1,2022-08-04,returned_order,0.02,2.74,routine
13657,2,2022-08-04,prep_waste,0.41,58.07,routine
13658,2,2022-08-04,unsold_cooked,0.2,28.04,routine
13659,2,2022-08-04,spoilage,0.06,6.59,routine
13660,2,2022-08-04,returned_order,0.02,2.82,routine
13661,1,2022-08-05,prep_waste,0.21,27.18,routine
13662,1,2022-08-05,unsold_cooked,0.18,23.82,routine
13663,1,2022-08-05,spoilage,0.06,8.86,routine
13664,1,2022-08-05,returned_order,0.02,2.42,routine
13665,2,2022-08-05,prep_waste,0.35,44.82,routine
13666,2,2022-08-05,unsold_cooked,0.11,14.96,routine
13667,2,2022-08-05,spoilage,0.04,5.92,routine
13668,2,2022-08-05,returned_order,0.02,2.87,routine
13669,1,2022-08-06,prep_waste,0.38,47.96,routine
13670,1,2022-08-06,unsold_cooked,0.13,17.76,routine
13671,1,2022-08-06,spoilage,0.04,4.96,routine
13672,1,2022-08-06,returned_order,0.02,3.01,routine
13673,2,2022-08-06,prep_waste,0.26,32.58,routine
13674,2,2022-08-06,unsold_cooked,0.14,19.94,routine
13675,2,2022-08-06,spoilage,0.06,6.89,routine
13676,2,2022-08-06,returned_order,0.62,69.29,routine
13677,1,2022-08-07,prep_waste,0.22,33.9,routine
13678,1,2022-08-07,unsold_cooked,0.2,28.55,routine
13679,1,2022-08-07,spoilage,0.07,8.37,routine
13680,1,2022-08-07,returned_order,1.65,235.34,routine
13681,2,2022-08-07,prep_waste,0.34,52.76,routine
13682,2,2022-08-07,unsold_cooked,0.24,25.47,routine
13683,2,2022-08-07,spoilage,0.07,9.45,routine
13684,2,2022-08-07,returned_order,1.3,137.73,routine
13685,1,2022-08-08,prep_waste,0.35,43.87,routine
13686,1,2022-08-08,unsold_cooked,0.16,22.58,routine
13687,1,2022-08-08,spoilage,0.08,11.93,routine
13688,1,2022-08-08,returned_order,0.02,2.88,routine
13689,2,2022-08-08,prep_waste,0.19,23.92,routine
13690,2,2022-08-08,unsold_cooked,0.14,19.52,routine
13691,2,2022-08-08,spoilage,0.08,12.1,routine
13692,2,2022-08-08,returned_order,0.02,2.72,routine
13693,1,2022-08-09,prep_waste,0.33,46.29,routine
13694,1,2022-08-09,unsold_cooked,0.18,25.65,routine
13695,1,2022-08-09,spoilage,0.04,5.14,routine
13696,1,2022-08-09,returned_order,0.02,2.7,routine
13697,2,2022-08-09,prep_waste,0.2,30.09,routine
13698,2,2022-08-09,unsold_cooked,0.14,20.11,routine
13699,2,2022-08-09,spoilage,0.05,7.52,routine
13700,2,2022-08-09,returned_order,0.02,2.64,routine
13701,1,2022-08-10,prep_waste,0.21,22.39,routine
13702,1,2022-08-10,unsold_cooked,0.23,28.94,routine
13703,1,2022-08-10,spoilage,0.08,9.56,routine
13704,1,2022-08-10,returned_order,0.02,2.79,routine
13705,2,2022-08-10,prep_waste,0.29,33.14,routine
13706,2,2022-08-10,unsold_cooked,0.14,15.37,routine
13707,2,2022-08-10,spoilage,0.05,5.49,routine
13708,2,2022-08-10,returned_order,0.02,2.42,routine
13709,1,2022-08-11,prep_waste,0.36,48.53,routine
13710,1,2022-08-11,unsold_cooked,0.2,24.14,routine
13711,1,2022-08-11,spoilage,0.06,8.05,routine
13712,1,2022-08-11,returned_order,0.02,3.02,routine
13713,2,2022-08-11,prep_waste,0.22,26.32,routine
13714,2,2022-08-11,unsold_cooked,0.19,24.64,routine
13715,2,2022-08-11,spoilage,0.05,7.95,routine
13716,2,2022-08-11,returned_order,0.02,2.77,routine
13717,1,2022-08-12,prep_waste,0.36,41.25,routine
13718,1,2022-08-12,unsold_cooked,0.23,34.51,routine
13719,1,2022-08-12,spoilage,0.04,5.24,routine
13720,1,2022-08-12,returned_order,0.76,96.18,routine
13721,2,2022-08-12,prep_waste,0.28,38.26,routine
13722,2,2022-08-12,unsold_cooked,0.2,24.1,routine
13723,2,2022-08-12,spoilage,0.06,7.64,routine
13724,2,2022-08-12,returned_order,0.02,2.85,routine
13725,1,2022-08-13,prep_waste,0.44,57.0,routine
13726,1,2022-08-13,unsold_cooked,0.18,21.23,routine
13727,1,2022-08-13,spoilage,0.06,8.75,routine
13728,1,2022-08-13,returned_order,0.63,92.58,routine
13729,2,2022-08-13,prep_waste,0.26,33.03,routine
13730,2,2022-08-13,unsold_cooked,0.22,31.07,routine
13731,2,2022-08-13,spoilage,0.07,8.83,routine
13732,2,2022-08-13,returned_order,0.02,2.81,routine
13733,1,2022-08-14,prep_waste,0.33,41.65,routine
13734,1,2022-08-14,unsold_cooked,0.11,16.93,routine
13735,1,2022-08-14,spoilage,0.04,3.95,routine
13736,1,2022-08-14,returned_order,0.64,69.86,routine
13737,2,2022-08-14,prep_waste,0.23,27.21,routine
13738,2,2022-08-14,unsold_cooked,0.13,18.93,routine
13739,2,2022-08-14,spoilage,0.06,6.61,routine
13740,2,2022-08-14,returned_order,0.02,2.7,routine
13741,1,2022-08-15,prep_waste,0.18,24.04,routine
13742,1,2022-08-15,unsold_cooked,0.17,23.85,routine
13743,1,2022-08-15,spoilage,0.07,10.35,routine
13744,1,2022-08-15,returned_order,0.02,2.74,routine
13745,2,2022-08-15,prep_waste,0.41,63.0,routine
13746,2,2022-08-15,unsold_cooked,0.23,25.84,routine
13747,2,2022-08-15,spoilage,0.05,5.81,routine
13748,2,2022-08-15,returned_order,0.02,2.14,routine
13749,1,2022-08-16,prep_waste,0.43,54.0,routine
13750,1,2022-08-16,unsold_cooked,0.13,17.05,routine
13751,1,2022-08-16,spoilage,0.04,5.04,routine
13752,1,2022-08-16,returned_order,0.02,2.53,routine
13753,2,2022-08-16,prep_waste,0.32,35.16,routine
13754,2,2022-08-16,unsold_cooked,0.13,15.78,routine
13755,2,2022-08-16,spoilage,0.08,10.72,routine
13756,2,2022-08-16,returned_order,0.02,2.48,routine
13757,1,2022-08-17,prep_waste,0.2,21.16,routine
13758,1,2022-08-17,unsold_cooked,0.21,28.26,routine
13759,1,2022-08-17,spoilage,0.06,8.3,routine
13760,1,2022-08-17,returned_order,0.57,61.73,routine
13761,2,2022-08-17,prep_waste,0.34,51.29,routine
13762,2,2022-08-17,unsold_cooked,0.2,26.45,routine
13763,2,2022-08-17,spoilage,0.06,8.52,routine
13764,2,2022-08-17,returned_order,0.02,2.4,routine
13765,1,2022-08-18,prep_waste,0.21,30.4,routine
13766,1,2022-08-18,unsold_cooked,0.13,19.47,routine
13767,1,2022-08-18,spoilage,0.08,8.22,routine
13768,1,2022-08-18,returned_order,0.02,2.82,routine
13769,2,2022-08-18,prep_waste,0.22,33.53,routine
13770,2,2022-08-18,unsold_cooked,0.17,24.1,routine
13771,2,2022-08-18,spoilage,0.06,7.99,routine
13772,2,2022-08-18,returned_order,0.02,2.42,routine
13773,1,2022-08-19,prep_waste,0.27,41.51,routine
13774,1,2022-08-19,unsold_cooked,0.18,25.43,routine
13775,1,2022-08-19,spoilage,0.04,6.84,routine
13776,1,2022-08-19,returned_order,0.02,2.11,routine
13777,2,2022-08-19,prep_waste,0.26,36.67,routine
13778,2,2022-08-19,unsold_cooked,0.13,20.52,routine
13779,2,2022-08-19,spoilage,0.04,4.8,routine
13780,2,2022-08-19,returned_order,0.02,2.19,routine
13781,1,2022-08-20,prep_waste,0.34,41.38,routine
13782,1,2022-08-20,unsold_cooked,0.17,18.64,routine
13783,1,2022-08-20,spoilage,0.07,7.58,routine
13784,1,2022-08-20,returned_order,0.02,2.45,routine
13785,2,2022-08-20,prep_waste,0.37,48.29,routine
13786,2,2022-08-20,unsold_cooked,0.22,32.08,routine
13787,2,2022-08-20,spoilage,0.08,8.55,routine
13788,2,2022-08-20,returned_order,0.02,2.96,routine
13789,1,2022-08-21,prep_waste,0.21,29.59,routine
13790,1,2022-08-21,unsold_cooked,0.23,33.86,routine
13791,1,2022-08-21,spoilage,0.07,9.74,routine
13792,1,2022-08-21,returned_order,0.02,2.21,routine
13793,2,2022-08-21,prep_waste,0.22,31.22,routine
13794,2,2022-08-21,unsold_cooked,0.21,23.42,routine
13795,2,2022-08-21,spoilage,0.05,5.65,routine
13796,2,2022-08-21,returned_order,0.02,2.15,routine
13797,1,2022-08-22,prep_waste,0.28,35.17,routine
13798,1,2022-08-22,unsold_cooked,0.11,15.79,routine
13799,1,2022-08-22,spoilage,0.08,9.2,routine
13800,1,2022-08-22,returned_order,0.02,3.05,routine
13801,2,2022-08-22,prep_waste,0.43,67.17,routine
13802,2,2022-08-22,unsold_cooked,0.19,27.56,routine
13803,2,2022-08-22,spoilage,0.04,4.5,routine
13804,2,2022-08-22,returned_order,0.02,2.98,routine
13805,1,2022-08-23,prep_waste,0.26,29.63,routine
13806,1,2022-08-23,unsold_cooked,0.22,27.37,routine
13807,1,2022-08-23,spoilage,0.05,6.12,routine
13808,1,2022-08-23,returned_order,0.02,2.22,routine
13809,2,2022-08-23,prep_waste,0.42,50.36,routine
13810,2,2022-08-23,unsold_cooked,0.16,22.12,routine
13811,2,2022-08-23,spoilage,0.04,4.22,routine
13812,2,2022-08-23,returned_order,0.02,2.47,routine
13813,1,2022-08-24,prep_waste,0.42,61.96,routine
13814,1,2022-08-24,unsold_cooked,0.14,16.43,routine
13815,1,2022-08-24,spoilage,0.04,5.21,routine
13816,1,2022-08-24,returned_order,0.02,2.67,routine
13817,2,2022-08-24,prep_waste,0.23,34.74,routine
13818,2,2022-08-24,unsold_cooked,0.15,17.74,routine
13819,2,2022-08-24,spoilage,0.08,9.73,routine
13820,2,2022-08-24,returned_order,0.02,2.61,routine
13821,1,2022-08-25,prep_waste,0.38,56.08,routine
13822,1,2022-08-25,unsold_cooked,0.14,17.89,routine
13823,1,2022-08-25,spoilage,0.04,5.31,routine
13824,1,2022-08-25,returned_order,0.02,2.9,routine
13825,2,2022-08-25,prep_waste,0.29,43.63,routine
13826,2,2022-08-25,unsold_cooked,0.26,36.99,routine
13827,2,2022-08-25,spoilage,0.05,5.99,routine
13828,2,2022-08-25,returned_order,0.02,2.66,routine
13829,1,2022-08-26,prep_waste,0.2,22.34,routine
13830,1,2022-08-26,unsold_cooked,0.12,15.32,routine
13831,1,2022-08-26,spoilage,0.04,5.07,routine
13832,1,2022-08-26,returned_order,0.02,2.83,routine
13833,2,2022-08-26,prep_waste,0.34,45.41,routine
13834,2,2022-08-26,unsold_cooked,0.2,27.27,routine
13835,2,2022-08-26,spoilage,0.06,6.75,routine
13836,2,2022-08-26,returned_order,0.02,2.87,routine
13837,1,2022-08-27,prep_waste,0.33,47.31,routine
13838,1,2022-08-27,unsold_cooked,0.1,12.0,routine
13839,1,2022-08-27,spoilage,0.05,6.54,routine
13840,1,2022-08-27,returned_order,2.3,318.72,routine
13841,2,2022-08-27,prep_waste,0.32,48.87,routine
13842,2,2022-08-27,unsold_cooked,0.19,27.67,routine
13843,2,2022-08-27,spoilage,0.07,8.9,routine
13844,2,2022-08-27,returned_order,0.02,2.57,routine
13845,1,2022-08-28,prep_waste,0.44,64.05,routine
13846,1,2022-08-28,unsold_cooked,0.17,21.64,routine
13847,1,2022-08-28,spoilage,0.04,5.35,routine
13848,1,2022-08-28,returned_order,0.02,2.59,routine
13849,2,2022-08-28,prep_waste,0.32,45.62,routine
13850,2,2022-08-28,unsold_cooked,0.14,20.78,routine
13851,2,2022-08-28,spoilage,0.03,4.9,routine
13852,2,2022-08-28,returned_order,0.02,2.63,routine
13853,1,2022-08-29,prep_waste,0.21,28.61,routine
13854,1,2022-08-29,unsold_cooked,0.15,19.82,routine
13855,1,2022-08-29,spoilage,0.03,4.01,routine
13856,1,2022-08-29,returned_order,0.02,2.5,routine
13857,2,2022-08-29,prep_waste,0.41,53.92,routine
13858,2,2022-08-29,unsold_cooked,0.18,26.96,routine
13859,2,2022-08-29,spoilage,0.08,9.72,routine
13860,2,2022-08-29,returned_order,0.02,2.76,routine
13861,1,2022-08-30,prep_waste,0.32,40.08,routine
13862,1,2022-08-30,unsold_cooked,0.12,17.38,routine
13863,1,2022-08-30,spoilage,0.05,7.41,routine
13864,1,2022-08-30,returned_order,0.02,2.93,routine
13865,2,2022-08-30,prep_waste,0.44,47.15,routine
13866,2,2022-08-30,unsold_cooked,0.19,23.28,routine
13867,2,2022-08-30,spoilage,0.05,7.63,routine
13868,2,2022-08-30,returned_order,0.02,2.65,routine
13869,1,2022-08-31,prep_waste,0.27,39.07,routine
13870,1,2022-08-31,unsold_cooked,0.21,26.73,routine
13871,1,2022-08-31,spoilage,0.07,7.53,routine
13872,1,2022-08-31,returned_order,0.02,2.13,routine
13873,2,2022-08-31,prep_waste,0.2,21.58,routine
13874,2,2022-08-31,unsold_cooked,0.24,25.96,routine
13875,2,2022-08-31,spoilage,0.04,4.36,routine
13876,2,2022-08-31,returned_order,0.8,107.78,routine
13877,1,2022-09-01,prep_waste,0.42,58.59,routine
13878,1,2022-09-01,unsold_cooked,0.23,32.6,routine
13879,1,2022-09-01,spoilage,0.08,10.59,routine
13880,1,2022-09-01,returned_order,0.64,84.74,routine
13881,2,2022-09-01,prep_waste,0.28,32.17,routine
13882,2,2022-09-01,unsold_cooked,0.22,23.87,routine
13883,2,2022-09-01,spoilage,0.06,8.9,routine
13884,2,2022-09-01,returned_order,0.02,2.43,routine
13885,1,2022-09-02,prep_waste,0.26,31.5,routine
13886,1,2022-09-02,unsold_cooked,0.15,22.39,routine
13887,1,2022-09-02,spoilage,0.06,9.25,routine
13888,1,2022-09-02,returned_order,0.02,3.05,routine
13889,2,2022-09-02,prep_waste,0.3,36.81,routine
13890,2,2022-09-02,unsold_cooked,0.2,31.09,routine
13891,2,2022-09-02,spoilage,0.05,6.57,routine
13892,2,2022-09-02,returned_order,0.02,2.87,routine
13893,1,2022-09-03,prep_waste,0.3,41.64,routine
13894,1,2022-09-03,unsold_cooked,0.15,16.55,routine
13895,1,2022-09-03,spoilage,0.05,5.79,routine
13896,1,2022-09-03,returned_order,0.02,2.92,routine
13897,2,2022-09-03,prep_waste,0.43,60.95,routine
13898,2,2022-09-03,unsold_cooked,0.1,15.75,routine
13899,2,2022-09-03,spoilage,0.07,8.99,routine
13900,2,2022-09-03,returned_order,0.02,2.71,routine
13901,1,2022-09-04,prep_waste,0.31,45.96,routine
13902,1,2022-09-04,unsold_cooked,0.19,28.33,routine
13903,1,2022-09-04,spoilage,0.07,7.95,routine
13904,1,2022-09-04,returned_order,0.8,106.93,routine
13905,2,2022-09-04,prep_waste,0.35,41.79,routine
13906,2,2022-09-04,unsold_cooked,0.17,20.74,routine
13907,2,2022-09-04,spoilage,0.05,5.56,routine
13908,2,2022-09-04,returned_order,0.02,2.32,routine
13909,1,2022-09-05,prep_waste,0.23,24.5,routine
13910,1,2022-09-05,unsold_cooked,0.26,31.31,routine
13911,1,2022-09-05,spoilage,0.08,11.74,routine
13912,1,2022-09-05,returned_order,0.02,2.88,routine
13913,2,2022-09-05,prep_waste,0.22,26.1,routine
13914,2,2022-09-05,unsold_cooked,0.22,29.09,routine
13915,2,2022-09-05,spoilage,0.07,7.52,routine
13916,2,2022-09-05,returned_order,0.02,2.88,routine
13917,1,2022-09-06,prep_waste,0.31,40.69,routine
13918,1,2022-09-06,unsold_cooked,0.22,25.65,routine
13919,1,2022-09-06,spoilage,0.08,10.12,routine
13920,1,2022-09-06,returned_order,0.54,70.37,routine
13921,2,2022-09-06,prep_waste,0.29,33.39,routine
13922,2,2022-09-06,unsold_cooked,0.18,22.36,routine
13923,2,2022-09-06,spoilage,0.05,7.3,routine
13924,2,2022-09-06,returned_order,0.02,2.91,routine
13925,1,2022-09-07,prep_waste,0.44,58.5,routine
13926,1,2022-09-07,unsold_cooked,0.14,14.75,routine
13927,1,2022-09-07,spoilage,0.07,7.61,routine
13928,1,2022-09-07,returned_order,0.84,121.88,routine
13929,2,2022-09-07,prep_waste,0.22,29.18,routine
13930,2,2022-09-07,unsold_cooked,0.13,20.03,routine
13931,2,2022-09-07,spoilage,0.07,8.5,routine
13932,2,2022-09-07,returned_order,0.02,2.47,routine
13933,1,2022-09-08,prep_waste,0.3,45.49,routine
13934,1,2022-09-08,unsold_cooked,0.18,20.68,routine
13935,1,2022-09-08,spoilage,0.06,8.67,routine
13936,1,2022-09-08,returned_order,0.02,3.06,routine
13937,2,2022-09-08,prep_waste,0.43,49.03,routine
13938,2,2022-09-08,unsold_cooked,0.14,19.62,routine
13939,2,2022-09-08,spoilage,0.05,5.33,routine
13940,2,2022-09-08,returned_order,0.02,2.63,routine
13941,1,2022-09-09,prep_waste,0.37,48.54,routine
13942,1,2022-09-09,unsold_cooked,0.16,23.7,routine
13943,1,2022-09-09,spoilage,0.06,8.79,routine
13944,1,2022-09-09,returned_order,0.02,2.61,routine
13945,2,2022-09-09,prep_waste,0.43,57.34,routine
13946,2,2022-09-09,unsold_cooked,0.12,16.78,routine
13947,2,2022-09-09,spoilage,0.05,8.03,routine
13948,2,2022-09-09,returned_order,0.02,2.16,routine
13949,1,2022-09-10,prep_waste,0.42,52.32,routine
13950,1,2022-09-10,unsold_cooked,0.11,13.37,routine
13951,1,2022-09-10,spoilage,0.07,10.47,routine
13952,1,2022-09-10,returned_order,0.02,3.01,routine
13953,2,2022-09-10,prep_waste,0.23,34.5,routine
13954,2,2022-09-10,unsold_cooked,0.15,22.69,routine
13955,2,2022-09-10,spoilage,0.05,6.45,routine
13956,2,2022-09-10,returned_order,0.02,2.88,routine
13957,1,2022-09-11,prep_waste,0.37,39.94,routine
13958,1,2022-09-11,unsold_cooked,0.22,33.92,routine
13959,1,2022-09-11,spoilage,0.04,4.46,routine
13960,1,2022-09-11,returned_order,0.78,97.22,routine
13961,2,2022-09-11,prep_waste,0.33,37.09,routine
13962,2,2022-09-11,unsold_cooked,0.23,31.18,routine
13963,2,2022-09-11,spoilage,0.04,5.49,routine
13964,2,2022-09-11,returned_order,0.02,2.44,routine
13965,1,2022-09-12,prep_waste,0.37,55.41,routine
13966,1,2022-09-12,unsold_cooked,0.23,29.3,routine
13967,1,2022-09-12,spoilage,0.05,5.32,routine
13968,1,2022-09-12,returned_order,0.02,2.7,routine
13969,2,2022-09-12,prep_waste,0.32,43.45,routine
13970,2,2022-09-12,unsold_cooked,0.19,20.02,routine
13971,2,2022-09-12,spoilage,0.05,7.21,routine
13972,2,2022-09-12,returned_order,0.02,2.37,routine
13973,1,2022-09-13,prep_waste,0.28,38.49,routine
13974,1,2022-09-13,unsold_cooked,0.22,29.18,routine
13975,1,2022-09-13,spoilage,0.04,4.73,routine
13976,1,2022-09-13,returned_order,0.02,2.68,routine
13977,2,2022-09-13,prep_waste,0.23,27.36,routine
13978,2,2022-09-13,unsold_cooked,0.15,20.87,routine
13979,2,2022-09-13,spoilage,0.04,5.12,routine
13980,2,2022-09-13,returned_order,0.02,2.7,routine
13981,1,2022-09-14,prep_waste,0.21,26.96,routine
13982,1,2022-09-14,unsold_cooked,0.11,16.8,routine
13983,1,2022-09-14,spoilage,0.04,4.78,routine
13984,1,2022-09-14,returned_order,0.02,2.97,routine
13985,2,2022-09-14,prep_waste,0.34,37.92,routine
13986,2,2022-09-14,unsold_cooked,0.23,26.33,routine
13987,2,2022-09-14,spoilage,0.04,5.04,routine
13988,2,2022-09-14,returned_order,0.02,2.21,routine
13989,1,2022-09-15,prep_waste,0.2,27.87,routine
13990,1,2022-09-15,unsold_cooked,0.16,17.84,routine
13991,1,2022-09-15,spoilage,0.08,9.21,routine
13992,1,2022-09-15,returned_order,0.02,2.91,routine
13993,2,2022-09-15,prep_waste,0.29,34.85,routine
13994,2,2022-09-15,unsold_cooked,0.23,30.09,routine
13995,2,2022-09-15,spoilage,0.06,8.63,routine
13996,2,2022-09-15,returned_order,0.02,2.86,routine
13997,1,2022-09-16,prep_waste,0.4,54.33,routine
13998,1,2022-09-16,unsold_cooked,0.19,22.85,routine
13999,1,2022-09-16,spoilage,0.04,4.21,routine
14000,1,2022-09-16,returned_order,0.65,99.57,routine
14001,2,2022-09-16,prep_waste,0.27,39.57,routine
14002,2,2022-09-16,unsold_cooked,0.12,15.06,routine
14003,2,2022-09-16,spoilage,0.08,10.13,routine
14004,2,2022-09-16,returned_order,0.02,2.48,routine
14005,1,2022-09-17,prep_waste,0.19,27.59,routine
14006,1,2022-09-17,unsold_cooked,0.15,22.59,routine
14007,1,2022-09-17,spoilage,0.07,9.57,routine
14008,1,2022-09-17,returned_order,0.02,2.22,routine
14009,2,2022-09-17,prep_waste,0.37,55.02,routine
14010,2,2022-09-17,unsold_cooked,0.14,22.1,routine
14011,2,2022-09-17,spoilage,0.06,9.41,routine
14012,2,2022-09-17,returned_order,0.02,2.42,routine
14013,1,2022-09-18,prep_waste,0.41,52.15,routine
14014,1,2022-09-18,unsold_cooked,0.1,11.75,routine
14015,1,2022-09-18,spoilage,0.04,6.1,routine
14016,1,2022-09-18,returned_order,0.51,54.75,routine
14017,2,2022-09-18,prep_waste,0.27,36.87,routine
14018,2,2022-09-18,unsold_cooked,0.1,14.64,routine
14019,2,2022-09-18,spoilage,0.07,11.1,routine
14020,2,2022-09-18,returned_order,0.02,2.33,routine
14021,1,2022-09-19,prep_waste,0.34,49.05,routine
14022,1,2022-09-19,unsold_cooked,0.24,31.66,routine
14023,1,2022-09-19,spoilage,0.08,12.24,routine
14024,1,2022-09-19,returned_order,0.56,72.12,routine
14025,2,2022-09-19,prep_waste,0.21,23.22,routine
14026,2,2022-09-19,unsold_cooked,0.22,30.83,routine
14027,2,2022-09-19,spoilage,0.05,6.71,routine
14028,2,2022-09-19,returned_order,0.02,2.18,routine
14029,1,2022-09-20,prep_waste,0.2,21.64,routine
14030,1,2022-09-20,unsold_cooked,0.2,22.52,routine
14031,1,2022-09-20,spoilage,0.04,4.29,routine
14032,1,2022-09-20,returned_order,0.02,3.02,routine
14033,2,2022-09-20,prep_waste,0.24,27.57,routine
14034,2,2022-09-20,unsold_cooked,0.2,26.67,routine
14035,2,2022-09-20,spoilage,0.06,8.29,routine
14036,2,2022-09-20,returned_order,0.02,3.08,routine
14037,1,2022-09-21,prep_waste,0.22,30.63,routine
14038,1,2022-09-21,unsold_cooked,0.14,15.38,routine
14039,1,2022-09-21,spoilage,0.08,9.72,routine
14040,1,2022-09-21,returned_order,0.62,66.43,routine
14041,2,2022-09-21,prep_waste,0.31,46.08,routine
14042,2,2022-09-21,unsold_cooked,0.2,29.66,routine
14043,2,2022-09-21,spoilage,0.04,5.35,routine
14044,2,2022-09-21,returned_order,0.02,2.27,routine
14045,1,2022-09-22,prep_waste,0.38,47.66,routine
14046,1,2022-09-22,unsold_cooked,0.13,18.96,routine
14047,1,2022-09-22,spoilage,0.07,7.54,routine
14048,1,2022-09-22,returned_order,0.71,105.13,routine
14049,2,2022-09-22,prep_waste,0.34,36.61,routine
14050,2,2022-09-22,unsold_cooked,0.12,16.18,routine
14051,2,2022-09-22,spoilage,0.07,8.31,routine
14052,2,2022-09-22,returned_order,0.02,2.25,routine
14053,1,2022-09-23,prep_waste,0.4,53.69,routine
14054,1,2022-09-23,unsold_cooked,0.14,17.88,routine
14055,1,2022-09-23,spoilage,0.08,8.71,routine
14056,1,2022-09-23,returned_order,0.74,98.25,routine
14057,2,2022-09-23,prep_waste,0.39,44.89,routine
14058,2,2022-09-23,unsold_cooked,0.22,31.48,routine
14059,2,2022-09-23,spoilage,0.08,8.66,routine
14060,2,2022-09-23,returned_order,0.54,72.18,routine
14061,1,2022-09-24,prep_waste,0.43,63.01,routine
14062,1,2022-09-24,unsold_cooked,0.19,21.53,routine
14063,1,2022-09-24,spoilage,0.04,5.38,routine
14064,1,2022-09-24,returned_order,0.02,2.67,routine
14065,2,2022-09-24,prep_waste,0.23,28.14,routine
14066,2,2022-09-24,unsold_cooked,0.18,26.63,routine
14067,2,2022-09-24,spoilage,0.04,5.63,routine
14068,2,2022-09-24,returned_order,0.02,2.31,routine
14069,1,2022-09-25,prep_waste,0.25,29.11,routine
14070,1,2022-09-25,unsold_cooked,0.3,34.95,routine
14071,1,2022-09-25,spoilage,0.06,7.11,routine
14072,1,2022-09-25,returned_order,0.02,2.63,routine
14073,2,2022-09-25,prep_waste,0.19,20.83,routine
14074,2,2022-09-25,unsold_cooked,0.23,26.35,routine
14075,2,2022-09-25,spoilage,0.06,8.78,routine
14076,2,2022-09-25,returned_order,0.02,2.78,routine
14077,1,2022-09-26,prep_waste,0.34,44.7,routine
14078,1,2022-09-26,unsold_cooked,0.21,32.55,routine
14079,1,2022-09-26,spoilage,0.04,6.63,routine
14080,1,2022-09-26,returned_order,0.02,2.27,routine
14081,2,2022-09-26,prep_waste,0.29,38.26,routine
14082,2,2022-09-26,unsold_cooked,0.11,16.31,routine
14083,2,2022-09-26,spoilage,0.08,9.3,routine
14084,2,2022-09-26,returned_order,0.02,2.36,routine
14085,1,2022-09-27,prep_waste,0.38,45.19,routine
14086,1,2022-09-27,unsold_cooked,0.1,14.33,routine
14087,1,2022-09-27,spoilage,0.04,6.2,routine
14088,1,2022-09-27,returned_order,0.02,2.13,routine
14089,2,2022-09-27,prep_waste,0.25,35.2,routine
14090,2,2022-09-27,unsold_cooked,0.26,39.16,routine
14091,2,2022-09-27,spoilage,0.05,7.05,routine
14092,2,2022-09-27,returned_order,0.02,2.93,routine
14093,1,2022-09-28,prep_waste,0.34,50.18,routine
14094,1,2022-09-28,unsold_cooked,0.1,13.67,routine
14095,1,2022-09-28,spoilage,0.06,8.76,routine
14096,1,2022-09-28,returned_order,0.86,95.95,routine
14097,2,2022-09-28,prep_waste,0.36,50.21,routine
14098,2,2022-09-28,unsold_cooked,0.1,14.81,routine
14099,2,2022-09-28,spoilage,0.08,10.7,routine
14100,2,2022-09-28,returned_order,0.78,86.42,routine
14101,1,2022-09-29,prep_waste,0.22,33.57,routine
14102,1,2022-09-29,unsold_cooked,0.16,22.43,routine
14103,1,2022-09-29,spoilage,0.07,9.44,routine
14104,1,2022-09-29,returned_order,0.02,2.94,routine
14105,2,2022-09-29,prep_waste,0.25,31.67,routine
14106,2,2022-09-29,unsold_cooked,0.2,27.12,routine
14107,2,2022-09-29,spoilage,0.07,8.69,routine
14108,2,2022-09-29,returned_order,0.7,96.28,routine
14109,1,2022-09-30,prep_waste,0.41,45.32,routine
14110,1,2022-09-30,unsold_cooked,0.16,25.09,routine
14111,1,2022-09-30,spoilage,0.05,8.2,routine
14112,1,2022-09-30,returned_order,0.02,2.45,routine
14113,2,2022-09-30,prep_waste,0.4,50.48,routine
14114,2,2022-09-30,unsold_cooked,0.11,12.57,routine
14115,2,2022-09-30,spoilage,0.05,6.37,routine
14116,2,2022-09-30,returned_order,0.02,2.75,routine
14117,1,2022-10-01,prep_waste,0.39,41.86,routine
14118,1,2022-10-01,unsold_cooked,0.21,30.27,routine
14119,1,2022-10-01,spoilage,0.05,6.14,routine
14120,1,2022-10-01,returned_order,0.02,2.68,routine
14121,2,2022-10-01,prep_waste,0.39,42.77,routine
14122,2,2022-10-01,unsold_cooked,0.13,18.82,routine
14123,2,2022-10-01,spoilage,0.06,6.7,routine
14124,2,2022-10-01,returned_order,0.02,2.41,routine
14125,1,2022-10-02,prep_waste,0.29,32.77,routine
14126,1,2022-10-02,unsold_cooked,0.12,14.37,routine
14127,1,2022-10-02,spoilage,0.06,5.82,routine
14128,1,2022-10-02,returned_order,0.02,2.33,routine
14129,2,2022-10-02,prep_waste,0.33,43.31,routine
14130,2,2022-10-02,unsold_cooked,0.21,27.06,routine
14131,2,2022-10-02,spoilage,0.07,9.38,routine
14132,2,2022-10-02,returned_order,0.02,2.51,routine
14133,1,2022-10-03,prep_waste,0.32,47.71,routine
14134,1,2022-10-03,unsold_cooked,0.23,34.3,routine
14135,1,2022-10-03,spoilage,0.07,8.04,routine
14136,1,2022-10-03,returned_order,0.02,2.79,routine
14137,2,2022-10-03,prep_waste,0.35,38.58,routine
14138,2,2022-10-03,unsold_cooked,0.24,29.51,routine
14139,2,2022-10-03,spoilage,0.04,4.45,routine
14140,2,2022-10-03,returned_order,0.02,2.4,routine
14141,1,2022-10-04,prep_waste,0.29,37.36,routine
14142,1,2022-10-04,unsold_cooked,0.12,12.51,routine
14143,1,2022-10-04,spoilage,0.05,7.27,routine
14144,1,2022-10-04,returned_order,0.02,2.4,routine
14145,2,2022-10-04,prep_waste,0.41,43.69,routine
14146,2,2022-10-04,unsold_cooked,0.13,14.63,routine
14147,2,2022-10-04,spoilage,0.07,10.1,routine
14148,2,2022-10-04,returned_order,0.02,3.09,routine
14149,1,2022-10-05,prep_waste,0.4,46.18,routine
14150,1,2022-10-05,unsold_cooked,0.1,11.08,routine
14151,1,2022-10-05,spoilage,0.08,9.68,routine
14152,1,2022-10-05,returned_order,0.02,2.51,routine
14153,2,2022-10-05,prep_waste,0.44,51.79,routine
14154,2,2022-10-05,unsold_cooked,0.18,19.59,routine
14155,2,2022-10-05,spoilage,0.07,8.37,routine
14156,2,2022-10-05,returned_order,0.02,2.13,routine
14157,1,2022-10-06,prep_waste,0.43,45.73,routine
14158,1,2022-10-06,unsold_cooked,0.12,19.17,routine
14159,1,2022-10-06,spoilage,0.03,4.83,routine
14160,1,2022-10-06,returned_order,0.02,2.98,routine
14161,2,2022-10-06,prep_waste,0.32,39.24,routine
14162,2,2022-10-06,unsold_cooked,0.15,20.9,routine
14163,2,2022-10-06,spoilage,0.05,7.47,routine
14164,2,2022-10-06,returned_order,0.02,2.94,routine
14165,1,2022-10-07,prep_waste,0.33,34.82,routine
14166,1,2022-10-07,unsold_cooked,0.17,22.83,routine
14167,1,2022-10-07,spoilage,0.06,6.16,routine
14168,1,2022-10-07,returned_order,0.02,2.93,routine
14169,2,2022-10-07,prep_waste,0.24,29.58,routine
14170,2,2022-10-07,unsold_cooked,0.22,26.78,routine
14171,2,2022-10-07,spoilage,0.08,10.83,routine
14172,2,2022-10-07,returned_order,0.02,2.28,routine
14173,1,2022-10-08,prep_waste,0.18,19.99,routine
14174,1,2022-10-08,unsold_cooked,0.23,33.93,routine
14175,1,2022-10-08,spoilage,0.05,6.02,routine
14176,1,2022-10-08,returned_order,0.02,3.07,routine
14177,2,2022-10-08,prep_waste,0.36,50.02,routine
14178,2,2022-10-08,unsold_cooked,0.15,17.21,routine
14179,2,2022-10-08,spoilage,0.03,3.53,routine
14180,2,2022-10-08,returned_order,0.02,2.26,routine
14181,1,2022-10-09,prep_waste,0.27,28.6,routine
14182,1,2022-10-09,unsold_cooked,0.19,22.77,routine
14183,1,2022-10-09,spoilage,0.08,8.78,routine
14184,1,2022-10-09,returned_order,0.71,78.14,routine
14185,2,2022-10-09,prep_waste,0.23,28.99,routine
14186,2,2022-10-09,unsold_cooked,0.22,24.49,routine
14187,2,2022-10-09,spoilage,0.05,7.22,routine
14188,2,2022-10-09,returned_order,0.02,3.06,routine
14189,1,2022-10-10,prep_waste,0.25,33.56,routine
14190,1,2022-10-10,unsold_cooked,0.13,14.62,routine
14191,1,2022-10-10,spoilage,0.05,5.24,routine
14192,1,2022-10-10,returned_order,0.02,2.55,routine
14193,2,2022-10-10,prep_waste,0.32,46.98,routine
14194,2,2022-10-10,unsold_cooked,0.12,17.46,routine
14195,2,2022-10-10,spoilage,0.05,5.35,routine
14196,2,2022-10-10,returned_order,0.02,2.65,routine
14197,1,2022-10-11,prep_waste,0.39,60.71,routine
14198,1,2022-10-11,unsold_cooked,0.12,13.7,routine
14199,1,2022-10-11,spoilage,0.03,3.72,routine
14200,1,2022-10-11,returned_order,0.02,2.71,routine
14201,2,2022-10-11,prep_waste,0.33,37.11,routine
14202,2,2022-10-11,unsold_cooked,0.23,24.8,routine
14203,2,2022-10-11,spoilage,0.06,8.58,routine
14204,2,2022-10-11,returned_order,0.02,2.87,routine
14205,1,2022-10-12,prep_waste,0.41,46.54,routine
14206,1,2022-10-12,unsold_cooked,0.2,22.76,routine
14207,1,2022-10-12,spoilage,0.04,4.13,routine
14208,1,2022-10-12,returned_order,0.62,95.31,routine
14209,2,2022-10-12,prep_waste,0.24,35.8,routine
14210,2,2022-10-12,unsold_cooked,0.13,18.91,routine
14211,2,2022-10-12,spoilage,0.08,8.89,routine
14212,2,2022-10-12,returned_order,0.02,2.93,routine
14213,1,2022-10-13,prep_waste,0.28,35.4,routine
14214,1,2022-10-13,unsold_cooked,0.19,26.42,routine
14215,1,2022-10-13,spoilage,0.05,7.6,routine
14216,1,2022-10-13,returned_order,0.02,2.15,routine
14217,2,2022-10-13,prep_waste,0.28,38.9,routine
14218,2,2022-10-13,unsold_cooked,0.19,20.48,routine
14219,2,2022-10-13,spoilage,0.07,8.63,routine
14220,2,2022-10-13,returned_order,0.02,2.57,routine
14221,1,2022-10-14,prep_waste,0.26,35.72,routine
14222,1,2022-10-14,unsold_cooked,0.11,12.71,routine
14223,1,2022-10-14,spoilage,0.04,5.31,routine
14224,1,2022-10-14,returned_order,0.59,88.8,routine
14225,2,2022-10-14,prep_waste,0.2,24.26,routine
14226,2,2022-10-14,unsold_cooked,0.2,23.02,routine
14227,2,2022-10-14,spoilage,0.06,7.48,routine
14228,2,2022-10-14,returned_order,0.02,3.03,routine
14229,1,2022-10-15,prep_waste,0.44,47.38,routine
14230,1,2022-10-15,unsold_cooked,0.18,21.76,routine
14231,1,2022-10-15,spoilage,0.05,5.9,routine
14232,1,2022-10-15,returned_order,1.65,198.51,routine
14233,2,2022-10-15,prep_waste,0.42,62.34,routine
14234,2,2022-10-15,unsold_cooked,0.19,24.49,routine
14235,2,2022-10-15,spoilage,0.06,6.93,routine
14236,2,2022-10-15,returned_order,0.02,2.9,routine
14237,1,2022-10-16,prep_waste,0.38,56.21,routine
14238,1,2022-10-16,unsold_cooked,0.21,28.52,routine
14239,1,2022-10-16,spoilage,0.08,10.92,routine
14240,1,2022-10-16,returned_order,1.65,203.0,routine
14241,2,2022-10-16,prep_waste,0.18,19.55,routine
14242,2,2022-10-16,unsold_cooked,0.13,13.68,routine
14243,2,2022-10-16,spoilage,0.07,8.26,routine
14244,2,2022-10-16,returned_order,0.02,2.2,routine
14245,1,2022-10-17,prep_waste,0.33,39.06,routine
14246,1,2022-10-17,unsold_cooked,0.18,19.02,routine
14247,1,2022-10-17,spoilage,0.08,10.54,routine
14248,1,2022-10-17,returned_order,0.02,2.21,routine
14249,2,2022-10-17,prep_waste,0.39,45.1,routine
14250,2,2022-10-17,unsold_cooked,0.2,30.06,routine
14251,2,2022-10-17,spoilage,0.08,9.61,routine
14252,2,2022-10-17,returned_order,0.02,2.43,routine
14253,1,2022-10-18,prep_waste,0.28,36.37,routine
14254,1,2022-10-18,unsold_cooked,0.23,28.27,routine
14255,1,2022-10-18,spoilage,0.04,4.23,routine
14256,1,2022-10-18,returned_order,0.02,2.95,routine
14257,2,2022-10-18,prep_waste,0.24,33.78,routine
14258,2,2022-10-18,unsold_cooked,0.22,32.47,routine
14259,2,2022-10-18,spoilage,0.04,5.32,routine
14260,2,2022-10-18,returned_order,0.02,2.78,routine
14261,1,2022-10-19,prep_waste,0.25,28.91,routine
14262,1,2022-10-19,unsold_cooked,0.26,37.04,routine
14263,1,2022-10-19,spoilage,0.04,6.13,routine
14264,1,2022-10-19,returned_order,0.02,3.03,routine
14265,2,2022-10-19,prep_waste,0.22,24.54,routine
14266,2,2022-10-19,unsold_cooked,0.18,20.22,routine
14267,2,2022-10-19,spoilage,0.08,8.9,routine
14268,2,2022-10-19,returned_order,0.02,2.83,routine
14269,1,2022-10-20,prep_waste,0.27,39.85,routine
14270,1,2022-10-20,unsold_cooked,0.24,29.28,routine
14271,1,2022-10-20,spoilage,0.05,5.75,routine
14272,1,2022-10-20,returned_order,0.02,2.67,routine
14273,2,2022-10-20,prep_waste,0.35,40.71,routine
14274,2,2022-10-20,unsold_cooked,0.2,24.96,routine
14275,2,2022-10-20,spoilage,0.05,7.03,routine
14276,2,2022-10-20,returned_order,0.02,2.21,routine
14277,1,2022-10-21,prep_waste,0.24,35.97,routine
14278,1,2022-10-21,unsold_cooked,0.1,14.31,routine
14279,1,2022-10-21,spoilage,0.08,8.18,routine
14280,1,2022-10-21,returned_order,0.02,2.84,routine
14281,2,2022-10-21,prep_waste,0.31,42.53,routine
14282,2,2022-10-21,unsold_cooked,0.24,29.6,routine
14283,2,2022-10-21,spoilage,0.06,8.6,routine
14284,2,2022-10-21,returned_order,0.02,2.83,routine
14285,1,2022-10-22,prep_waste,0.19,21.07,routine
14286,1,2022-10-22,unsold_cooked,0.2,29.73,routine
14287,1,2022-10-22,spoilage,0.04,4.89,routine
14288,1,2022-10-22,returned_order,0.72,81.12,routine
14289,2,2022-10-22,prep_waste,0.3,39.97,routine
14290,2,2022-10-22,unsold_cooked,0.13,14.63,routine
14291,2,2022-10-22,spoilage,0.07,7.71,routine
14292,2,2022-10-22,returned_order,0.02,2.78,routine
14293,1,2022-10-23,prep_waste,0.27,28.68,routine
14294,1,2022-10-23,unsold_cooked,0.18,26.71,routine
14295,1,2022-10-23,spoilage,0.07,10.39,routine
14296,1,2022-10-23,returned_order,2.95,404.9,routine
14297,2,2022-10-23,prep_waste,0.37,40.36,routine
14298,2,2022-10-23,unsold_cooked,0.21,24.24,routine
14299,2,2022-10-23,spoilage,0.06,9.5,routine
14300,2,2022-10-23,returned_order,0.61,64.19,routine
14301,1,2022-10-24,prep_waste,0.21,30.75,routine
14302,1,2022-10-24,unsold_cooked,0.23,29.62,routine
14303,1,2022-10-24,spoilage,0.05,7.33,routine
14304,1,2022-10-24,returned_order,0.02,2.59,routine
14305,2,2022-10-24,prep_waste,0.3,42.16,routine
14306,2,2022-10-24,unsold_cooked,0.11,15.43,routine
14307,2,2022-10-24,spoilage,0.05,6.59,routine
14308,2,2022-10-24,returned_order,0.02,2.5,routine
14309,1,2022-10-25,prep_waste,0.25,36.13,routine
14310,1,2022-10-25,unsold_cooked,0.16,23.67,routine
14311,1,2022-10-25,spoilage,0.05,7.17,routine
14312,1,2022-10-25,returned_order,0.02,3.01,routine
14313,2,2022-10-25,prep_waste,0.32,46.97,routine
14314,2,2022-10-25,unsold_cooked,0.22,26.39,routine
14315,2,2022-10-25,spoilage,0.05,6.94,routine
14316,2,2022-10-25,returned_order,0.02,2.7,routine
14317,1,2022-10-26,prep_waste,0.27,33.61,routine
14318,1,2022-10-26,unsold_cooked,0.18,25.08,routine
14319,1,2022-10-26,spoilage,0.04,5.44,routine
14320,1,2022-10-26,returned_order,0.02,3.0,routine
14321,2,2022-10-26,prep_waste,0.37,39.36,routine
14322,2,2022-10-26,unsold_cooked,0.16,22.39,routine
14323,2,2022-10-26,spoilage,0.08,11.04,routine
14324,2,2022-10-26,returned_order,0.02,2.21,routine
14325,1,2022-10-27,prep_waste,0.21,28.65,routine
14326,1,2022-10-27,unsold_cooked,0.17,24.21,routine
14327,1,2022-10-27,spoilage,0.07,7.81,routine
14328,1,2022-10-27,returned_order,0.87,129.42,routine
14329,2,2022-10-27,prep_waste,0.35,44.19,routine
14330,2,2022-10-27,unsold_cooked,0.14,16.84,routine
14331,2,2022-10-27,spoilage,0.05,5.56,routine
14332,2,2022-10-27,returned_order,0.02,2.78,routine
14333,1,2022-10-28,prep_waste,0.42,46.54,routine
14334,1,2022-10-28,unsold_cooked,0.11,14.31,routine
14335,1,2022-10-28,spoilage,0.04,4.95,routine
14336,1,2022-10-28,returned_order,0.02,2.24,routine
14337,2,2022-10-28,prep_waste,0.34,47.97,routine
14338,2,2022-10-28,unsold_cooked,0.16,19.1,routine
14339,2,2022-10-28,spoilage,0.08,10.67,routine
14340,2,2022-10-28,returned_order,0.02,2.56,routine
14341,1,2022-10-29,prep_waste,0.38,52.32,routine
14342,1,2022-10-29,unsold_cooked,0.22,26.11,routine
14343,1,2022-10-29,spoilage,0.06,6.06,routine
14344,1,2022-10-29,returned_order,0.02,2.52,routine
14345,2,2022-10-29,prep_waste,0.26,33.95,routine
14346,2,2022-10-29,unsold_cooked,0.12,13.85,routine
14347,2,2022-10-29,spoilage,0.04,6.34,routine
14348,2,2022-10-29,returned_order,0.02,2.34,routine
14349,1,2022-10-30,prep_waste,0.38,56.11,routine
14350,1,2022-10-30,unsold_cooked,0.16,19.95,routine
14351,1,2022-10-30,spoilage,0.06,7.97,routine
14352,1,2022-10-30,returned_order,1.56,172.11,routine
14353,2,2022-10-30,prep_waste,0.34,36.61,routine
14354,2,2022-10-30,unsold_cooked,0.24,26.09,routine
14355,2,2022-10-30,spoilage,0.05,6.03,routine
14356,2,2022-10-30,returned_order,0.02,2.84,routine
14357,1,2022-10-31,prep_waste,0.24,32.25,routine
14358,1,2022-10-31,unsold_cooked,0.2,23.25,routine
14359,1,2022-10-31,spoilage,0.06,8.75,routine
14360,1,2022-10-31,returned_order,0.02,2.52,routine
14361,2,2022-10-31,prep_waste,0.34,45.16,routine
14362,2,2022-10-31,unsold_cooked,0.19,22.3,routine
14363,2,2022-10-31,spoilage,0.08,11.92,routine
14364,2,2022-10-31,returned_order,0.02,2.95,routine
14365,1,2022-11-01,prep_waste,0.34,38.58,routine
14366,1,2022-11-01,unsold_cooked,0.14,19.97,routine
14367,1,2022-11-01,spoilage,0.08,10.26,routine
14368,1,2022-11-01,returned_order,0.02,2.52,routine
14369,2,2022-11-01,prep_waste,0.35,45.85,routine
14370,2,2022-11-01,unsold_cooked,0.16,19.38,routine
14371,2,2022-11-01,spoilage,0.07,7.4,routine
14372,2,2022-11-01,returned_order,0.02,2.24,routine
14373,1,2022-11-02,prep_waste,0.23,25.25,routine
14374,1,2022-11-02,unsold_cooked,0.12,13.64,routine
14375,1,2022-11-02,spoilage,0.06,8.02,routine
14376,1,2022-11-02,returned_order,0.02,2.18,routine
14377,2,2022-11-02,prep_waste,0.32,48.06,routine
14378,2,2022-11-02,unsold_cooked,0.18,24.79,routine
14379,2,2022-11-02,spoilage,0.08,8.8,routine
14380,2,2022-11-02,returned_order,0.02,2.23,routine
14381,1,2022-11-03,prep_waste,0.3,44.56,routine
14382,1,2022-11-03,unsold_cooked,0.23,30.69,routine
14383,1,2022-11-03,spoilage,0.07,10.13,routine
14384,1,2022-11-03,returned_order,0.02,2.45,routine
14385,2,2022-11-03,prep_waste,0.44,50.46,routine
14386,2,2022-11-03,unsold_cooked,0.18,23.98,routine
14387,2,2022-11-03,spoilage,0.05,6.89,routine
14388,2,2022-11-03,returned_order,0.02,2.54,routine
14389,1,2022-11-04,prep_waste,0.43,57.33,routine
14390,1,2022-11-04,unsold_cooked,0.23,32.29,routine
14391,1,2022-11-04,spoilage,0.06,8.97,routine
14392,1,2022-11-04,returned_order,0.02,2.6,routine
14393,2,2022-11-04,prep_waste,0.42,59.99,routine
14394,2,2022-11-04,unsold_cooked,0.18,25.84,routine
14395,2,2022-11-04,spoilage,0.07,11.26,routine
14396,2,2022-11-04,returned_order,0.75,114.88,routine
14397,1,2022-11-05,prep_waste,0.19,25.89,routine
14398,1,2022-11-05,unsold_cooked,0.18,24.89,routine
14399,1,2022-11-05,spoilage,0.04,5.99,routine
14400,1,2022-11-05,returned_order,0.02,2.23,routine
14401,2,2022-11-05,prep_waste,0.37,38.55,routine
14402,2,2022-11-05,unsold_cooked,0.23,29.41,routine
14403,2,2022-11-05,spoilage,0.06,8.45,routine
14404,2,2022-11-05,returned_order,0.02,2.31,routine
14405,1,2022-11-06,prep_waste,0.32,39.11,routine
14406,1,2022-11-06,unsold_cooked,0.15,22.7,routine
14407,1,2022-11-06,spoilage,0.04,5.92,routine
14408,1,2022-11-06,returned_order,0.66,101.72,routine
14409,2,2022-11-06,prep_waste,0.44,52.77,routine
14410,2,2022-11-06,unsold_cooked,0.16,18.02,routine
14411,2,2022-11-06,spoilage,0.07,9.41,routine
14412,2,2022-11-06,returned_order,0.02,2.55,routine
14413,1,2022-11-07,prep_waste,0.38,58.58,routine
14414,1,2022-11-07,unsold_cooked,0.14,18.61,routine
14415,1,2022-11-07,spoilage,0.07,8.94,routine
14416,1,2022-11-07,returned_order,0.02,2.11,routine
14417,2,2022-11-07,prep_waste,0.27,39.87,routine
14418,2,2022-11-07,unsold_cooked,0.14,16.8,routine
14419,2,2022-11-07,spoilage,0.06,8.74,routine
14420,2,2022-11-07,returned_order,0.02,2.37,routine
14421,1,2022-11-08,prep_waste,0.21,31.29,routine
14422,1,2022-11-08,unsold_cooked,0.12,17.25,routine
14423,1,2022-11-08,spoilage,0.04,6.34,routine
14424,1,2022-11-08,returned_order,0.81,113.77,routine
14425,2,2022-11-08,prep_waste,0.41,43.08,routine
14426,2,2022-11-08,unsold_cooked,0.23,31.71,routine
14427,2,2022-11-08,spoilage,0.03,4.69,routine
14428,2,2022-11-08,returned_order,0.02,2.92,routine
14429,1,2022-11-09,prep_waste,0.27,30.16,routine
14430,1,2022-11-09,unsold_cooked,0.16,19.88,routine
14431,1,2022-11-09,spoilage,0.06,9.68,routine
14432,1,2022-11-09,returned_order,0.02,2.34,routine
14433,2,2022-11-09,prep_waste,0.29,43.57,routine
14434,2,2022-11-09,unsold_cooked,0.21,23.49,routine
14435,2,2022-11-09,spoilage,0.06,7.69,routine
14436,2,2022-11-09,returned_order,0.02,2.85,routine
14437,1,2022-11-10,prep_waste,0.38,43.79,routine
14438,1,2022-11-10,unsold_cooked,0.2,29.21,routine
14439,1,2022-11-10,spoilage,0.06,8.03,routine
14440,1,2022-11-10,returned_order,0.75,114.64,routine
14441,2,2022-11-10,prep_waste,0.39,42.02,routine
14442,2,2022-11-10,unsold_cooked,0.2,28.94,routine
14443,2,2022-11-10,spoilage,0.04,5.54,routine
14444,2,2022-11-10,returned_order,0.02,2.21,routine
14445,1,2022-11-11,prep_waste,0.41,62.42,routine
14446,1,2022-11-11,unsold_cooked,0.1,14.73,routine
14447,1,2022-11-11,spoilage,0.05,7.22,routine
14448,1,2022-11-11,returned_order,0.66,92.34,routine
14449,2,2022-11-11,prep_waste,0.38,54.72,routine
14450,2,2022-11-11,unsold_cooked,0.1,14.81,routine
14451,2,2022-11-11,spoilage,0.03,4.61,routine
14452,2,2022-11-11,returned_order,0.02,2.14,routine
14453,1,2022-11-12,prep_waste,0.29,40.2,routine
14454,1,2022-11-12,unsold_cooked,0.12,15.43,routine
14455,1,2022-11-12,spoilage,0.04,4.68,routine
14456,1,2022-11-12,returned_order,1.49,183.47,routine
14457,2,2022-11-12,prep_waste,0.29,34.19,routine
14458,2,2022-11-12,unsold_cooked,0.12,14.92,routine
14459,2,2022-11-12,spoilage,0.04,6.65,routine
14460,2,2022-11-12,returned_order,0.02,2.89,routine
14461,1,2022-11-13,prep_waste,0.41,52.26,routine
14462,1,2022-11-13,unsold_cooked,0.18,19.44,routine
14463,1,2022-11-13,spoilage,0.04,4.23,routine
14464,1,2022-11-13,returned_order,0.67,98.11,routine
14465,2,2022-11-13,prep_waste,0.31,38.62,routine
14466,2,2022-11-13,unsold_cooked,0.19,23.99,routine
14467,2,2022-11-13,spoilage,0.04,4.49,routine
14468,2,2022-11-13,returned_order,0.72,109.47,routine
14469,1,2022-11-14,prep_waste,0.2,25.91,routine
14470,1,2022-11-14,unsold_cooked,0.1,14.13,routine
14471,1,2022-11-14,spoilage,0.06,9.16,routine
14472,1,2022-11-14,returned_order,0.02,2.11,routine
14473,2,2022-11-14,prep_waste,0.27,37.67,routine
14474,2,2022-11-14,unsold_cooked,0.24,30.35,routine
14475,2,2022-11-14,spoilage,0.04,5.2,routine
14476,2,2022-11-14,returned_order,0.02,2.71,routine
14477,1,2022-11-15,prep_waste,0.3,31.69,routine
14478,1,2022-11-15,unsold_cooked,0.21,26.21,routine
14479,1,2022-11-15,spoilage,0.05,6.54,routine
14480,1,2022-11-15,returned_order,0.02,2.14,routine
14481,2,2022-11-15,prep_waste,0.21,30.51,routine
14482,2,2022-11-15,unsold_cooked,0.17,19.06,routine
14483,2,2022-11-15,spoilage,0.07,8.11,routine
14484,2,2022-11-15,returned_order,0.02,2.6,routine
14485,1,2022-11-16,prep_waste,0.34,36.85,routine
14486,1,2022-11-16,unsold_cooked,0.21,23.84,routine
14487,1,2022-11-16,spoilage,0.05,6.19,routine
14488,1,2022-11-16,returned_order,0.02,3.09,routine
14489,2,2022-11-16,prep_waste,0.3,42.2,routine
14490,2,2022-11-16,unsold_cooked,0.24,30.27,routine
14491,2,2022-11-16,spoilage,0.05,7.23,routine
14492,2,2022-11-16,returned_order,0.02,2.74,routine
14493,1,2022-11-17,prep_waste,0.23,32.21,routine
14494,1,2022-11-17,unsold_cooked,0.23,32.18,routine
14495,1,2022-11-17,spoilage,0.06,7.61,routine
14496,1,2022-11-17,returned_order,0.02,2.51,routine
14497,2,2022-11-17,prep_waste,0.42,53.74,routine
14498,2,2022-11-17,unsold_cooked,0.14,18.58,routine
14499,2,2022-11-17,spoilage,0.04,5.95,routine
14500,2,2022-11-17,returned_order,0.02,2.98,routine
14501,1,2022-11-18,prep_waste,0.41,59.86,routine
14502,1,2022-11-18,unsold_cooked,0.17,21.53,routine
14503,1,2022-11-18,spoilage,0.07,9.29,routine
14504,1,2022-11-18,returned_order,0.65,77.59,routine
14505,2,2022-11-18,prep_waste,0.24,32.32,routine
14506,2,2022-11-18,unsold_cooked,0.18,21.53,routine
14507,2,2022-11-18,spoilage,0.06,7.32,routine
14508,2,2022-11-18,returned_order,0.02,2.42,routine
14509,1,2022-11-19,prep_waste,0.37,45.06,routine
14510,1,2022-11-19,unsold_cooked,0.27,32.25,routine
14511,1,2022-11-19,spoilage,0.08,9.37,routine
14512,1,2022-11-19,returned_order,0.02,2.76,routine
14513,2,2022-11-19,prep_waste,0.37,48.92,routine
14514,2,2022-11-19,unsold_cooked,0.2,24.21,routine
14515,2,2022-11-19,spoilage,0.03,4.63,routine
14516,2,2022-11-19,returned_order,0.02,2.4,routine
14517,1,2022-11-20,prep_waste,0.24,33.71,routine
14518,1,2022-11-20,unsold_cooked,0.21,28.31,routine
14519,1,2022-11-20,spoilage,0.04,5.21,routine
14520,1,2022-11-20,returned_order,0.02,2.78,routine
14521,2,2022-11-20,prep_waste,0.25,35.83,routine
14522,2,2022-11-20,unsold_cooked,0.17,19.85,routine
14523,2,2022-11-20,spoilage,0.08,8.65,routine
14524,2,2022-11-20,returned_order,0.02,2.46,routine
14525,1,2022-11-21,prep_waste,0.4,41.97,routine
14526,1,2022-11-21,unsold_cooked,0.11,11.42,routine
14527,1,2022-11-21,spoilage,0.05,7.52,routine
14528,1,2022-11-21,returned_order,0.02,2.84,routine
14529,2,2022-11-21,prep_waste,0.36,50.88,routine
14530,2,2022-11-21,unsold_cooked,0.12,17.44,routine
14531,2,2022-11-21,spoilage,0.05,5.63,routine
14532,2,2022-11-21,returned_order,0.86,115.94,routine
14533,1,2022-11-22,prep_waste,0.37,44.22,routine
14534,1,2022-11-22,unsold_cooked,0.15,18.95,routine
14535,1,2022-11-22,spoilage,0.07,8.3,routine
14536,1,2022-11-22,returned_order,0.02,3.07,routine
14537,2,2022-11-22,prep_waste,0.42,61.39,routine
14538,2,2022-11-22,unsold_cooked,0.19,25.38,routine
14539,2,2022-11-22,spoilage,0.06,6.18,routine
14540,2,2022-11-22,returned_order,0.87,95.28,routine
14541,1,2022-11-23,prep_waste,0.22,30.31,routine
14542,1,2022-11-23,unsold_cooked,0.22,23.62,routine
14543,1,2022-11-23,spoilage,0.04,5.13,routine
14544,1,2022-11-23,returned_order,0.02,2.87,routine
14545,2,2022-11-23,prep_waste,0.35,43.18,routine
14546,2,2022-11-23,unsold_cooked,0.18,26.37,routine
14547,2,2022-11-23,spoilage,0.04,5.18,routine
14548,2,2022-11-23,returned_order,0.02,2.98,routine
14549,1,2022-11-24,prep_waste,0.27,35.68,routine
14550,1,2022-11-24,unsold_cooked,0.24,32.2,routine
14551,1,2022-11-24,spoilage,0.06,8.88,routine
14552,1,2022-11-24,returned_order,0.66,73.41,routine
14553,2,2022-11-24,prep_waste,0.35,51.35,routine
14554,2,2022-11-24,unsold_cooked,0.16,23.02,routine
14555,2,2022-11-24,spoilage,0.08,8.34,routine
14556,2,2022-11-24,returned_order,0.02,2.8,routine
14557,1,2022-11-25,prep_waste,0.4,42.69,routine
14558,1,2022-11-25,unsold_cooked,0.27,38.92,routine
14559,1,2022-11-25,spoilage,0.06,5.89,routine
14560,1,2022-11-25,returned_order,0.02,2.4,routine
14561,2,2022-11-25,prep_waste,0.38,54.73,routine
14562,2,2022-11-25,unsold_cooked,0.11,15.75,routine
14563,2,2022-11-25,spoilage,0.08,11.31,routine
14564,2,2022-11-25,returned_order,0.02,2.6,routine
14565,1,2022-11-26,prep_waste,0.21,30.07,routine
14566,1,2022-11-26,unsold_cooked,0.23,32.55,routine
14567,1,2022-11-26,spoilage,0.06,6.81,routine
14568,1,2022-11-26,returned_order,0.02,2.65,routine
14569,2,2022-11-26,prep_waste,0.38,39.96,routine
14570,2,2022-11-26,unsold_cooked,0.2,30.45,routine
14571,2,2022-11-26,spoilage,0.08,12.12,routine
14572,2,2022-11-26,returned_order,0.02,2.94,routine
14573,1,2022-11-27,prep_waste,0.37,41.15,routine
14574,1,2022-11-27,unsold_cooked,0.12,13.92,routine
14575,1,2022-11-27,spoilage,0.04,4.12,routine
14576,1,2022-11-27,returned_order,0.02,2.1,routine
14577,2,2022-11-27,prep_waste,0.41,43.07,routine
14578,2,2022-11-27,unsold_cooked,0.17,18.51,routine
14579,2,2022-11-27,spoilage,0.04,4.7,routine
14580,2,2022-11-27,returned_order,0.69,74.44,routine
14581,1,2022-11-28,prep_waste,0.4,50.12,routine
14582,1,2022-11-28,unsold_cooked,0.21,23.43,routine
14583,1,2022-11-28,spoilage,0.06,8.92,routine
14584,1,2022-11-28,returned_order,0.75,100.16,routine
14585,2,2022-11-28,prep_waste,0.23,25.39,routine
14586,2,2022-11-28,unsold_cooked,0.15,22.18,routine
14587,2,2022-11-28,spoilage,0.07,8.43,routine
14588,2,2022-11-28,returned_order,0.02,2.23,routine
14589,1,2022-11-29,prep_waste,0.18,25.88,routine
14590,1,2022-11-29,unsold_cooked,0.2,21.17,routine
14591,1,2022-11-29,spoilage,0.06,8.54,routine
14592,1,2022-11-29,returned_order,0.02,2.53,routine
14593,2,2022-11-29,prep_waste,0.22,28.69,routine
14594,2,2022-11-29,unsold_cooked,0.13,14.47,routine
14595,2,2022-11-29,spoilage,0.05,7.0,routine
14596,2,2022-11-29,returned_order,0.02,2.58,routine
14597,1,2022-11-30,prep_waste,0.26,30.52,routine
14598,1,2022-11-30,unsold_cooked,0.12,16.04,routine
14599,1,2022-11-30,spoilage,0.06,7.35,routine
14600,1,2022-11-30,returned_order,0.02,2.37,routine
14601,2,2022-11-30,prep_waste,0.25,27.49,routine
14602,2,2022-11-30,unsold_cooked,0.2,29.9,routine
14603,2,2022-11-30,spoilage,0.05,5.13,routine
14604,2,2022-11-30,returned_order,0.02,3.09,routine
